ISO-10303-21;
HEADER;
/* Generated by software containing ST-Developer
 * from STEP Tools, Inc. (www.steptools.com) 
 */

FILE_DESCRIPTION(
/* description */ (''),
/* implementation_level */ '2;1');

FILE_NAME(
/* name */ 'S02_JST-SH-4pin.stp',
/* time_stamp */ '2024-11-11T13:23:56+01:00',
/* author */ ('PaulT'),
/* organization */ (''),
/* preprocessor_version */ 'ST-DEVELOPER v20',
/* originating_system */ 'Autodesk Inventor 2025',
/* authorisation */ '');

FILE_SCHEMA (('AUTOMOTIVE_DESIGN { 1 0 10303 214 3 1 1 }'));
ENDSEC;

DATA;
#10=MECHANICAL_DESIGN_GEOMETRIC_PRESENTATION_REPRESENTATION('',(#66,#67,
#68),#7925);
#11=CONTEXT_DEPENDENT_OVER_RIDING_STYLED_ITEM('',(#7961),#7943,#68,(#26));
#12=CONTEXT_DEPENDENT_OVER_RIDING_STYLED_ITEM('',(#7960),#7942,#68,(#23));
#13=CONTEXT_DEPENDENT_OVER_RIDING_STYLED_ITEM('',(#7961),#7943,#68,(#27));
#14=CONTEXT_DEPENDENT_OVER_RIDING_STYLED_ITEM('',(#7961),#7943,#68,(#24));
#15=CONTEXT_DEPENDENT_OVER_RIDING_STYLED_ITEM('',(#7961),#7943,#68,(#25));
#16=MAPPED_ITEM('',#17,#5130);
#17=REPRESENTATION_MAP(#5130,#7941);
#18=ITEM_DEFINED_TRANSFORMATION($,$,#4757,#5125);
#19=ITEM_DEFINED_TRANSFORMATION($,$,#4994,#5126);
#20=ITEM_DEFINED_TRANSFORMATION($,$,#4994,#5127);
#21=ITEM_DEFINED_TRANSFORMATION($,$,#4994,#5128);
#22=ITEM_DEFINED_TRANSFORMATION($,$,#4994,#5129);
#23=(
REPRESENTATION_RELATIONSHIP($,$,#7942,#7941)
REPRESENTATION_RELATIONSHIP_WITH_TRANSFORMATION(#18)
SHAPE_REPRESENTATION_RELATIONSHIP()
);
#24=(
REPRESENTATION_RELATIONSHIP($,$,#7943,#7941)
REPRESENTATION_RELATIONSHIP_WITH_TRANSFORMATION(#19)
SHAPE_REPRESENTATION_RELATIONSHIP()
);
#25=(
REPRESENTATION_RELATIONSHIP($,$,#7943,#7941)
REPRESENTATION_RELATIONSHIP_WITH_TRANSFORMATION(#20)
SHAPE_REPRESENTATION_RELATIONSHIP()
);
#26=(
REPRESENTATION_RELATIONSHIP($,$,#7943,#7941)
REPRESENTATION_RELATIONSHIP_WITH_TRANSFORMATION(#21)
SHAPE_REPRESENTATION_RELATIONSHIP()
);
#27=(
REPRESENTATION_RELATIONSHIP($,$,#7943,#7941)
REPRESENTATION_RELATIONSHIP_WITH_TRANSFORMATION(#22)
SHAPE_REPRESENTATION_RELATIONSHIP()
);
#28=CONTEXT_DEPENDENT_SHAPE_REPRESENTATION(#23,#7936);
#29=CONTEXT_DEPENDENT_SHAPE_REPRESENTATION(#24,#7937);
#30=CONTEXT_DEPENDENT_SHAPE_REPRESENTATION(#25,#7938);
#31=CONTEXT_DEPENDENT_SHAPE_REPRESENTATION(#26,#7939);
#32=CONTEXT_DEPENDENT_SHAPE_REPRESENTATION(#27,#7940);
#33=NEXT_ASSEMBLY_USAGE_OCCURRENCE('JST_SHR-04V-S-B.1',
'JST_SHR-04V-S-B.1','JST_SHR-04V-S-B.1',#7945,#7946,'JST_SHR-04V-S-B.1');
#34=NEXT_ASSEMBLY_USAGE_OCCURRENCE('JST_SSH-003T-P0.2-H.1',
'JST_SSH-003T-P0.2-H.1','JST_SSH-003T-P0.2-H.1',#7945,#7947,
'JST_SSH-003T-P0.2-H.1');
#35=NEXT_ASSEMBLY_USAGE_OCCURRENCE('JST_SSH-003T-P0.2-H.2',
'JST_SSH-003T-P0.2-H.2','JST_SSH-003T-P0.2-H.2',#7945,#7947,
'JST_SSH-003T-P0.2-H.2');
#36=NEXT_ASSEMBLY_USAGE_OCCURRENCE('JST_SSH-003T-P0.2-H.3',
'JST_SSH-003T-P0.2-H.3','JST_SSH-003T-P0.2-H.3',#7945,#7947,
'JST_SSH-003T-P0.2-H.3');
#37=NEXT_ASSEMBLY_USAGE_OCCURRENCE('JST_SSH-003T-P0.2-H.4',
'JST_SSH-003T-P0.2-H.4','JST_SSH-003T-P0.2-H.4',#7945,#7947,
'JST_SSH-003T-P0.2-H.4');
#38=ELLIPSE('',#5004,0.515388203202208,0.5);
#39=ELLIPSE('',#5006,0.102865780494776,0.0996246931205417);
#40=ELLIPSE('',#5009,0.10286557396816,0.0996243034354142);
#41=ELLIPSE('',#5055,0.0507721451736427,0.0500006812518687);
#42=ELLIPSE('',#5056,0.050772145173642,0.0500006812518676);
#43=ELLIPSE('',#5059,0.412310562561767,0.4);
#44=ELLIPSE('',#5069,0.309233804572659,0.300000275464431);
#45=ELLIPSE('',#5093,0.309233946752742,0.300000287637856);
#46=ELLIPSE('',#5097,1.72763114494309,0.3);
#47=ELLIPSE('',#5098,1.72763114494309,0.3);
#48=ELLIPSE('',#5103,1.72763114494309,0.3);
#49=ELLIPSE('',#5105,1.72763114494309,0.3);
#50=ELLIPSE('',#5110,0.0507713305942873,0.0500000000000001);
#51=ELLIPSE('',#5112,0.0507713305942873,0.05);
#52=ELLIPSE('',#5115,0.0507713305942873,0.05);
#53=ELLIPSE('',#5118,0.0507713305942873,0.0500000000000001);
#54=B_SPLINE_CURVE_WITH_KNOTS('',3,(#7391,#7392,#7393,#7394,#7395,#7396,
#7397,#7398,#7399,#7400,#7401,#7402,#7403,#7404,#7405,#7406,#7407,#7408,
#7409,#7410,#7411,#7412,#7413,#7414,#7415,#7416,#7417,#7418,#7419,#7420,
#7421),.UNSPECIFIED.,.F.,.F.,(4,3,3,3,3,3,3,3,3,3,4),(0.0560364869701096,
0.174716159763894,0.297413287436848,0.425654381189334,0.556455677561173,
0.688378288529853,0.819610376004274,0.946909838061162,1.07118576589343,
1.19049386598106,1.25539784270381),.UNSPECIFIED.);
#55=B_SPLINE_CURVE_WITH_KNOTS('',3,(#7438,#7439,#7440,#7441,#7442,#7443,
#7444,#7445,#7446,#7447,#7448,#7449,#7450,#7451,#7452,#7453,#7454,#7455,
#7456,#7457,#7458,#7459,#7460,#7461,#7462,#7463,#7464,#7465,#7466,#7467,
#7468),.UNSPECIFIED.,.F.,.F.,(4,3,3,3,3,3,3,3,3,3,4),(0.0560603526730425,
0.17473871930782,0.297473977188237,0.425826687899703,0.556782717341696,
0.688877303590422,0.820259380204472,0.947633398462544,1.07193821583299,
1.19122805425212,1.25534726887783),.UNSPECIFIED.);
#56=B_SPLINE_CURVE_WITH_KNOTS('',3,(#7600,#7601,#7602,#7603),
 .UNSPECIFIED.,.F.,.F.,(4,4),(0.,0.970575519706017),.UNSPECIFIED.);
#57=B_SPLINE_CURVE_WITH_KNOTS('',3,(#7613,#7614,#7615,#7616),
 .UNSPECIFIED.,.F.,.F.,(4,4),(0.,0.970575519706017),.UNSPECIFIED.);
#58=B_SPLINE_CURVE_WITH_KNOTS('',3,(#7631,#7632,#7633,#7634,#7635,#7636,
#7637,#7638,#7639,#7640,#7641,#7642,#7643,#7644,#7645,#7646,#7647,#7648,
#7649,#7650,#7651,#7652,#7653,#7654,#7655,#7656,#7657,#7658),
 .UNSPECIFIED.,.F.,.F.,(4,3,3,3,3,3,3,3,3,4),(0.,0.136422765181969,0.282475771328662,
0.432356382909272,0.585873219056215,0.740472422518308,0.890746704221638,
1.03692297103727,1.17554878868183,1.30484681435552),.UNSPECIFIED.);
#59=B_SPLINE_CURVE_WITH_KNOTS('',3,(#7681,#7682,#7683,#7684,#7685,#7686,
#7687,#7688,#7689,#7690,#7691,#7692,#7693,#7694,#7695,#7696,#7697,#7698,
#7699,#7700,#7701,#7702,#7703,#7704,#7705,#7706,#7707,#7708),
 .UNSPECIFIED.,.F.,.F.,(4,3,3,3,3,3,3,3,3,4),(0.,0.125595754800246,0.260089153832232,
0.39834932368728,0.540076391448647,0.682832192176791,0.821442562459437,
0.956158354385358,1.08378656695476,1.20154294705613),.UNSPECIFIED.);
#60=B_SPLINE_CURVE_WITH_KNOTS('',3,(#7759,#7760,#7761,#7762,#7763,#7764),
 .UNSPECIFIED.,.F.,.F.,(4,2,4),(-0.0172641650185037,-0.0161273403060778,
-0.0135896760993016),.UNSPECIFIED.);
#61=B_SPLINE_CURVE_WITH_KNOTS('',3,(#7775,#7776,#7777,#7778,#7779,#7780),
 .UNSPECIFIED.,.F.,.F.,(4,2,4),(0.0454411500158033,0.0465779747282291,0.0491156332578759),
 .UNSPECIFIED.);
#62=SHAPE_REPRESENTATION_RELATIONSHIP('SRR','None',#7942,#64);
#63=SHAPE_REPRESENTATION_RELATIONSHIP('SRR','None',#7943,#65);
#64=ADVANCED_BREP_SHAPE_REPRESENTATION('',(#69),#7923);
#65=ADVANCED_BREP_SHAPE_REPRESENTATION('',(#70),#7924);
#66=STYLED_ITEM('',(#7964),#69);
#67=STYLED_ITEM('',(#7966),#70);
#68=STYLED_ITEM('',(#7967),#16);
#69=MANIFOLD_SOLID_BREP('Solid1',#4710);
#70=MANIFOLD_SOLID_BREP('Solid1',#4711);
#71=CYLINDRICAL_SURFACE('',#4817,0.15);
#72=CYLINDRICAL_SURFACE('',#4821,0.15);
#73=CYLINDRICAL_SURFACE('',#4825,0.15);
#74=CYLINDRICAL_SURFACE('',#4829,0.15);
#75=CYLINDRICAL_SURFACE('',#4848,0.15);
#76=CYLINDRICAL_SURFACE('',#4870,0.15);
#77=CYLINDRICAL_SURFACE('',#4873,0.15);
#78=CYLINDRICAL_SURFACE('',#4875,0.15);
#79=CYLINDRICAL_SURFACE('',#4888,0.15);
#80=CYLINDRICAL_SURFACE('',#4891,0.15);
#81=CYLINDRICAL_SURFACE('',#4895,0.15);
#82=CYLINDRICAL_SURFACE('',#4899,0.15);
#83=CYLINDRICAL_SURFACE('',#4903,0.15);
#84=CYLINDRICAL_SURFACE('',#4906,0.15);
#85=CYLINDRICAL_SURFACE('',#4925,0.15);
#86=CYLINDRICAL_SURFACE('',#4932,0.15);
#87=CYLINDRICAL_SURFACE('',#4934,0.15);
#88=CYLINDRICAL_SURFACE('',#4938,0.15);
#89=CYLINDRICAL_SURFACE('',#4941,0.15);
#90=CYLINDRICAL_SURFACE('',#4945,0.15);
#91=CYLINDRICAL_SURFACE('',#4947,0.15);
#92=CYLINDRICAL_SURFACE('',#4955,0.15);
#93=CYLINDRICAL_SURFACE('',#4960,0.15);
#94=CYLINDRICAL_SURFACE('',#4963,0.15);
#95=CYLINDRICAL_SURFACE('',#4966,0.15);
#96=CYLINDRICAL_SURFACE('',#4969,0.15);
#97=CYLINDRICAL_SURFACE('',#4973,0.15);
#98=CYLINDRICAL_SURFACE('',#4974,0.15);
#99=CYLINDRICAL_SURFACE('',#4976,0.15);
#100=CYLINDRICAL_SURFACE('',#4977,0.15);
#101=CYLINDRICAL_SURFACE('',#4979,0.15);
#102=CYLINDRICAL_SURFACE('',#4980,0.15);
#103=CYLINDRICAL_SURFACE('',#4982,0.15);
#104=CYLINDRICAL_SURFACE('',#4984,0.15);
#105=CYLINDRICAL_SURFACE('',#4995,0.5);
#106=CYLINDRICAL_SURFACE('',#4997,0.1);
#107=CYLINDRICAL_SURFACE('',#5000,0.1);
#108=CYLINDRICAL_SURFACE('',#5003,0.5);
#109=CYLINDRICAL_SURFACE('',#5005,0.1);
#110=CYLINDRICAL_SURFACE('',#5008,0.1);
#111=CYLINDRICAL_SURFACE('',#5011,0.5);
#112=CYLINDRICAL_SURFACE('',#5012,0.1);
#113=CYLINDRICAL_SURFACE('',#5013,0.1);
#114=CYLINDRICAL_SURFACE('',#5030,0.3);
#115=CYLINDRICAL_SURFACE('',#5034,0.05);
#116=CYLINDRICAL_SURFACE('',#5042,0.05);
#117=CYLINDRICAL_SURFACE('',#5043,0.500000000000083);
#118=CYLINDRICAL_SURFACE('',#5048,0.500000000000083);
#119=CYLINDRICAL_SURFACE('',#5049,0.05);
#120=CYLINDRICAL_SURFACE('',#5050,0.0500000000000001);
#121=CYLINDRICAL_SURFACE('',#5052,0.4);
#122=CYLINDRICAL_SURFACE('',#5057,0.4);
#123=CYLINDRICAL_SURFACE('',#5058,0.4);
#124=CYLINDRICAL_SURFACE('',#5072,0.1);
#125=CYLINDRICAL_SURFACE('',#5075,0.1);
#126=CYLINDRICAL_SURFACE('',#5078,0.1);
#127=CYLINDRICAL_SURFACE('',#5082,0.1);
#128=CYLINDRICAL_SURFACE('',#5085,0.1);
#129=CYLINDRICAL_SURFACE('',#5088,0.1);
#130=CYLINDRICAL_SURFACE('',#5096,0.3);
#131=CYLINDRICAL_SURFACE('',#5102,0.3);
#132=CYLINDRICAL_SURFACE('',#5106,0.3);
#133=CYLINDRICAL_SURFACE('',#5114,0.05);
#134=CYLINDRICAL_SURFACE('',#5117,0.0500000000000001);
#135=CIRCLE('',#4768,0.15);
#136=CIRCLE('',#4769,0.15);
#137=CIRCLE('',#4771,0.15);
#138=CIRCLE('',#4772,0.15);
#139=CIRCLE('',#4774,0.15);
#140=CIRCLE('',#4775,0.15);
#141=CIRCLE('',#4776,0.15);
#142=CIRCLE('',#4777,0.15);
#143=CIRCLE('',#4778,0.15);
#144=CIRCLE('',#4779,0.15);
#145=CIRCLE('',#4780,0.15);
#146=CIRCLE('',#4781,0.15);
#147=CIRCLE('',#4783,0.149999999999999);
#148=CIRCLE('',#4784,0.150000000000001);
#149=CIRCLE('',#4785,0.149999999999999);
#150=CIRCLE('',#4786,0.15);
#151=CIRCLE('',#4787,0.15);
#152=CIRCLE('',#4788,0.15);
#153=CIRCLE('',#4789,0.15);
#154=CIRCLE('',#4790,0.15);
#155=CIRCLE('',#4818,0.15);
#156=CIRCLE('',#4822,0.15);
#157=CIRCLE('',#4826,0.150000000000001);
#158=CIRCLE('',#4830,0.150000000000001);
#159=CIRCLE('',#4833,0.15);
#160=CIRCLE('',#4834,0.15);
#161=CIRCLE('',#4835,0.15);
#162=CIRCLE('',#4836,0.15);
#163=CIRCLE('',#4837,0.15);
#164=CIRCLE('',#4838,0.15);
#165=CIRCLE('',#4839,0.15);
#166=CIRCLE('',#4840,0.15);
#167=CIRCLE('',#4843,0.15);
#168=CIRCLE('',#4844,0.15);
#169=CIRCLE('',#4849,0.15);
#170=CIRCLE('',#4850,0.15);
#171=CIRCLE('',#4852,0.150000000000001);
#172=CIRCLE('',#4867,0.15);
#173=CIRCLE('',#4868,0.15);
#174=CIRCLE('',#4871,0.150000000000001);
#175=CIRCLE('',#4876,0.149999999999995);
#176=CIRCLE('',#4877,0.149999999999995);
#177=CIRCLE('',#4880,0.150000000000001);
#178=CIRCLE('',#4889,0.149999999999995);
#179=CIRCLE('',#4890,0.149999999999995);
#180=CIRCLE('',#4892,0.150000000000003);
#181=CIRCLE('',#4893,0.150000000000003);
#182=CIRCLE('',#4896,0.149999999999995);
#183=CIRCLE('',#4897,0.149999999999995);
#184=CIRCLE('',#4900,0.150000000000003);
#185=CIRCLE('',#4901,0.150000000000003);
#186=CIRCLE('',#4904,0.149999999999995);
#187=CIRCLE('',#4905,0.149999999999995);
#188=CIRCLE('',#4907,0.150000000000003);
#189=CIRCLE('',#4908,0.150000000000003);
#190=CIRCLE('',#4926,0.150000000000003);
#191=CIRCLE('',#4935,0.150000000000001);
#192=CIRCLE('',#4937,0.15);
#193=CIRCLE('',#4939,0.150000000000001);
#194=CIRCLE('',#4942,0.15);
#195=CIRCLE('',#4944,0.15);
#196=CIRCLE('',#4946,0.15);
#197=CIRCLE('',#4948,0.15);
#198=CIRCLE('',#4950,0.150000000000001);
#199=CIRCLE('',#4951,0.15);
#200=CIRCLE('',#4952,0.15);
#201=CIRCLE('',#4953,0.15);
#202=CIRCLE('',#4954,0.15);
#203=CIRCLE('',#4996,0.5);
#204=CIRCLE('',#4998,0.100081633609739);
#205=CIRCLE('',#4999,0.1);
#206=CIRCLE('',#5001,0.100081633609739);
#207=CIRCLE('',#5002,0.0999999999999995);
#208=CIRCLE('',#5007,0.100000562820527);
#209=CIRCLE('',#5010,0.100000560348906);
#210=CIRCLE('',#5015,0.500000000000082);
#211=CIRCLE('',#5016,0.0500000000000001);
#212=CIRCLE('',#5017,0.05);
#213=CIRCLE('',#5018,0.3);
#214=CIRCLE('',#5019,0.0500000000000001);
#215=CIRCLE('',#5020,0.0500000000000001);
#216=CIRCLE('',#5021,0.500000000000083);
#217=CIRCLE('',#5023,0.099999999999997);
#218=CIRCLE('',#5024,0.100000000000001);
#219=CIRCLE('',#5025,0.100000000000008);
#220=CIRCLE('',#5027,0.100000000000009);
#221=CIRCLE('',#5028,0.100000000000001);
#222=CIRCLE('',#5029,0.0999999999999965);
#223=CIRCLE('',#5031,0.3);
#224=CIRCLE('',#5032,0.3);
#225=CIRCLE('',#5033,0.3);
#226=CIRCLE('',#5035,0.05);
#227=CIRCLE('',#5039,0.500000000000084);
#228=CIRCLE('',#5040,0.05);
#229=CIRCLE('',#5045,0.05);
#230=CIRCLE('',#5046,0.0500000000000001);
#231=CIRCLE('',#5047,0.500000000000083);
#232=CIRCLE('',#5053,0.4);
#233=CIRCLE('',#5061,0.3);
#234=CIRCLE('',#5063,0.3);
#235=CIRCLE('',#5065,0.303493703327597);
#236=CIRCLE('',#5067,0.303493703327598);
#237=CIRCLE('',#5071,0.303580760366335);
#238=CIRCLE('',#5074,0.303580760366335);
#239=CIRCLE('',#5077,0.299999999999999);
#240=CIRCLE('',#5079,0.0999999999999965);
#241=CIRCLE('',#5081,0.299999999999994);
#242=CIRCLE('',#5083,0.099999999999997);
#243=CIRCLE('',#5086,0.1);
#244=CIRCLE('',#5089,0.100000000000001);
#245=CIRCLE('',#5099,0.300000000000004);
#246=CIRCLE('',#5104,0.300000000000001);
#247=FACE_BOUND('',#503,.T.);
#248=FACE_BOUND('',#513,.T.);
#249=FACE_BOUND('',#514,.T.);
#250=FACE_BOUND('',#515,.T.);
#251=FACE_BOUND('',#516,.T.);
#252=FACE_BOUND('',#588,.T.);
#253=FACE_BOUND('',#590,.T.);
#254=FACE_BOUND('',#592,.T.);
#255=FACE_BOUND('',#639,.T.);
#256=FACE_BOUND('',#640,.T.);
#257=FACE_BOUND('',#641,.T.);
#258=FACE_BOUND('',#642,.T.);
#259=FACE_BOUND('',#676,.T.);
#260=FACE_OUTER_BOUND('',#498,.T.);
#261=FACE_OUTER_BOUND('',#499,.T.);
#262=FACE_OUTER_BOUND('',#500,.T.);
#263=FACE_OUTER_BOUND('',#501,.T.);
#264=FACE_OUTER_BOUND('',#502,.T.);
#265=FACE_OUTER_BOUND('',#504,.T.);
#266=FACE_OUTER_BOUND('',#505,.T.);
#267=FACE_OUTER_BOUND('',#506,.T.);
#268=FACE_OUTER_BOUND('',#507,.T.);
#269=FACE_OUTER_BOUND('',#508,.T.);
#270=FACE_OUTER_BOUND('',#509,.T.);
#271=FACE_OUTER_BOUND('',#510,.T.);
#272=FACE_OUTER_BOUND('',#511,.T.);
#273=FACE_OUTER_BOUND('',#512,.T.);
#274=FACE_OUTER_BOUND('',#517,.T.);
#275=FACE_OUTER_BOUND('',#518,.T.);
#276=FACE_OUTER_BOUND('',#519,.T.);
#277=FACE_OUTER_BOUND('',#520,.T.);
#278=FACE_OUTER_BOUND('',#521,.T.);
#279=FACE_OUTER_BOUND('',#522,.T.);
#280=FACE_OUTER_BOUND('',#523,.T.);
#281=FACE_OUTER_BOUND('',#524,.T.);
#282=FACE_OUTER_BOUND('',#525,.T.);
#283=FACE_OUTER_BOUND('',#526,.T.);
#284=FACE_OUTER_BOUND('',#527,.T.);
#285=FACE_OUTER_BOUND('',#528,.T.);
#286=FACE_OUTER_BOUND('',#529,.T.);
#287=FACE_OUTER_BOUND('',#530,.T.);
#288=FACE_OUTER_BOUND('',#531,.T.);
#289=FACE_OUTER_BOUND('',#532,.T.);
#290=FACE_OUTER_BOUND('',#533,.T.);
#291=FACE_OUTER_BOUND('',#534,.T.);
#292=FACE_OUTER_BOUND('',#535,.T.);
#293=FACE_OUTER_BOUND('',#536,.T.);
#294=FACE_OUTER_BOUND('',#537,.T.);
#295=FACE_OUTER_BOUND('',#538,.T.);
#296=FACE_OUTER_BOUND('',#539,.T.);
#297=FACE_OUTER_BOUND('',#540,.T.);
#298=FACE_OUTER_BOUND('',#541,.T.);
#299=FACE_OUTER_BOUND('',#542,.T.);
#300=FACE_OUTER_BOUND('',#543,.T.);
#301=FACE_OUTER_BOUND('',#544,.T.);
#302=FACE_OUTER_BOUND('',#545,.T.);
#303=FACE_OUTER_BOUND('',#546,.T.);
#304=FACE_OUTER_BOUND('',#547,.T.);
#305=FACE_OUTER_BOUND('',#548,.T.);
#306=FACE_OUTER_BOUND('',#549,.T.);
#307=FACE_OUTER_BOUND('',#550,.T.);
#308=FACE_OUTER_BOUND('',#551,.T.);
#309=FACE_OUTER_BOUND('',#552,.T.);
#310=FACE_OUTER_BOUND('',#553,.T.);
#311=FACE_OUTER_BOUND('',#554,.T.);
#312=FACE_OUTER_BOUND('',#555,.T.);
#313=FACE_OUTER_BOUND('',#556,.T.);
#314=FACE_OUTER_BOUND('',#557,.T.);
#315=FACE_OUTER_BOUND('',#558,.T.);
#316=FACE_OUTER_BOUND('',#559,.T.);
#317=FACE_OUTER_BOUND('',#560,.T.);
#318=FACE_OUTER_BOUND('',#561,.T.);
#319=FACE_OUTER_BOUND('',#562,.T.);
#320=FACE_OUTER_BOUND('',#563,.T.);
#321=FACE_OUTER_BOUND('',#564,.T.);
#322=FACE_OUTER_BOUND('',#565,.T.);
#323=FACE_OUTER_BOUND('',#566,.T.);
#324=FACE_OUTER_BOUND('',#567,.T.);
#325=FACE_OUTER_BOUND('',#568,.T.);
#326=FACE_OUTER_BOUND('',#569,.T.);
#327=FACE_OUTER_BOUND('',#570,.T.);
#328=FACE_OUTER_BOUND('',#571,.T.);
#329=FACE_OUTER_BOUND('',#572,.T.);
#330=FACE_OUTER_BOUND('',#573,.T.);
#331=FACE_OUTER_BOUND('',#574,.T.);
#332=FACE_OUTER_BOUND('',#575,.T.);
#333=FACE_OUTER_BOUND('',#576,.T.);
#334=FACE_OUTER_BOUND('',#577,.T.);
#335=FACE_OUTER_BOUND('',#578,.T.);
#336=FACE_OUTER_BOUND('',#579,.T.);
#337=FACE_OUTER_BOUND('',#580,.T.);
#338=FACE_OUTER_BOUND('',#581,.T.);
#339=FACE_OUTER_BOUND('',#582,.T.);
#340=FACE_OUTER_BOUND('',#583,.T.);
#341=FACE_OUTER_BOUND('',#584,.T.);
#342=FACE_OUTER_BOUND('',#585,.T.);
#343=FACE_OUTER_BOUND('',#586,.T.);
#344=FACE_OUTER_BOUND('',#587,.T.);
#345=FACE_OUTER_BOUND('',#589,.T.);
#346=FACE_OUTER_BOUND('',#591,.T.);
#347=FACE_OUTER_BOUND('',#593,.T.);
#348=FACE_OUTER_BOUND('',#594,.T.);
#349=FACE_OUTER_BOUND('',#595,.T.);
#350=FACE_OUTER_BOUND('',#596,.T.);
#351=FACE_OUTER_BOUND('',#597,.T.);
#352=FACE_OUTER_BOUND('',#598,.T.);
#353=FACE_OUTER_BOUND('',#599,.T.);
#354=FACE_OUTER_BOUND('',#600,.T.);
#355=FACE_OUTER_BOUND('',#601,.T.);
#356=FACE_OUTER_BOUND('',#602,.T.);
#357=FACE_OUTER_BOUND('',#603,.T.);
#358=FACE_OUTER_BOUND('',#604,.T.);
#359=FACE_OUTER_BOUND('',#605,.T.);
#360=FACE_OUTER_BOUND('',#606,.T.);
#361=FACE_OUTER_BOUND('',#607,.T.);
#362=FACE_OUTER_BOUND('',#608,.T.);
#363=FACE_OUTER_BOUND('',#609,.T.);
#364=FACE_OUTER_BOUND('',#610,.T.);
#365=FACE_OUTER_BOUND('',#611,.T.);
#366=FACE_OUTER_BOUND('',#612,.T.);
#367=FACE_OUTER_BOUND('',#613,.T.);
#368=FACE_OUTER_BOUND('',#614,.T.);
#369=FACE_OUTER_BOUND('',#615,.T.);
#370=FACE_OUTER_BOUND('',#616,.T.);
#371=FACE_OUTER_BOUND('',#617,.T.);
#372=FACE_OUTER_BOUND('',#618,.T.);
#373=FACE_OUTER_BOUND('',#619,.T.);
#374=FACE_OUTER_BOUND('',#620,.T.);
#375=FACE_OUTER_BOUND('',#621,.T.);
#376=FACE_OUTER_BOUND('',#622,.T.);
#377=FACE_OUTER_BOUND('',#623,.T.);
#378=FACE_OUTER_BOUND('',#624,.T.);
#379=FACE_OUTER_BOUND('',#625,.T.);
#380=FACE_OUTER_BOUND('',#626,.T.);
#381=FACE_OUTER_BOUND('',#627,.T.);
#382=FACE_OUTER_BOUND('',#628,.T.);
#383=FACE_OUTER_BOUND('',#629,.T.);
#384=FACE_OUTER_BOUND('',#630,.T.);
#385=FACE_OUTER_BOUND('',#631,.T.);
#386=FACE_OUTER_BOUND('',#632,.T.);
#387=FACE_OUTER_BOUND('',#633,.T.);
#388=FACE_OUTER_BOUND('',#634,.T.);
#389=FACE_OUTER_BOUND('',#635,.T.);
#390=FACE_OUTER_BOUND('',#636,.T.);
#391=FACE_OUTER_BOUND('',#637,.T.);
#392=FACE_OUTER_BOUND('',#638,.T.);
#393=FACE_OUTER_BOUND('',#643,.T.);
#394=FACE_OUTER_BOUND('',#644,.T.);
#395=FACE_OUTER_BOUND('',#645,.T.);
#396=FACE_OUTER_BOUND('',#646,.T.);
#397=FACE_OUTER_BOUND('',#647,.T.);
#398=FACE_OUTER_BOUND('',#648,.T.);
#399=FACE_OUTER_BOUND('',#649,.T.);
#400=FACE_OUTER_BOUND('',#650,.T.);
#401=FACE_OUTER_BOUND('',#651,.T.);
#402=FACE_OUTER_BOUND('',#652,.T.);
#403=FACE_OUTER_BOUND('',#653,.T.);
#404=FACE_OUTER_BOUND('',#654,.T.);
#405=FACE_OUTER_BOUND('',#655,.T.);
#406=FACE_OUTER_BOUND('',#656,.T.);
#407=FACE_OUTER_BOUND('',#657,.T.);
#408=FACE_OUTER_BOUND('',#658,.T.);
#409=FACE_OUTER_BOUND('',#659,.T.);
#410=FACE_OUTER_BOUND('',#660,.T.);
#411=FACE_OUTER_BOUND('',#661,.T.);
#412=FACE_OUTER_BOUND('',#662,.T.);
#413=FACE_OUTER_BOUND('',#663,.T.);
#414=FACE_OUTER_BOUND('',#664,.T.);
#415=FACE_OUTER_BOUND('',#665,.T.);
#416=FACE_OUTER_BOUND('',#666,.T.);
#417=FACE_OUTER_BOUND('',#667,.T.);
#418=FACE_OUTER_BOUND('',#668,.T.);
#419=FACE_OUTER_BOUND('',#669,.T.);
#420=FACE_OUTER_BOUND('',#670,.T.);
#421=FACE_OUTER_BOUND('',#671,.T.);
#422=FACE_OUTER_BOUND('',#672,.T.);
#423=FACE_OUTER_BOUND('',#673,.T.);
#424=FACE_OUTER_BOUND('',#674,.T.);
#425=FACE_OUTER_BOUND('',#675,.T.);
#426=FACE_OUTER_BOUND('',#677,.T.);
#427=FACE_OUTER_BOUND('',#678,.T.);
#428=FACE_OUTER_BOUND('',#679,.T.);
#429=FACE_OUTER_BOUND('',#680,.T.);
#430=FACE_OUTER_BOUND('',#681,.T.);
#431=FACE_OUTER_BOUND('',#682,.T.);
#432=FACE_OUTER_BOUND('',#683,.T.);
#433=FACE_OUTER_BOUND('',#684,.T.);
#434=FACE_OUTER_BOUND('',#685,.T.);
#435=FACE_OUTER_BOUND('',#686,.T.);
#436=FACE_OUTER_BOUND('',#687,.T.);
#437=FACE_OUTER_BOUND('',#688,.T.);
#438=FACE_OUTER_BOUND('',#689,.T.);
#439=FACE_OUTER_BOUND('',#690,.T.);
#440=FACE_OUTER_BOUND('',#691,.T.);
#441=FACE_OUTER_BOUND('',#692,.T.);
#442=FACE_OUTER_BOUND('',#693,.T.);
#443=FACE_OUTER_BOUND('',#694,.T.);
#444=FACE_OUTER_BOUND('',#695,.T.);
#445=FACE_OUTER_BOUND('',#696,.T.);
#446=FACE_OUTER_BOUND('',#697,.T.);
#447=FACE_OUTER_BOUND('',#698,.T.);
#448=FACE_OUTER_BOUND('',#699,.T.);
#449=FACE_OUTER_BOUND('',#700,.T.);
#450=FACE_OUTER_BOUND('',#701,.T.);
#451=FACE_OUTER_BOUND('',#702,.T.);
#452=FACE_OUTER_BOUND('',#703,.T.);
#453=FACE_OUTER_BOUND('',#704,.T.);
#454=FACE_OUTER_BOUND('',#705,.T.);
#455=FACE_OUTER_BOUND('',#706,.T.);
#456=FACE_OUTER_BOUND('',#707,.T.);
#457=FACE_OUTER_BOUND('',#708,.T.);
#458=FACE_OUTER_BOUND('',#709,.T.);
#459=FACE_OUTER_BOUND('',#710,.T.);
#460=FACE_OUTER_BOUND('',#711,.T.);
#461=FACE_OUTER_BOUND('',#712,.T.);
#462=FACE_OUTER_BOUND('',#713,.T.);
#463=FACE_OUTER_BOUND('',#714,.T.);
#464=FACE_OUTER_BOUND('',#715,.T.);
#465=FACE_OUTER_BOUND('',#716,.T.);
#466=FACE_OUTER_BOUND('',#717,.T.);
#467=FACE_OUTER_BOUND('',#718,.T.);
#468=FACE_OUTER_BOUND('',#719,.T.);
#469=FACE_OUTER_BOUND('',#720,.T.);
#470=FACE_OUTER_BOUND('',#721,.T.);
#471=FACE_OUTER_BOUND('',#722,.T.);
#472=FACE_OUTER_BOUND('',#723,.T.);
#473=FACE_OUTER_BOUND('',#724,.T.);
#474=FACE_OUTER_BOUND('',#725,.T.);
#475=FACE_OUTER_BOUND('',#726,.T.);
#476=FACE_OUTER_BOUND('',#727,.T.);
#477=FACE_OUTER_BOUND('',#728,.T.);
#478=FACE_OUTER_BOUND('',#729,.T.);
#479=FACE_OUTER_BOUND('',#730,.T.);
#480=FACE_OUTER_BOUND('',#731,.T.);
#481=FACE_OUTER_BOUND('',#732,.T.);
#482=FACE_OUTER_BOUND('',#733,.T.);
#483=FACE_OUTER_BOUND('',#734,.T.);
#484=FACE_OUTER_BOUND('',#735,.T.);
#485=FACE_OUTER_BOUND('',#736,.T.);
#486=FACE_OUTER_BOUND('',#737,.T.);
#487=FACE_OUTER_BOUND('',#738,.T.);
#488=FACE_OUTER_BOUND('',#739,.T.);
#489=FACE_OUTER_BOUND('',#740,.T.);
#490=FACE_OUTER_BOUND('',#741,.T.);
#491=FACE_OUTER_BOUND('',#742,.T.);
#492=FACE_OUTER_BOUND('',#743,.T.);
#493=FACE_OUTER_BOUND('',#744,.T.);
#494=FACE_OUTER_BOUND('',#745,.T.);
#495=FACE_OUTER_BOUND('',#746,.T.);
#496=FACE_OUTER_BOUND('',#747,.T.);
#497=FACE_OUTER_BOUND('',#748,.T.);
#498=EDGE_LOOP('',(#2948,#2949,#2950,#2951));
#499=EDGE_LOOP('',(#2952,#2953,#2954,#2955));
#500=EDGE_LOOP('',(#2956,#2957,#2958,#2959));
#501=EDGE_LOOP('',(#2960,#2961,#2962));
#502=EDGE_LOOP('',(#2963,#2964,#2965,#2966,#2967,#2968,#2969,#2970,#2971,
#2972,#2973,#2974,#2975,#2976,#2977,#2978,#2979,#2980,#2981,#2982,#2983,
#2984,#2985,#2986));
#503=EDGE_LOOP('',(#2987,#2988,#2989));
#504=EDGE_LOOP('',(#2990,#2991,#2992,#2993));
#505=EDGE_LOOP('',(#2994,#2995,#2996,#2997));
#506=EDGE_LOOP('',(#2998,#2999,#3000,#3001));
#507=EDGE_LOOP('',(#3002,#3003,#3004,#3005));
#508=EDGE_LOOP('',(#3006,#3007,#3008,#3009,#3010,#3011,#3012,#3013,#3014,
#3015,#3016,#3017));
#509=EDGE_LOOP('',(#3018,#3019,#3020,#3021,#3022,#3023,#3024,#3025,#3026,
#3027,#3028,#3029));
#510=EDGE_LOOP('',(#3030,#3031,#3032,#3033,#3034,#3035,#3036,#3037,#3038,
#3039,#3040,#3041,#3042,#3043,#3044,#3045,#3046,#3047,#3048,#3049,#3050,
#3051,#3052,#3053,#3054,#3055,#3056,#3057));
#511=EDGE_LOOP('',(#3058,#3059,#3060,#3061,#3062,#3063,#3064,#3065,#3066,
#3067,#3068,#3069,#3070,#3071,#3072,#3073,#3074,#3075,#3076,#3077,#3078,
#3079,#3080,#3081,#3082,#3083,#3084,#3085));
#512=EDGE_LOOP('',(#3086,#3087,#3088,#3089));
#513=EDGE_LOOP('',(#3090,#3091,#3092,#3093));
#514=EDGE_LOOP('',(#3094,#3095,#3096,#3097));
#515=EDGE_LOOP('',(#3098,#3099,#3100,#3101));
#516=EDGE_LOOP('',(#3102,#3103,#3104,#3105));
#517=EDGE_LOOP('',(#3106,#3107,#3108,#3109));
#518=EDGE_LOOP('',(#3110,#3111,#3112,#3113));
#519=EDGE_LOOP('',(#3114,#3115,#3116,#3117));
#520=EDGE_LOOP('',(#3118,#3119,#3120,#3121));
#521=EDGE_LOOP('',(#3122,#3123,#3124,#3125));
#522=EDGE_LOOP('',(#3126,#3127,#3128,#3129));
#523=EDGE_LOOP('',(#3130,#3131,#3132,#3133));
#524=EDGE_LOOP('',(#3134,#3135,#3136,#3137));
#525=EDGE_LOOP('',(#3138,#3139,#3140,#3141));
#526=EDGE_LOOP('',(#3142,#3143,#3144,#3145));
#527=EDGE_LOOP('',(#3146,#3147,#3148,#3149));
#528=EDGE_LOOP('',(#3150,#3151,#3152,#3153));
#529=EDGE_LOOP('',(#3154,#3155,#3156,#3157));
#530=EDGE_LOOP('',(#3158,#3159,#3160,#3161,#3162,#3163));
#531=EDGE_LOOP('',(#3164,#3165,#3166,#3167));
#532=EDGE_LOOP('',(#3168,#3169,#3170,#3171,#3172,#3173));
#533=EDGE_LOOP('',(#3174,#3175,#3176,#3177));
#534=EDGE_LOOP('',(#3178,#3179,#3180,#3181));
#535=EDGE_LOOP('',(#3182,#3183,#3184,#3185));
#536=EDGE_LOOP('',(#3186,#3187,#3188,#3189));
#537=EDGE_LOOP('',(#3190,#3191,#3192,#3193));
#538=EDGE_LOOP('',(#3194,#3195,#3196,#3197));
#539=EDGE_LOOP('',(#3198,#3199,#3200,#3201,#3202,#3203));
#540=EDGE_LOOP('',(#3204,#3205,#3206,#3207,#3208,#3209));
#541=EDGE_LOOP('',(#3210,#3211,#3212,#3213));
#542=EDGE_LOOP('',(#3214,#3215,#3216,#3217));
#543=EDGE_LOOP('',(#3218,#3219,#3220,#3221));
#544=EDGE_LOOP('',(#3222,#3223,#3224,#3225));
#545=EDGE_LOOP('',(#3226,#3227,#3228,#3229));
#546=EDGE_LOOP('',(#3230,#3231,#3232,#3233));
#547=EDGE_LOOP('',(#3234,#3235,#3236,#3237));
#548=EDGE_LOOP('',(#3238,#3239,#3240,#3241));
#549=EDGE_LOOP('',(#3242,#3243,#3244,#3245));
#550=EDGE_LOOP('',(#3246,#3247,#3248,#3249));
#551=EDGE_LOOP('',(#3250,#3251,#3252,#3253));
#552=EDGE_LOOP('',(#3254,#3255,#3256,#3257));
#553=EDGE_LOOP('',(#3258,#3259,#3260,#3261,#3262,#3263,#3264,#3265,#3266,
#3267,#3268,#3269,#3270,#3271,#3272,#3273,#3274,#3275,#3276,#3277,#3278,
#3279,#3280,#3281,#3282,#3283,#3284,#3285,#3286,#3287,#3288,#3289,#3290,
#3291,#3292,#3293,#3294,#3295,#3296,#3297,#3298,#3299,#3300,#3301,#3302,
#3303));
#554=EDGE_LOOP('',(#3304,#3305,#3306,#3307));
#555=EDGE_LOOP('',(#3308,#3309,#3310,#3311,#3312,#3313,#3314,#3315,#3316,
#3317,#3318,#3319));
#556=EDGE_LOOP('',(#3320,#3321,#3322,#3323));
#557=EDGE_LOOP('',(#3324,#3325,#3326,#3327));
#558=EDGE_LOOP('',(#3328,#3329,#3330,#3331));
#559=EDGE_LOOP('',(#3332,#3333,#3334,#3335));
#560=EDGE_LOOP('',(#3336,#3337,#3338,#3339,#3340));
#561=EDGE_LOOP('',(#3341,#3342,#3343,#3344));
#562=EDGE_LOOP('',(#3345,#3346,#3347,#3348));
#563=EDGE_LOOP('',(#3349,#3350,#3351,#3352));
#564=EDGE_LOOP('',(#3353,#3354,#3355,#3356));
#565=EDGE_LOOP('',(#3357,#3358,#3359,#3360));
#566=EDGE_LOOP('',(#3361,#3362,#3363,#3364));
#567=EDGE_LOOP('',(#3365,#3366,#3367,#3368));
#568=EDGE_LOOP('',(#3369,#3370,#3371,#3372));
#569=EDGE_LOOP('',(#3373,#3374,#3375,#3376));
#570=EDGE_LOOP('',(#3377,#3378,#3379,#3380));
#571=EDGE_LOOP('',(#3381,#3382,#3383,#3384));
#572=EDGE_LOOP('',(#3385,#3386,#3387,#3388));
#573=EDGE_LOOP('',(#3389,#3390,#3391,#3392));
#574=EDGE_LOOP('',(#3393,#3394,#3395,#3396,#3397,#3398));
#575=EDGE_LOOP('',(#3399,#3400,#3401,#3402,#3403));
#576=EDGE_LOOP('',(#3404,#3405,#3406,#3407));
#577=EDGE_LOOP('',(#3408,#3409,#3410,#3411));
#578=EDGE_LOOP('',(#3412,#3413,#3414,#3415));
#579=EDGE_LOOP('',(#3416,#3417,#3418,#3419));
#580=EDGE_LOOP('',(#3420,#3421,#3422,#3423));
#581=EDGE_LOOP('',(#3424,#3425,#3426,#3427));
#582=EDGE_LOOP('',(#3428,#3429,#3430,#3431,#3432,#3433,#3434,#3435));
#583=EDGE_LOOP('',(#3436,#3437,#3438,#3439));
#584=EDGE_LOOP('',(#3440,#3441,#3442,#3443));
#585=EDGE_LOOP('',(#3444,#3445,#3446,#3447));
#586=EDGE_LOOP('',(#3448,#3449,#3450,#3451));
#587=EDGE_LOOP('',(#3452,#3453,#3454,#3455));
#588=EDGE_LOOP('',(#3456,#3457,#3458,#3459));
#589=EDGE_LOOP('',(#3460,#3461,#3462,#3463));
#590=EDGE_LOOP('',(#3464,#3465,#3466,#3467));
#591=EDGE_LOOP('',(#3468,#3469,#3470,#3471));
#592=EDGE_LOOP('',(#3472,#3473,#3474,#3475));
#593=EDGE_LOOP('',(#3476,#3477,#3478,#3479));
#594=EDGE_LOOP('',(#3480,#3481,#3482,#3483));
#595=EDGE_LOOP('',(#3484,#3485,#3486,#3487));
#596=EDGE_LOOP('',(#3488,#3489,#3490,#3491));
#597=EDGE_LOOP('',(#3492,#3493,#3494,#3495));
#598=EDGE_LOOP('',(#3496,#3497,#3498,#3499));
#599=EDGE_LOOP('',(#3500,#3501,#3502,#3503));
#600=EDGE_LOOP('',(#3504,#3505,#3506,#3507));
#601=EDGE_LOOP('',(#3508,#3509,#3510,#3511));
#602=EDGE_LOOP('',(#3512,#3513,#3514,#3515));
#603=EDGE_LOOP('',(#3516,#3517,#3518,#3519));
#604=EDGE_LOOP('',(#3520,#3521,#3522,#3523));
#605=EDGE_LOOP('',(#3524,#3525,#3526,#3527,#3528,#3529,#3530,#3531));
#606=EDGE_LOOP('',(#3532,#3533,#3534,#3535));
#607=EDGE_LOOP('',(#3536,#3537,#3538,#3539,#3540,#3541,#3542,#3543));
#608=EDGE_LOOP('',(#3544,#3545,#3546,#3547));
#609=EDGE_LOOP('',(#3548,#3549,#3550,#3551,#3552,#3553,#3554,#3555));
#610=EDGE_LOOP('',(#3556,#3557,#3558,#3559));
#611=EDGE_LOOP('',(#3560,#3561,#3562,#3563,#3564,#3565,#3566,#3567));
#612=EDGE_LOOP('',(#3568,#3569,#3570,#3571));
#613=EDGE_LOOP('',(#3572,#3573,#3574,#3575,#3576,#3577,#3578,#3579));
#614=EDGE_LOOP('',(#3580,#3581,#3582,#3583));
#615=EDGE_LOOP('',(#3584,#3585,#3586,#3587,#3588,#3589,#3590,#3591));
#616=EDGE_LOOP('',(#3592,#3593,#3594,#3595));
#617=EDGE_LOOP('',(#3596,#3597,#3598,#3599));
#618=EDGE_LOOP('',(#3600,#3601,#3602,#3603));
#619=EDGE_LOOP('',(#3604,#3605,#3606,#3607));
#620=EDGE_LOOP('',(#3608,#3609,#3610,#3611,#3612,#3613,#3614,#3615));
#621=EDGE_LOOP('',(#3616,#3617,#3618,#3619));
#622=EDGE_LOOP('',(#3620,#3621,#3622,#3623));
#623=EDGE_LOOP('',(#3624,#3625,#3626,#3627,#3628));
#624=EDGE_LOOP('',(#3629,#3630,#3631,#3632));
#625=EDGE_LOOP('',(#3633,#3634,#3635,#3636));
#626=EDGE_LOOP('',(#3637,#3638,#3639,#3640));
#627=EDGE_LOOP('',(#3641,#3642,#3643,#3644,#3645,#3646));
#628=EDGE_LOOP('',(#3647,#3648,#3649,#3650));
#629=EDGE_LOOP('',(#3651,#3652,#3653,#3654));
#630=EDGE_LOOP('',(#3655,#3656,#3657,#3658));
#631=EDGE_LOOP('',(#3659,#3660,#3661,#3662,#3663));
#632=EDGE_LOOP('',(#3664,#3665,#3666,#3667));
#633=EDGE_LOOP('',(#3668,#3669,#3670,#3671));
#634=EDGE_LOOP('',(#3672,#3673,#3674,#3675,#3676,#3677,#3678,#3679,#3680,
#3681,#3682,#3683,#3684,#3685,#3686,#3687,#3688,#3689,#3690,#3691,#3692,
#3693,#3694,#3695,#3696,#3697,#3698,#3699,#3700,#3701,#3702,#3703,#3704,
#3705));
#635=EDGE_LOOP('',(#3706,#3707,#3708,#3709));
#636=EDGE_LOOP('',(#3710,#3711,#3712,#3713,#3714,#3715,#3716,#3717,#3718,
#3719,#3720,#3721));
#637=EDGE_LOOP('',(#3722,#3723,#3724,#3725));
#638=EDGE_LOOP('',(#3726,#3727,#3728,#3729,#3730,#3731,#3732,#3733,#3734,
#3735,#3736,#3737));
#639=EDGE_LOOP('',(#3738,#3739,#3740,#3741));
#640=EDGE_LOOP('',(#3742,#3743,#3744,#3745));
#641=EDGE_LOOP('',(#3746,#3747,#3748,#3749));
#642=EDGE_LOOP('',(#3750,#3751,#3752,#3753));
#643=EDGE_LOOP('',(#3754,#3755,#3756,#3757,#3758,#3759));
#644=EDGE_LOOP('',(#3760,#3761,#3762,#3763));
#645=EDGE_LOOP('',(#3764,#3765,#3766,#3767));
#646=EDGE_LOOP('',(#3768,#3769,#3770,#3771));
#647=EDGE_LOOP('',(#3772,#3773,#3774,#3775));
#648=EDGE_LOOP('',(#3776,#3777,#3778,#3779));
#649=EDGE_LOOP('',(#3780,#3781,#3782,#3783));
#650=EDGE_LOOP('',(#3784,#3785,#3786,#3787));
#651=EDGE_LOOP('',(#3788,#3789,#3790,#3791));
#652=EDGE_LOOP('',(#3792,#3793,#3794,#3795));
#653=EDGE_LOOP('',(#3796,#3797,#3798,#3799));
#654=EDGE_LOOP('',(#3800,#3801,#3802,#3803));
#655=EDGE_LOOP('',(#3804,#3805,#3806,#3807,#3808,#3809));
#656=EDGE_LOOP('',(#3810,#3811,#3812,#3813));
#657=EDGE_LOOP('',(#3814,#3815,#3816,#3817));
#658=EDGE_LOOP('',(#3818,#3819,#3820,#3821));
#659=EDGE_LOOP('',(#3822,#3823,#3824,#3825));
#660=EDGE_LOOP('',(#3826,#3827,#3828,#3829));
#661=EDGE_LOOP('',(#3830,#3831,#3832,#3833));
#662=EDGE_LOOP('',(#3834,#3835,#3836,#3837));
#663=EDGE_LOOP('',(#3838,#3839,#3840,#3841));
#664=EDGE_LOOP('',(#3842,#3843,#3844,#3845));
#665=EDGE_LOOP('',(#3846,#3847,#3848,#3849));
#666=EDGE_LOOP('',(#3850,#3851,#3852,#3853));
#667=EDGE_LOOP('',(#3854,#3855,#3856,#3857));
#668=EDGE_LOOP('',(#3858,#3859,#3860,#3861));
#669=EDGE_LOOP('',(#3862,#3863,#3864,#3865));
#670=EDGE_LOOP('',(#3866,#3867,#3868,#3869));
#671=EDGE_LOOP('',(#3870,#3871,#3872,#3873));
#672=EDGE_LOOP('',(#3874,#3875,#3876,#3877));
#673=EDGE_LOOP('',(#3878,#3879,#3880,#3881));
#674=EDGE_LOOP('',(#3882,#3883,#3884,#3885));
#675=EDGE_LOOP('',(#3886,#3887,#3888,#3889));
#676=EDGE_LOOP('',(#3890,#3891,#3892,#3893));
#677=EDGE_LOOP('',(#3894,#3895,#3896,#3897));
#678=EDGE_LOOP('',(#3898,#3899,#3900,#3901));
#679=EDGE_LOOP('',(#3902,#3903,#3904,#3905));
#680=EDGE_LOOP('',(#3906,#3907,#3908,#3909));
#681=EDGE_LOOP('',(#3910,#3911,#3912,#3913));
#682=EDGE_LOOP('',(#3914,#3915,#3916,#3917));
#683=EDGE_LOOP('',(#3918,#3919,#3920,#3921));
#684=EDGE_LOOP('',(#3922,#3923,#3924,#3925));
#685=EDGE_LOOP('',(#3926,#3927,#3928,#3929));
#686=EDGE_LOOP('',(#3930,#3931,#3932,#3933));
#687=EDGE_LOOP('',(#3934,#3935,#3936,#3937));
#688=EDGE_LOOP('',(#3938,#3939,#3940,#3941,#3942,#3943,#3944,#3945,#3946,
#3947,#3948,#3949,#3950,#3951));
#689=EDGE_LOOP('',(#3952,#3953,#3954,#3955,#3956,#3957,#3958,#3959,#3960,
#3961,#3962,#3963,#3964,#3965,#3966));
#690=EDGE_LOOP('',(#3967,#3968,#3969,#3970,#3971,#3972,#3973,#3974,#3975,
#3976,#3977,#3978,#3979,#3980,#3981));
#691=EDGE_LOOP('',(#3982,#3983,#3984,#3985,#3986,#3987,#3988,#3989));
#692=EDGE_LOOP('',(#3990,#3991,#3992,#3993));
#693=EDGE_LOOP('',(#3994,#3995,#3996,#3997));
#694=EDGE_LOOP('',(#3998,#3999,#4000,#4001));
#695=EDGE_LOOP('',(#4002,#4003,#4004,#4005,#4006,#4007));
#696=EDGE_LOOP('',(#4008,#4009,#4010,#4011));
#697=EDGE_LOOP('',(#4012,#4013,#4014,#4015));
#698=EDGE_LOOP('',(#4016,#4017,#4018,#4019,#4020,#4021));
#699=EDGE_LOOP('',(#4022,#4023,#4024,#4025,#4026,#4027));
#700=EDGE_LOOP('',(#4028,#4029,#4030,#4031,#4032,#4033));
#701=EDGE_LOOP('',(#4034,#4035,#4036,#4037));
#702=EDGE_LOOP('',(#4038,#4039,#4040,#4041));
#703=EDGE_LOOP('',(#4042,#4043,#4044,#4045));
#704=EDGE_LOOP('',(#4046,#4047,#4048,#4049));
#705=EDGE_LOOP('',(#4050,#4051,#4052,#4053,#4054,#4055,#4056,#4057,#4058,
#4059));
#706=EDGE_LOOP('',(#4060,#4061,#4062,#4063));
#707=EDGE_LOOP('',(#4064,#4065,#4066,#4067));
#708=EDGE_LOOP('',(#4068,#4069,#4070));
#709=EDGE_LOOP('',(#4071,#4072,#4073));
#710=EDGE_LOOP('',(#4074,#4075,#4076));
#711=EDGE_LOOP('',(#4077,#4078,#4079));
#712=EDGE_LOOP('',(#4080,#4081,#4082,#4083,#4084,#4085));
#713=EDGE_LOOP('',(#4086,#4087,#4088,#4089,#4090));
#714=EDGE_LOOP('',(#4091,#4092,#4093,#4094));
#715=EDGE_LOOP('',(#4095,#4096,#4097,#4098,#4099));
#716=EDGE_LOOP('',(#4100,#4101,#4102,#4103));
#717=EDGE_LOOP('',(#4104,#4105,#4106,#4107,#4108));
#718=EDGE_LOOP('',(#4109,#4110,#4111,#4112));
#719=EDGE_LOOP('',(#4113,#4114,#4115,#4116,#4117));
#720=EDGE_LOOP('',(#4118,#4119,#4120,#4121));
#721=EDGE_LOOP('',(#4122,#4123,#4124,#4125));
#722=EDGE_LOOP('',(#4126,#4127,#4128,#4129));
#723=EDGE_LOOP('',(#4130,#4131,#4132,#4133));
#724=EDGE_LOOP('',(#4134,#4135,#4136,#4137));
#725=EDGE_LOOP('',(#4138,#4139,#4140,#4141));
#726=EDGE_LOOP('',(#4142,#4143,#4144,#4145));
#727=EDGE_LOOP('',(#4146,#4147,#4148,#4149,#4150,#4151,#4152,#4153));
#728=EDGE_LOOP('',(#4154,#4155,#4156,#4157));
#729=EDGE_LOOP('',(#4158,#4159,#4160,#4161));
#730=EDGE_LOOP('',(#4162,#4163,#4164,#4165,#4166,#4167,#4168));
#731=EDGE_LOOP('',(#4169,#4170,#4171));
#732=EDGE_LOOP('',(#4172,#4173,#4174));
#733=EDGE_LOOP('',(#4175,#4176,#4177,#4178,#4179,#4180,#4181));
#734=EDGE_LOOP('',(#4182,#4183,#4184,#4185,#4186,#4187,#4188,#4189,#4190,
#4191));
#735=EDGE_LOOP('',(#4192,#4193,#4194,#4195,#4196,#4197,#4198,#4199,#4200,
#4201,#4202,#4203,#4204,#4205,#4206,#4207,#4208));
#736=EDGE_LOOP('',(#4209,#4210,#4211,#4212,#4213,#4214,#4215,#4216,#4217,
#4218,#4219,#4220,#4221,#4222,#4223,#4224,#4225));
#737=EDGE_LOOP('',(#4226,#4227,#4228,#4229,#4230));
#738=EDGE_LOOP('',(#4231,#4232,#4233,#4234,#4235));
#739=EDGE_LOOP('',(#4236,#4237,#4238,#4239,#4240,#4241,#4242,#4243,#4244));
#740=EDGE_LOOP('',(#4245,#4246,#4247,#4248,#4249,#4250));
#741=EDGE_LOOP('',(#4251,#4252,#4253,#4254,#4255,#4256,#4257,#4258,#4259));
#742=EDGE_LOOP('',(#4260,#4261,#4262,#4263,#4264,#4265));
#743=EDGE_LOOP('',(#4266,#4267,#4268,#4269,#4270,#4271));
#744=EDGE_LOOP('',(#4272,#4273,#4274,#4275,#4276,#4277));
#745=EDGE_LOOP('',(#4278,#4279,#4280,#4281,#4282,#4283,#4284,#4285));
#746=EDGE_LOOP('',(#4286,#4287,#4288,#4289));
#747=EDGE_LOOP('',(#4290,#4291,#4292,#4293));
#748=EDGE_LOOP('',(#4294,#4295,#4296,#4297));
#749=LINE('',#6425,#1288);
#750=LINE('',#6427,#1289);
#751=LINE('',#6429,#1290);
#752=LINE('',#6430,#1291);
#753=LINE('',#6434,#1292);
#754=LINE('',#6435,#1293);
#755=LINE('',#6436,#1294);
#756=LINE('',#6438,#1295);
#757=LINE('',#6439,#1296);
#758=LINE('',#6444,#1297);
#759=LINE('',#6446,#1298);
#760=LINE('',#6448,#1299);
#761=LINE('',#6450,#1300);
#762=LINE('',#6452,#1301);
#763=LINE('',#6454,#1302);
#764=LINE('',#6456,#1303);
#765=LINE('',#6458,#1304);
#766=LINE('',#6460,#1305);
#767=LINE('',#6462,#1306);
#768=LINE('',#6464,#1307);
#769=LINE('',#6466,#1308);
#770=LINE('',#6468,#1309);
#771=LINE('',#6470,#1310);
#772=LINE('',#6472,#1311);
#773=LINE('',#6474,#1312);
#774=LINE('',#6476,#1313);
#775=LINE('',#6478,#1314);
#776=LINE('',#6480,#1315);
#777=LINE('',#6482,#1316);
#778=LINE('',#6484,#1317);
#779=LINE('',#6486,#1318);
#780=LINE('',#6488,#1319);
#781=LINE('',#6489,#1320);
#782=LINE('',#6493,#1321);
#783=LINE('',#6495,#1322);
#784=LINE('',#6497,#1323);
#785=LINE('',#6498,#1324);
#786=LINE('',#6501,#1325);
#787=LINE('',#6503,#1326);
#788=LINE('',#6504,#1327);
#789=LINE('',#6507,#1328);
#790=LINE('',#6509,#1329);
#791=LINE('',#6510,#1330);
#792=LINE('',#6512,#1331);
#793=LINE('',#6513,#1332);
#794=LINE('',#6516,#1333);
#795=LINE('',#6518,#1334);
#796=LINE('',#6520,#1335);
#797=LINE('',#6524,#1336);
#798=LINE('',#6528,#1337);
#799=LINE('',#6530,#1338);
#800=LINE('',#6532,#1339);
#801=LINE('',#6534,#1340);
#802=LINE('',#6535,#1341);
#803=LINE('',#6538,#1342);
#804=LINE('',#6540,#1343);
#805=LINE('',#6542,#1344);
#806=LINE('',#6544,#1345);
#807=LINE('',#6546,#1346);
#808=LINE('',#6550,#1347);
#809=LINE('',#6554,#1348);
#810=LINE('',#6556,#1349);
#811=LINE('',#6557,#1350);
#812=LINE('',#6560,#1351);
#813=LINE('',#6562,#1352);
#814=LINE('',#6566,#1353);
#815=LINE('',#6570,#1354);
#816=LINE('',#6572,#1355);
#817=LINE('',#6574,#1356);
#818=LINE('',#6578,#1357);
#819=LINE('',#6582,#1358);
#820=LINE('',#6584,#1359);
#821=LINE('',#6586,#1360);
#822=LINE('',#6590,#1361);
#823=LINE('',#6594,#1362);
#824=LINE('',#6596,#1363);
#825=LINE('',#6598,#1364);
#826=LINE('',#6602,#1365);
#827=LINE('',#6606,#1366);
#828=LINE('',#6607,#1367);
#829=LINE('',#6610,#1368);
#830=LINE('',#6614,#1369);
#831=LINE('',#6616,#1370);
#832=LINE('',#6618,#1371);
#833=LINE('',#6622,#1372);
#834=LINE('',#6626,#1373);
#835=LINE('',#6628,#1374);
#836=LINE('',#6630,#1375);
#837=LINE('',#6634,#1376);
#838=LINE('',#6638,#1377);
#839=LINE('',#6640,#1378);
#840=LINE('',#6642,#1379);
#841=LINE('',#6646,#1380);
#842=LINE('',#6650,#1381);
#843=LINE('',#6652,#1382);
#844=LINE('',#6654,#1383);
#845=LINE('',#6657,#1384);
#846=LINE('',#6661,#1385);
#847=LINE('',#6663,#1386);
#848=LINE('',#6665,#1387);
#849=LINE('',#6666,#1388);
#850=LINE('',#6669,#1389);
#851=LINE('',#6671,#1390);
#852=LINE('',#6673,#1391);
#853=LINE('',#6674,#1392);
#854=LINE('',#6677,#1393);
#855=LINE('',#6679,#1394);
#856=LINE('',#6681,#1395);
#857=LINE('',#6682,#1396);
#858=LINE('',#6685,#1397);
#859=LINE('',#6687,#1398);
#860=LINE('',#6689,#1399);
#861=LINE('',#6690,#1400);
#862=LINE('',#6694,#1401);
#863=LINE('',#6695,#1402);
#864=LINE('',#6696,#1403);
#865=LINE('',#6699,#1404);
#866=LINE('',#6700,#1405);
#867=LINE('',#6703,#1406);
#868=LINE('',#6704,#1407);
#869=LINE('',#6706,#1408);
#870=LINE('',#6710,#1409);
#871=LINE('',#6711,#1410);
#872=LINE('',#6712,#1411);
#873=LINE('',#6715,#1412);
#874=LINE('',#6716,#1413);
#875=LINE('',#6719,#1414);
#876=LINE('',#6720,#1415);
#877=LINE('',#6722,#1416);
#878=LINE('',#6726,#1417);
#879=LINE('',#6727,#1418);
#880=LINE('',#6728,#1419);
#881=LINE('',#6731,#1420);
#882=LINE('',#6732,#1421);
#883=LINE('',#6735,#1422);
#884=LINE('',#6736,#1423);
#885=LINE('',#6738,#1424);
#886=LINE('',#6741,#1425);
#887=LINE('',#6743,#1426);
#888=LINE('',#6744,#1427);
#889=LINE('',#6748,#1428);
#890=LINE('',#6750,#1429);
#891=LINE('',#6752,#1430);
#892=LINE('',#6753,#1431);
#893=LINE('',#6754,#1432);
#894=LINE('',#6757,#1433);
#895=LINE('',#6758,#1434);
#896=LINE('',#6761,#1435);
#897=LINE('',#6763,#1436);
#898=LINE('',#6765,#1437);
#899=LINE('',#6766,#1438);
#900=LINE('',#6770,#1439);
#901=LINE('',#6771,#1440);
#902=LINE('',#6772,#1441);
#903=LINE('',#6775,#1442);
#904=LINE('',#6776,#1443);
#905=LINE('',#6779,#1444);
#906=LINE('',#6780,#1445);
#907=LINE('',#6784,#1446);
#908=LINE('',#6785,#1447);
#909=LINE('',#6786,#1448);
#910=LINE('',#6789,#1449);
#911=LINE('',#6790,#1450);
#912=LINE('',#6793,#1451);
#913=LINE('',#6794,#1452);
#914=LINE('',#6798,#1453);
#915=LINE('',#6800,#1454);
#916=LINE('',#6802,#1455);
#917=LINE('',#6803,#1456);
#918=LINE('',#6804,#1457);
#919=LINE('',#6807,#1458);
#920=LINE('',#6809,#1459);
#921=LINE('',#6811,#1460);
#922=LINE('',#6813,#1461);
#923=LINE('',#6814,#1462);
#924=LINE('',#6818,#1463);
#925=LINE('',#6819,#1464);
#926=LINE('',#6820,#1465);
#927=LINE('',#6824,#1466);
#928=LINE('',#6827,#1467);
#929=LINE('',#6828,#1468);
#930=LINE('',#6831,#1469);
#931=LINE('',#6833,#1470);
#932=LINE('',#6834,#1471);
#933=LINE('',#6838,#1472);
#934=LINE('',#6841,#1473);
#935=LINE('',#6842,#1474);
#936=LINE('',#6845,#1475);
#937=LINE('',#6847,#1476);
#938=LINE('',#6848,#1477);
#939=LINE('',#6852,#1478);
#940=LINE('',#6855,#1479);
#941=LINE('',#6856,#1480);
#942=LINE('',#6859,#1481);
#943=LINE('',#6861,#1482);
#944=LINE('',#6862,#1483);
#945=LINE('',#6866,#1484);
#946=LINE('',#6869,#1485);
#947=LINE('',#6870,#1486);
#948=LINE('',#6874,#1487);
#949=LINE('',#6876,#1488);
#950=LINE('',#6878,#1489);
#951=LINE('',#6880,#1490);
#952=LINE('',#6882,#1491);
#953=LINE('',#6884,#1492);
#954=LINE('',#6886,#1493);
#955=LINE('',#6888,#1494);
#956=LINE('',#6890,#1495);
#957=LINE('',#6892,#1496);
#958=LINE('',#6894,#1497);
#959=LINE('',#6896,#1498);
#960=LINE('',#6898,#1499);
#961=LINE('',#6900,#1500);
#962=LINE('',#6902,#1501);
#963=LINE('',#6904,#1502);
#964=LINE('',#6906,#1503);
#965=LINE('',#6908,#1504);
#966=LINE('',#6910,#1505);
#967=LINE('',#6911,#1506);
#968=LINE('',#6913,#1507);
#969=LINE('',#6915,#1508);
#970=LINE('',#6919,#1509);
#971=LINE('',#6924,#1510);
#972=LINE('',#6929,#1511);
#973=LINE('',#6931,#1512);
#974=LINE('',#6935,#1513);
#975=LINE('',#6936,#1514);
#976=LINE('',#6937,#1515);
#977=LINE('',#6941,#1516);
#978=LINE('',#6943,#1517);
#979=LINE('',#6945,#1518);
#980=LINE('',#6947,#1519);
#981=LINE('',#6949,#1520);
#982=LINE('',#6950,#1521);
#983=LINE('',#6952,#1522);
#984=LINE('',#6954,#1523);
#985=LINE('',#6958,#1524);
#986=LINE('',#6961,#1525);
#987=LINE('',#6962,#1526);
#988=LINE('',#6966,#1527);
#989=LINE('',#6968,#1528);
#990=LINE('',#6970,#1529);
#991=LINE('',#6971,#1530);
#992=LINE('',#6975,#1531);
#993=LINE('',#6977,#1532);
#994=LINE('',#6979,#1533);
#995=LINE('',#6980,#1534);
#996=LINE('',#6985,#1535);
#997=LINE('',#6988,#1536);
#998=LINE('',#6991,#1537);
#999=LINE('',#6995,#1538);
#1000=LINE('',#6997,#1539);
#1001=LINE('',#6999,#1540);
#1002=LINE('',#7000,#1541);
#1003=LINE('',#7003,#1542);
#1004=LINE('',#7005,#1543);
#1005=LINE('',#7006,#1544);
#1006=LINE('',#7009,#1545);
#1007=LINE('',#7011,#1546);
#1008=LINE('',#7012,#1547);
#1009=LINE('',#7014,#1548);
#1010=LINE('',#7015,#1549);
#1011=LINE('',#7019,#1550);
#1012=LINE('',#7021,#1551);
#1013=LINE('',#7023,#1552);
#1014=LINE('',#7024,#1553);
#1015=LINE('',#7027,#1554);
#1016=LINE('',#7029,#1555);
#1017=LINE('',#7030,#1556);
#1018=LINE('',#7033,#1557);
#1019=LINE('',#7035,#1558);
#1020=LINE('',#7036,#1559);
#1021=LINE('',#7038,#1560);
#1022=LINE('',#7039,#1561);
#1023=LINE('',#7043,#1562);
#1024=LINE('',#7045,#1563);
#1025=LINE('',#7047,#1564);
#1026=LINE('',#7048,#1565);
#1027=LINE('',#7051,#1566);
#1028=LINE('',#7053,#1567);
#1029=LINE('',#7054,#1568);
#1030=LINE('',#7057,#1569);
#1031=LINE('',#7059,#1570);
#1032=LINE('',#7060,#1571);
#1033=LINE('',#7062,#1572);
#1034=LINE('',#7063,#1573);
#1035=LINE('',#7065,#1574);
#1036=LINE('',#7070,#1575);
#1037=LINE('',#7072,#1576);
#1038=LINE('',#7074,#1577);
#1039=LINE('',#7077,#1578);
#1040=LINE('',#7079,#1579);
#1041=LINE('',#7080,#1580);
#1042=LINE('',#7083,#1581);
#1043=LINE('',#7087,#1582);
#1044=LINE('',#7088,#1583);
#1045=LINE('',#7090,#1584);
#1046=LINE('',#7092,#1585);
#1047=LINE('',#7097,#1586);
#1048=LINE('',#7101,#1587);
#1049=LINE('',#7103,#1588);
#1050=LINE('',#7104,#1589);
#1051=LINE('',#7108,#1590);
#1052=LINE('',#7110,#1591);
#1053=LINE('',#7111,#1592);
#1054=LINE('',#7113,#1593);
#1055=LINE('',#7118,#1594);
#1056=LINE('',#7120,#1595);
#1057=LINE('',#7122,#1596);
#1058=LINE('',#7123,#1597);
#1059=LINE('',#7127,#1598);
#1060=LINE('',#7129,#1599);
#1061=LINE('',#7131,#1600);
#1062=LINE('',#7132,#1601);
#1063=LINE('',#7140,#1602);
#1064=LINE('',#7146,#1603);
#1065=LINE('',#7149,#1604);
#1066=LINE('',#7150,#1605);
#1067=LINE('',#7155,#1606);
#1068=LINE('',#7159,#1607);
#1069=LINE('',#7161,#1608);
#1070=LINE('',#7162,#1609);
#1071=LINE('',#7168,#1610);
#1072=LINE('',#7171,#1611);
#1073=LINE('',#7173,#1612);
#1074=LINE('',#7174,#1613);
#1075=LINE('',#7179,#1614);
#1076=LINE('',#7185,#1615);
#1077=LINE('',#7188,#1616);
#1078=LINE('',#7189,#1617);
#1079=LINE('',#7191,#1618);
#1080=LINE('',#7193,#1619);
#1081=LINE('',#7195,#1620);
#1082=LINE('',#7197,#1621);
#1083=LINE('',#7199,#1622);
#1084=LINE('',#7201,#1623);
#1085=LINE('',#7203,#1624);
#1086=LINE('',#7205,#1625);
#1087=LINE('',#7207,#1626);
#1088=LINE('',#7209,#1627);
#1089=LINE('',#7211,#1628);
#1090=LINE('',#7213,#1629);
#1091=LINE('',#7215,#1630);
#1092=LINE('',#7219,#1631);
#1093=LINE('',#7220,#1632);
#1094=LINE('',#7224,#1633);
#1095=LINE('',#7226,#1634);
#1096=LINE('',#7228,#1635);
#1097=LINE('',#7230,#1636);
#1098=LINE('',#7232,#1637);
#1099=LINE('',#7234,#1638);
#1100=LINE('',#7236,#1639);
#1101=LINE('',#7241,#1640);
#1102=LINE('',#7244,#1641);
#1103=LINE('',#7249,#1642);
#1104=LINE('',#7251,#1643);
#1105=LINE('',#7255,#1644);
#1106=LINE('',#7260,#1645);
#1107=LINE('',#7261,#1646);
#1108=LINE('',#7265,#1647);
#1109=LINE('',#7268,#1648);
#1110=LINE('',#7271,#1649);
#1111=LINE('',#7275,#1650);
#1112=LINE('',#7276,#1651);
#1113=LINE('',#7280,#1652);
#1114=LINE('',#7281,#1653);
#1115=LINE('',#7285,#1654);
#1116=LINE('',#7286,#1655);
#1117=LINE('',#7290,#1656);
#1118=LINE('',#7292,#1657);
#1119=LINE('',#7294,#1658);
#1120=LINE('',#7296,#1659);
#1121=LINE('',#7298,#1660);
#1122=LINE('',#7300,#1661);
#1123=LINE('',#7301,#1662);
#1124=LINE('',#7303,#1663);
#1125=LINE('',#7307,#1664);
#1126=LINE('',#7309,#1665);
#1127=LINE('',#7311,#1666);
#1128=LINE('',#7312,#1667);
#1129=LINE('',#7315,#1668);
#1130=LINE('',#7317,#1669);
#1131=LINE('',#7320,#1670);
#1132=LINE('',#7322,#1671);
#1133=LINE('',#7325,#1672);
#1134=LINE('',#7327,#1673);
#1135=LINE('',#7330,#1674);
#1136=LINE('',#7332,#1675);
#1137=LINE('',#7336,#1676);
#1138=LINE('',#7338,#1677);
#1139=LINE('',#7341,#1678);
#1140=LINE('',#7343,#1679);
#1141=LINE('',#7346,#1680);
#1142=LINE('',#7348,#1681);
#1143=LINE('',#7351,#1682);
#1144=LINE('',#7354,#1683);
#1145=LINE('',#7358,#1684);
#1146=LINE('',#7360,#1685);
#1147=LINE('',#7361,#1686);
#1148=LINE('',#7364,#1687);
#1149=LINE('',#7365,#1688);
#1150=LINE('',#7368,#1689);
#1151=LINE('',#7369,#1690);
#1152=LINE('',#7371,#1691);
#1153=LINE('',#7374,#1692);
#1154=LINE('',#7375,#1693);
#1155=LINE('',#7378,#1694);
#1156=LINE('',#7379,#1695);
#1157=LINE('',#7381,#1696);
#1158=LINE('',#7389,#1697);
#1159=LINE('',#7422,#1698);
#1160=LINE('',#7428,#1699);
#1161=LINE('',#7433,#1700);
#1162=LINE('',#7470,#1701);
#1163=LINE('',#7473,#1702);
#1164=LINE('',#7479,#1703);
#1165=LINE('',#7484,#1704);
#1166=LINE('',#7487,#1705);
#1167=LINE('',#7488,#1706);
#1168=LINE('',#7490,#1707);
#1169=LINE('',#7492,#1708);
#1170=LINE('',#7495,#1709);
#1171=LINE('',#7501,#1710);
#1172=LINE('',#7509,#1711);
#1173=LINE('',#7514,#1712);
#1174=LINE('',#7517,#1713);
#1175=LINE('',#7519,#1714);
#1176=LINE('',#7521,#1715);
#1177=LINE('',#7523,#1716);
#1178=LINE('',#7527,#1717);
#1179=LINE('',#7531,#1718);
#1180=LINE('',#7533,#1719);
#1181=LINE('',#7535,#1720);
#1182=LINE('',#7539,#1721);
#1183=LINE('',#7543,#1722);
#1184=LINE('',#7545,#1723);
#1185=LINE('',#7547,#1724);
#1186=LINE('',#7551,#1725);
#1187=LINE('',#7555,#1726);
#1188=LINE('',#7557,#1727);
#1189=LINE('',#7558,#1728);
#1190=LINE('',#7561,#1729);
#1191=LINE('',#7565,#1730);
#1192=LINE('',#7569,#1731);
#1193=LINE('',#7572,#1732);
#1194=LINE('',#7576,#1733);
#1195=LINE('',#7579,#1734);
#1196=LINE('',#7580,#1735);
#1197=LINE('',#7583,#1736);
#1198=LINE('',#7585,#1737);
#1199=LINE('',#7586,#1738);
#1200=LINE('',#7593,#1739);
#1201=LINE('',#7595,#1740);
#1202=LINE('',#7596,#1741);
#1203=LINE('',#7598,#1742);
#1204=LINE('',#7608,#1743);
#1205=LINE('',#7617,#1744);
#1206=LINE('',#7619,#1745);
#1207=LINE('',#7621,#1746);
#1208=LINE('',#7626,#1747);
#1209=LINE('',#7630,#1748);
#1210=LINE('',#7664,#1749);
#1211=LINE('',#7665,#1750);
#1212=LINE('',#7667,#1751);
#1213=LINE('',#7669,#1752);
#1214=LINE('',#7673,#1753);
#1215=LINE('',#7675,#1754);
#1216=LINE('',#7676,#1755);
#1217=LINE('',#7679,#1756);
#1218=LINE('',#7709,#1757);
#1219=LINE('',#7712,#1758);
#1220=LINE('',#7715,#1759);
#1221=LINE('',#7719,#1760);
#1222=LINE('',#7721,#1761);
#1223=LINE('',#7726,#1762);
#1224=LINE('',#7728,#1763);
#1225=LINE('',#7733,#1764);
#1226=LINE('',#7736,#1765);
#1227=LINE('',#7740,#1766);
#1228=LINE('',#7743,#1767);
#1229=LINE('',#7746,#1768);
#1230=LINE('',#7747,#1769);
#1231=LINE('',#7753,#1770);
#1232=LINE('',#7754,#1771);
#1233=LINE('',#7755,#1772);
#1234=LINE('',#7758,#1773);
#1235=LINE('',#7767,#1774);
#1236=LINE('',#7769,#1775);
#1237=LINE('',#7772,#1776);
#1238=LINE('',#7781,#1777);
#1239=LINE('',#7784,#1778);
#1240=LINE('',#7786,#1779);
#1241=LINE('',#7789,#1780);
#1242=LINE('',#7792,#1781);
#1243=LINE('',#7797,#1782);
#1244=LINE('',#7798,#1783);
#1245=LINE('',#7800,#1784);
#1246=LINE('',#7805,#1785);
#1247=LINE('',#7808,#1786);
#1248=LINE('',#7809,#1787);
#1249=LINE('',#7813,#1788);
#1250=LINE('',#7816,#1789);
#1251=LINE('',#7817,#1790);
#1252=LINE('',#7821,#1791);
#1253=LINE('',#7824,#1792);
#1254=LINE('',#7825,#1793);
#1255=LINE('',#7828,#1794);
#1256=LINE('',#7829,#1795);
#1257=LINE('',#7833,#1796);
#1258=LINE('',#7835,#1797);
#1259=LINE('',#7839,#1798);
#1260=LINE('',#7841,#1799);
#1261=LINE('',#7847,#1800);
#1262=LINE('',#7848,#1801);
#1263=LINE('',#7852,#1802);
#1264=LINE('',#7854,#1803);
#1265=LINE('',#7855,#1804);
#1266=LINE('',#7857,#1805);
#1267=LINE('',#7863,#1806);
#1268=LINE('',#7864,#1807);
#1269=LINE('',#7866,#1808);
#1270=LINE('',#7868,#1809);
#1271=LINE('',#7871,#1810);
#1272=LINE('',#7874,#1811);
#1273=LINE('',#7879,#1812);
#1274=LINE('',#7880,#1813);
#1275=LINE('',#7883,#1814);
#1276=LINE('',#7884,#1815);
#1277=LINE('',#7888,#1816);
#1278=LINE('',#7889,#1817);
#1279=LINE('',#7892,#1818);
#1280=LINE('',#7893,#1819);
#1281=LINE('',#7895,#1820);
#1282=LINE('',#7897,#1821);
#1283=LINE('',#7903,#1822);
#1284=LINE('',#7905,#1823);
#1285=LINE('',#7906,#1824);
#1286=LINE('',#7908,#1825);
#1287=LINE('',#7909,#1826);
#1288=VECTOR('',#5137,0.01);
#1289=VECTOR('',#5138,0.981495446516895);
#1290=VECTOR('',#5139,0.01);
#1291=VECTOR('',#5140,0.981495446516895);
#1292=VECTOR('',#5143,0.01);
#1293=VECTOR('',#5144,0.981495457622361);
#1294=VECTOR('',#5145,0.981495457622361);
#1295=VECTOR('',#5148,0.981495435411432);
#1296=VECTOR('',#5149,0.981495435411432);
#1297=VECTOR('',#5154,0.0594476287975037);
#1298=VECTOR('',#5155,0.125000000000001);
#1299=VECTOR('',#5156,0.7);
#1300=VECTOR('',#5157,0.300000000000002);
#1301=VECTOR('',#5158,1.95);
#1302=VECTOR('',#5159,5.);
#1303=VECTOR('',#5160,1.95);
#1304=VECTOR('',#5161,0.300000000000002);
#1305=VECTOR('',#5162,0.7);
#1306=VECTOR('',#5163,0.125000000000002);
#1307=VECTOR('',#5164,0.0594476287975037);
#1308=VECTOR('',#5165,0.875000000000002);
#1309=VECTOR('',#5166,0.0594476287975034);
#1310=VECTOR('',#5167,0.199999999999999);
#1311=VECTOR('',#5168,0.0594476287975037);
#1312=VECTOR('',#5169,0.899999999999999);
#1313=VECTOR('',#5170,0.0594476287975034);
#1314=VECTOR('',#5171,0.2);
#1315=VECTOR('',#5172,0.0594476287975037);
#1316=VECTOR('',#5173,0.899999999999999);
#1317=VECTOR('',#5174,0.0594476287975034);
#1318=VECTOR('',#5175,0.2);
#1319=VECTOR('',#5176,0.0594476287975037);
#1320=VECTOR('',#5177,0.875000000000002);
#1321=VECTOR('',#5180,0.12909944487358);
#1322=VECTOR('',#5181,4.28452994616208);
#1323=VECTOR('',#5182,0.129099444873581);
#1324=VECTOR('',#5183,4.40000000000001);
#1325=VECTOR('',#5186,1.98452994616208);
#1326=VECTOR('',#5187,0.12909944487358);
#1327=VECTOR('',#5188,2.1);
#1328=VECTOR('',#5191,4.28452994616208);
#1329=VECTOR('',#5192,0.12909944487358);
#1330=VECTOR('',#5193,4.4);
#1331=VECTOR('',#5196,1.98452994616208);
#1332=VECTOR('',#5197,2.1);
#1333=VECTOR('',#5200,2.95);
#1334=VECTOR('',#5201,0.5);
#1335=VECTOR('',#5202,2.1);
#1336=VECTOR('',#5205,0.3);
#1337=VECTOR('',#5208,2.1);
#1338=VECTOR('',#5209,0.500000000000004);
#1339=VECTOR('',#5210,1.7);
#1340=VECTOR('',#5211,0.5);
#1341=VECTOR('',#5212,1.25);
#1342=VECTOR('',#5215,1.25);
#1343=VECTOR('',#5216,0.499999999999999);
#1344=VECTOR('',#5217,1.7);
#1345=VECTOR('',#5218,0.500000000000004);
#1346=VECTOR('',#5219,2.1);
#1347=VECTOR('',#5222,0.3);
#1348=VECTOR('',#5225,2.1);
#1349=VECTOR('',#5226,0.5);
#1350=VECTOR('',#5227,2.95);
#1351=VECTOR('',#5230,0.450000000000002);
#1352=VECTOR('',#5231,0.8);
#1353=VECTOR('',#5234,0.2);
#1354=VECTOR('',#5237,0.8);
#1355=VECTOR('',#5238,0.5);
#1356=VECTOR('',#5239,0.8);
#1357=VECTOR('',#5242,0.2);
#1358=VECTOR('',#5245,0.8);
#1359=VECTOR('',#5246,0.5);
#1360=VECTOR('',#5247,0.8);
#1361=VECTOR('',#5250,0.2);
#1362=VECTOR('',#5253,0.8);
#1363=VECTOR('',#5254,0.5);
#1364=VECTOR('',#5255,0.8);
#1365=VECTOR('',#5258,0.2);
#1366=VECTOR('',#5261,0.8);
#1367=VECTOR('',#5262,0.450000000000002);
#1368=VECTOR('',#5265,0.150000000000004);
#1369=VECTOR('',#5268,0.649999999999999);
#1370=VECTOR('',#5269,0.5);
#1371=VECTOR('',#5270,0.649999999999999);
#1372=VECTOR('',#5273,0.300000000000001);
#1373=VECTOR('',#5276,0.15);
#1374=VECTOR('',#5277,0.5);
#1375=VECTOR('',#5278,0.150000000000001);
#1376=VECTOR('',#5281,0.3);
#1377=VECTOR('',#5284,0.15);
#1378=VECTOR('',#5285,0.5);
#1379=VECTOR('',#5286,0.150000000000001);
#1380=VECTOR('',#5289,0.300000000000001);
#1381=VECTOR('',#5292,0.649999999999999);
#1382=VECTOR('',#5293,0.5);
#1383=VECTOR('',#5294,0.649999999999999);
#1384=VECTOR('',#5297,0.150000000000003);
#1385=VECTOR('',#5300,0.25);
#1386=VECTOR('',#5301,0.55);
#1387=VECTOR('',#5302,0.25);
#1388=VECTOR('',#5303,0.55);
#1389=VECTOR('',#5304,0.25);
#1390=VECTOR('',#5305,0.55);
#1391=VECTOR('',#5306,0.25);
#1392=VECTOR('',#5307,0.55);
#1393=VECTOR('',#5308,0.25);
#1394=VECTOR('',#5309,0.55);
#1395=VECTOR('',#5310,0.25);
#1396=VECTOR('',#5311,0.55);
#1397=VECTOR('',#5312,0.25);
#1398=VECTOR('',#5313,0.55);
#1399=VECTOR('',#5314,0.25);
#1400=VECTOR('',#5315,0.55);
#1401=VECTOR('',#5318,0.55);
#1402=VECTOR('',#5319,4.);
#1403=VECTOR('',#5320,4.);
#1404=VECTOR('',#5323,4.);
#1405=VECTOR('',#5324,0.25);
#1406=VECTOR('',#5327,0.55);
#1407=VECTOR('',#5328,4.);
#1408=VECTOR('',#5331,0.25);
#1409=VECTOR('',#5334,0.55);
#1410=VECTOR('',#5335,4.);
#1411=VECTOR('',#5336,4.);
#1412=VECTOR('',#5339,4.);
#1413=VECTOR('',#5340,0.25);
#1414=VECTOR('',#5343,0.55);
#1415=VECTOR('',#5344,4.);
#1416=VECTOR('',#5347,0.25);
#1417=VECTOR('',#5350,0.55);
#1418=VECTOR('',#5351,4.);
#1419=VECTOR('',#5352,4.);
#1420=VECTOR('',#5355,4.);
#1421=VECTOR('',#5356,0.25);
#1422=VECTOR('',#5359,0.55);
#1423=VECTOR('',#5360,4.);
#1424=VECTOR('',#5363,0.25);
#1425=VECTOR('',#5366,4.);
#1426=VECTOR('',#5367,4.);
#1427=VECTOR('',#5368,0.25);
#1428=VECTOR('',#5371,0.15);
#1429=VECTOR('',#5372,0.45);
#1430=VECTOR('',#5373,0.5);
#1431=VECTOR('',#5374,0.05);
#1432=VECTOR('',#5375,0.5);
#1433=VECTOR('',#5378,0.5);
#1434=VECTOR('',#5379,0.05);
#1435=VECTOR('',#5382,0.5);
#1436=VECTOR('',#5383,0.45);
#1437=VECTOR('',#5384,0.150000000000001);
#1438=VECTOR('',#5385,0.5);
#1439=VECTOR('',#5388,0.15);
#1440=VECTOR('',#5389,0.5);
#1441=VECTOR('',#5390,0.5);
#1442=VECTOR('',#5393,0.5);
#1443=VECTOR('',#5394,0.5);
#1444=VECTOR('',#5397,0.150000000000001);
#1445=VECTOR('',#5398,0.5);
#1446=VECTOR('',#5401,0.15);
#1447=VECTOR('',#5402,0.5);
#1448=VECTOR('',#5403,0.5);
#1449=VECTOR('',#5406,0.5);
#1450=VECTOR('',#5407,0.5);
#1451=VECTOR('',#5410,0.150000000000001);
#1452=VECTOR('',#5411,0.5);
#1453=VECTOR('',#5414,0.15);
#1454=VECTOR('',#5415,0.45);
#1455=VECTOR('',#5416,0.5);
#1456=VECTOR('',#5417,0.05);
#1457=VECTOR('',#5418,0.5);
#1458=VECTOR('',#5421,0.05);
#1459=VECTOR('',#5422,0.5);
#1460=VECTOR('',#5423,0.45);
#1461=VECTOR('',#5424,0.150000000000001);
#1462=VECTOR('',#5425,0.5);
#1463=VECTOR('',#5428,0.2);
#1464=VECTOR('',#5429,0.35);
#1465=VECTOR('',#5430,0.35);
#1466=VECTOR('',#5435,0.35);
#1467=VECTOR('',#5438,0.8);
#1468=VECTOR('',#5439,0.35);
#1469=VECTOR('',#5442,0.35);
#1470=VECTOR('',#5443,0.2);
#1471=VECTOR('',#5444,0.35);
#1472=VECTOR('',#5449,0.35);
#1473=VECTOR('',#5452,0.8);
#1474=VECTOR('',#5453,0.35);
#1475=VECTOR('',#5456,0.35);
#1476=VECTOR('',#5457,0.2);
#1477=VECTOR('',#5458,0.35);
#1478=VECTOR('',#5463,0.35);
#1479=VECTOR('',#5466,0.8);
#1480=VECTOR('',#5467,0.35);
#1481=VECTOR('',#5470,0.35);
#1482=VECTOR('',#5471,0.2);
#1483=VECTOR('',#5472,0.35);
#1484=VECTOR('',#5477,0.35);
#1485=VECTOR('',#5480,0.8);
#1486=VECTOR('',#5481,0.35);
#1487=VECTOR('',#5486,0.150000000000003);
#1488=VECTOR('',#5487,0.700000000000003);
#1489=VECTOR('',#5488,0.125000000000003);
#1490=VECTOR('',#5489,1.9);
#1491=VECTOR('',#5490,0.875000000000002);
#1492=VECTOR('',#5491,1.9);
#1493=VECTOR('',#5492,0.2);
#1494=VECTOR('',#5493,1.9);
#1495=VECTOR('',#5494,0.899999999999999);
#1496=VECTOR('',#5495,1.9);
#1497=VECTOR('',#5496,0.2);
#1498=VECTOR('',#5497,1.9);
#1499=VECTOR('',#5498,0.899999999999999);
#1500=VECTOR('',#5499,1.9);
#1501=VECTOR('',#5500,0.2);
#1502=VECTOR('',#5501,1.9);
#1503=VECTOR('',#5502,0.875000000000002);
#1504=VECTOR('',#5503,1.9);
#1505=VECTOR('',#5504,0.125000000000002);
#1506=VECTOR('',#5505,0.700000000000003);
#1507=VECTOR('',#5506,0.150000000000001);
#1508=VECTOR('',#5509,0.5);
#1509=VECTOR('',#5512,0.300000000000001);
#1510=VECTOR('',#5517,0.3);
#1511=VECTOR('',#5522,0.3);
#1512=VECTOR('',#5525,0.5);
#1513=VECTOR('',#5528,2.1);
#1514=VECTOR('',#5529,0.3);
#1515=VECTOR('',#5530,0.3);
#1516=VECTOR('',#5533,2.1);
#1517=VECTOR('',#5534,0.85);
#1518=VECTOR('',#5535,0.8);
#1519=VECTOR('',#5536,2.45);
#1520=VECTOR('',#5537,1.15);
#1521=VECTOR('',#5538,0.35);
#1522=VECTOR('',#5539,1.35);
#1523=VECTOR('',#5540,2.1);
#1524=VECTOR('',#5543,0.3);
#1525=VECTOR('',#5548,0.300000000000001);
#1526=VECTOR('',#5549,0.300000000000001);
#1527=VECTOR('',#5552,2.15);
#1528=VECTOR('',#5553,1.);
#1529=VECTOR('',#5554,2.15);
#1530=VECTOR('',#5555,1.);
#1531=VECTOR('',#5558,2.15);
#1532=VECTOR('',#5559,1.);
#1533=VECTOR('',#5560,2.15);
#1534=VECTOR('',#5561,1.);
#1535=VECTOR('',#5566,1.);
#1536=VECTOR('',#5571,0.85);
#1537=VECTOR('',#5574,0.699999999999999);
#1538=VECTOR('',#5577,1.6);
#1539=VECTOR('',#5578,1.);
#1540=VECTOR('',#5579,1.6);
#1541=VECTOR('',#5580,1.);
#1542=VECTOR('',#5583,0.8);
#1543=VECTOR('',#5584,1.);
#1544=VECTOR('',#5585,0.8);
#1545=VECTOR('',#5588,1.6);
#1546=VECTOR('',#5589,1.6);
#1547=VECTOR('',#5590,1.);
#1548=VECTOR('',#5593,0.8);
#1549=VECTOR('',#5594,0.8);
#1550=VECTOR('',#5597,1.);
#1551=VECTOR('',#5598,1.6);
#1552=VECTOR('',#5599,1.);
#1553=VECTOR('',#5600,1.6);
#1554=VECTOR('',#5603,0.8);
#1555=VECTOR('',#5604,1.);
#1556=VECTOR('',#5605,0.8);
#1557=VECTOR('',#5608,1.6);
#1558=VECTOR('',#5609,1.);
#1559=VECTOR('',#5610,1.6);
#1560=VECTOR('',#5613,0.8);
#1561=VECTOR('',#5614,0.8);
#1562=VECTOR('',#5617,1.);
#1563=VECTOR('',#5618,1.6);
#1564=VECTOR('',#5619,1.);
#1565=VECTOR('',#5620,1.6);
#1566=VECTOR('',#5623,0.8);
#1567=VECTOR('',#5624,1.);
#1568=VECTOR('',#5625,0.8);
#1569=VECTOR('',#5628,1.6);
#1570=VECTOR('',#5629,1.);
#1571=VECTOR('',#5630,1.6);
#1572=VECTOR('',#5633,0.8);
#1573=VECTOR('',#5634,0.8);
#1574=VECTOR('',#5637,0.5);
#1575=VECTOR('',#5642,0.7);
#1576=VECTOR('',#5643,2.45);
#1577=VECTOR('',#5644,0.700000000000001);
#1578=VECTOR('',#5649,0.85);
#1579=VECTOR('',#5650,1.35);
#1580=VECTOR('',#5651,0.3);
#1581=VECTOR('',#5654,0.3);
#1582=VECTOR('',#5659,0.3);
#1583=VECTOR('',#5660,0.3);
#1584=VECTOR('',#5663,0.3);
#1585=VECTOR('',#5666,0.3);
#1586=VECTOR('',#5671,0.875000000000003);
#1587=VECTOR('',#5676,0.613517457067497);
#1588=VECTOR('',#5677,0.875000000000002);
#1589=VECTOR('',#5678,0.613517457067497);
#1590=VECTOR('',#5683,0.85);
#1591=VECTOR('',#5684,0.5);
#1592=VECTOR('',#5685,1.15944762879751);
#1593=VECTOR('',#5688,0.5);
#1594=VECTOR('',#5693,1.15944762879751);
#1595=VECTOR('',#5694,0.900000000000001);
#1596=VECTOR('',#5695,1.15944762879751);
#1597=VECTOR('',#5696,0.9);
#1598=VECTOR('',#5699,1.15944762879751);
#1599=VECTOR('',#5700,0.875000000000002);
#1600=VECTOR('',#5701,1.15944762879751);
#1601=VECTOR('',#5702,0.875000000000003);
#1602=VECTOR('',#5713,0.875000000000003);
#1603=VECTOR('',#5720,0.875000000000002);
#1604=VECTOR('',#5725,0.613517457067497);
#1605=VECTOR('',#5726,0.613517457067497);
#1606=VECTOR('',#5731,0.9);
#1607=VECTOR('',#5736,0.613517457067497);
#1608=VECTOR('',#5737,0.613517457067497);
#1609=VECTOR('',#5738,0.9);
#1610=VECTOR('',#5745,0.9);
#1611=VECTOR('',#5748,1.15944762879751);
#1612=VECTOR('',#5749,0.9);
#1613=VECTOR('',#5750,1.15944762879751);
#1614=VECTOR('',#5755,0.9);
#1615=VECTOR('',#5762,0.9);
#1616=VECTOR('',#5767,0.613517457067497);
#1617=VECTOR('',#5768,0.613517457067497);
#1618=VECTOR('',#5771,0.85);
#1619=VECTOR('',#5774,0.85);
#1620=VECTOR('',#5777,0.5);
#1621=VECTOR('',#5780,0.5);
#1622=VECTOR('',#5783,0.85);
#1623=VECTOR('',#5786,0.85);
#1624=VECTOR('',#5789,0.5);
#1625=VECTOR('',#5792,0.5);
#1626=VECTOR('',#5795,0.85);
#1627=VECTOR('',#5798,0.85);
#1628=VECTOR('',#5801,0.5);
#1629=VECTOR('',#5804,0.5);
#1630=VECTOR('',#5807,0.85);
#1631=VECTOR('',#5812,0.5);
#1632=VECTOR('',#5813,0.875000000000003);
#1633=VECTOR('',#5818,0.875000000000003);
#1634=VECTOR('',#5821,1.15944762879751);
#1635=VECTOR('',#5824,0.85);
#1636=VECTOR('',#5827,0.85);
#1637=VECTOR('',#5830,0.85);
#1638=VECTOR('',#5833,0.3);
#1639=VECTOR('',#5836,0.300000000000001);
#1640=VECTOR('',#5843,2.45);
#1641=VECTOR('',#5846,0.7);
#1642=VECTOR('',#5853,0.3);
#1643=VECTOR('',#5856,2.1);
#1644=VECTOR('',#5861,1.);
#1645=VECTOR('',#5866,1.15);
#1646=VECTOR('',#5867,0.85);
#1647=VECTOR('',#5872,1.);
#1648=VECTOR('',#5875,1.);
#1649=VECTOR('',#5880,0.750000000000002);
#1650=VECTOR('',#5883,0.8);
#1651=VECTOR('',#5884,0.5);
#1652=VECTOR('',#5887,0.8);
#1653=VECTOR('',#5888,0.5);
#1654=VECTOR('',#5891,0.8);
#1655=VECTOR('',#5892,0.5);
#1656=VECTOR('',#5895,0.8);
#1657=VECTOR('',#5896,0.750000000000002);
#1658=VECTOR('',#5897,0.8);
#1659=VECTOR('',#5900,6.7);
#1660=VECTOR('',#5903,2.45);
#1661=VECTOR('',#5906,0.35);
#1662=VECTOR('',#5907,0.85);
#1663=VECTOR('',#5910,0.5);
#1664=VECTOR('',#5913,1.6);
#1665=VECTOR('',#5914,0.8);
#1666=VECTOR('',#5915,1.6);
#1667=VECTOR('',#5916,0.8);
#1668=VECTOR('',#5921,0.350000000000001);
#1669=VECTOR('',#5924,0.350000000000001);
#1670=VECTOR('',#5929,0.350000000000001);
#1671=VECTOR('',#5932,0.350000000000001);
#1672=VECTOR('',#5937,0.350000000000001);
#1673=VECTOR('',#5940,0.350000000000001);
#1674=VECTOR('',#5945,0.350000000000001);
#1675=VECTOR('',#5948,0.350000000000001);
#1676=VECTOR('',#5955,0.5);
#1677=VECTOR('',#5958,0.5);
#1678=VECTOR('',#5963,0.5);
#1679=VECTOR('',#5966,0.5);
#1680=VECTOR('',#5971,0.5);
#1681=VECTOR('',#5974,0.5);
#1682=VECTOR('',#5979,0.5);
#1683=VECTOR('',#5984,0.5);
#1684=VECTOR('',#5989,1.);
#1685=VECTOR('',#5990,1.);
#1686=VECTOR('',#5991,1.6);
#1687=VECTOR('',#5994,1.);
#1688=VECTOR('',#5995,0.8);
#1689=VECTOR('',#5998,1.);
#1690=VECTOR('',#5999,1.6);
#1691=VECTOR('',#6002,0.8);
#1692=VECTOR('',#6005,0.55);
#1693=VECTOR('',#6006,4.);
#1694=VECTOR('',#6009,0.55);
#1695=VECTOR('',#6010,0.25);
#1696=VECTOR('',#6013,4.);
#1697=VECTOR('',#6022,0.604543109109054);
#1698=VECTOR('',#6023,0.604543109109054);
#1699=VECTOR('',#6030,0.605347804331836);
#1700=VECTOR('',#6035,0.605347804331837);
#1701=VECTOR('',#6040,1.15453221920826);
#1702=VECTOR('',#6043,1.15453228546679);
#1703=VECTOR('',#6050,1.13579597844477);
#1704=VECTOR('',#6055,1.13579597844478);
#1705=VECTOR('',#6060,2.20087593589366);
#1706=VECTOR('',#6061,2.20087587110341);
#1707=VECTOR('',#6064,2.20227155455453);
#1708=VECTOR('',#6067,2.20227155455452);
#1709=VECTOR('',#6070,0.280452212830447);
#1710=VECTOR('',#6075,0.0885853222390695);
#1711=VECTOR('',#6082,0.0885853222390699);
#1712=VECTOR('',#6087,0.280452212830447);
#1713=VECTOR('',#6090,0.151668551416303);
#1714=VECTOR('',#6091,1.57570023114662);
#1715=VECTOR('',#6092,1.24318656621928);
#1716=VECTOR('',#6093,0.106076898795117);
#1717=VECTOR('',#6096,0.393923101204883);
#1718=VECTOR('',#6099,0.363602976573379);
#1719=VECTOR('',#6100,1.5);
#1720=VECTOR('',#6101,0.887566903004598);
#1721=VECTOR('',#6106,0.151668551416304);
#1722=VECTOR('',#6109,0.887566903004599);
#1723=VECTOR('',#6110,1.5);
#1724=VECTOR('',#6111,0.36360297657338);
#1725=VECTOR('',#6114,0.393923101204883);
#1726=VECTOR('',#6117,0.106076898795117);
#1727=VECTOR('',#6118,1.24318656621928);
#1728=VECTOR('',#6119,1.57570023114662);
#1729=VECTOR('',#6122,0.6);
#1730=VECTOR('',#6125,0.3);
#1731=VECTOR('',#6128,0.300000000000001);
#1732=VECTOR('',#6131,0.6);
#1733=VECTOR('',#6136,0.6);
#1734=VECTOR('',#6139,0.0885853222390698);
#1735=VECTOR('',#6140,0.6);
#1736=VECTOR('',#6143,0.117699373265248);
#1737=VECTOR('',#6144,0.300000000000006);
#1738=VECTOR('',#6145,0.117699429614658);
#1739=VECTOR('',#6154,0.117699429614658);
#1740=VECTOR('',#6155,0.300000000000006);
#1741=VECTOR('',#6156,0.117699373265248);
#1742=VECTOR('',#6159,0.6);
#1743=VECTOR('',#6166,0.0885853222390692);
#1744=VECTOR('',#6173,0.599999999999992);
#1745=VECTOR('',#6176,0.6);
#1746=VECTOR('',#6179,0.599999999999999);
#1747=VECTOR('',#6184,0.394652195668163);
#1748=VECTOR('',#6187,0.394652195668165);
#1749=VECTOR('',#6192,0.225000000000055);
#1750=VECTOR('',#6193,0.280452212830447);
#1751=VECTOR('',#6194,0.280452212830447);
#1752=VECTOR('',#6195,0.225000000000041);
#1753=VECTOR('',#6198,0.0507713305942872);
#1754=VECTOR('',#6199,0.05);
#1755=VECTOR('',#6200,0.0507713305942871);
#1756=VECTOR('',#6203,2.20227155455452);
#1757=VECTOR('',#6204,2.20227155455452);
#1758=VECTOR('',#6207,1.03271833780434);
#1759=VECTOR('',#6210,1.03271833780434);
#1760=VECTOR('',#6213,0.219175359259421);
#1761=VECTOR('',#6214,0.0951533210093365);
#1762=VECTOR('',#6219,0.0951533210093365);
#1763=VECTOR('',#6220,0.219175359259421);
#1764=VECTOR('',#6225,0.107475890121785);
#1765=VECTOR('',#6228,0.0196612768225857);
#1766=VECTOR('',#6231,0.019661276822575);
#1767=VECTOR('',#6234,0.107475890121785);
#1768=VECTOR('',#6239,0.162611773034596);
#1769=VECTOR('',#6240,0.162611773034596);
#1770=VECTOR('',#6245,0.804923123389992);
#1771=VECTOR('',#6246,0.1);
#1772=VECTOR('',#6247,0.111465268737922);
#1773=VECTOR('',#6250,0.123941644383673);
#1774=VECTOR('',#6253,0.1);
#1775=VECTOR('',#6254,0.804923123389992);
#1776=VECTOR('',#6257,0.111465268737922);
#1777=VECTOR('',#6260,0.123940198199188);
#1778=VECTOR('',#6263,0.1);
#1779=VECTOR('',#6264,0.00607689879511698);
#1780=VECTOR('',#6267,0.117157287525381);
#1781=VECTOR('',#6270,0.1);
#1782=VECTOR('',#6275,0.00607689879511698);
#1783=VECTOR('',#6276,0.0999999999999999);
#1784=VECTOR('',#6277,0.117157287525381);
#1785=VECTOR('',#6284,0.1);
#1786=VECTOR('',#6287,0.1);
#1787=VECTOR('',#6288,0.393923101204883);
#1788=VECTOR('',#6293,0.1);
#1789=VECTOR('',#6296,0.393923101204883);
#1790=VECTOR('',#6297,0.1);
#1791=VECTOR('',#6302,0.1);
#1792=VECTOR('',#6305,0.36360297657338);
#1793=VECTOR('',#6306,0.1);
#1794=VECTOR('',#6309,0.36360297657338);
#1795=VECTOR('',#6310,0.0999999999999999);
#1796=VECTOR('',#6317,1.5);
#1797=VECTOR('',#6320,1.5);
#1798=VECTOR('',#6323,0.032871818038231);
#1799=VECTOR('',#6326,0.100000000000001);
#1800=VECTOR('',#6333,0.00579618842507923);
#1801=VECTOR('',#6334,0.0333789188170856);
#1802=VECTOR('',#6337,0.00579618842507912);
#1803=VECTOR('',#6338,0.032871818038231);
#1804=VECTOR('',#6339,0.0333789188170856);
#1805=VECTOR('',#6342,0.1);
#1806=VECTOR('',#6351,0.10061539042375);
#1807=VECTOR('',#6352,0.100615390423751);
#1808=VECTOR('',#6355,1.92949010744048);
#1809=VECTOR('',#6358,1.92949010744047);
#1810=VECTOR('',#6361,0.209310768268387);
#1811=VECTOR('',#6364,0.225);
#1812=VECTOR('',#6369,0.209310768268372);
#1813=VECTOR('',#6370,0.225);
#1814=VECTOR('',#6373,0.192897850764853);
#1815=VECTOR('',#6374,1.32005459545147);
#1816=VECTOR('',#6379,0.101542661188575);
#1817=VECTOR('',#6380,1.21851193426289);
#1818=VECTOR('',#6383,1.32005459545147);
#1819=VECTOR('',#6384,0.192897850764853);
#1820=VECTOR('',#6387,1.21851193426289);
#1821=VECTOR('',#6388,0.101542661188575);
#1822=VECTOR('',#6397,0.0507713305942873);
#1823=VECTOR('',#6398,0.0500000000000001);
#1824=VECTOR('',#6399,0.0507713305942873);
#1825=VECTOR('',#6402,0.101363116331012);
#1826=VECTOR('',#6403,0.101363116331012);
#1827=VERTEX_POINT('',#6423);
#1828=VERTEX_POINT('',#6424);
#1829=VERTEX_POINT('',#6426);
#1830=VERTEX_POINT('',#6428);
#1831=VERTEX_POINT('',#6432);
#1832=VERTEX_POINT('',#6433);
#1833=VERTEX_POINT('',#6442);
#1834=VERTEX_POINT('',#6443);
#1835=VERTEX_POINT('',#6445);
#1836=VERTEX_POINT('',#6447);
#1837=VERTEX_POINT('',#6449);
#1838=VERTEX_POINT('',#6451);
#1839=VERTEX_POINT('',#6453);
#1840=VERTEX_POINT('',#6455);
#1841=VERTEX_POINT('',#6457);
#1842=VERTEX_POINT('',#6459);
#1843=VERTEX_POINT('',#6461);
#1844=VERTEX_POINT('',#6463);
#1845=VERTEX_POINT('',#6465);
#1846=VERTEX_POINT('',#6467);
#1847=VERTEX_POINT('',#6469);
#1848=VERTEX_POINT('',#6471);
#1849=VERTEX_POINT('',#6473);
#1850=VERTEX_POINT('',#6475);
#1851=VERTEX_POINT('',#6477);
#1852=VERTEX_POINT('',#6479);
#1853=VERTEX_POINT('',#6481);
#1854=VERTEX_POINT('',#6483);
#1855=VERTEX_POINT('',#6485);
#1856=VERTEX_POINT('',#6487);
#1857=VERTEX_POINT('',#6491);
#1858=VERTEX_POINT('',#6492);
#1859=VERTEX_POINT('',#6494);
#1860=VERTEX_POINT('',#6496);
#1861=VERTEX_POINT('',#6500);
#1862=VERTEX_POINT('',#6502);
#1863=VERTEX_POINT('',#6506);
#1864=VERTEX_POINT('',#6508);
#1865=VERTEX_POINT('',#6515);
#1866=VERTEX_POINT('',#6517);
#1867=VERTEX_POINT('',#6519);
#1868=VERTEX_POINT('',#6521);
#1869=VERTEX_POINT('',#6523);
#1870=VERTEX_POINT('',#6525);
#1871=VERTEX_POINT('',#6527);
#1872=VERTEX_POINT('',#6529);
#1873=VERTEX_POINT('',#6531);
#1874=VERTEX_POINT('',#6533);
#1875=VERTEX_POINT('',#6537);
#1876=VERTEX_POINT('',#6539);
#1877=VERTEX_POINT('',#6541);
#1878=VERTEX_POINT('',#6543);
#1879=VERTEX_POINT('',#6545);
#1880=VERTEX_POINT('',#6547);
#1881=VERTEX_POINT('',#6549);
#1882=VERTEX_POINT('',#6551);
#1883=VERTEX_POINT('',#6553);
#1884=VERTEX_POINT('',#6555);
#1885=VERTEX_POINT('',#6559);
#1886=VERTEX_POINT('',#6561);
#1887=VERTEX_POINT('',#6563);
#1888=VERTEX_POINT('',#6565);
#1889=VERTEX_POINT('',#6567);
#1890=VERTEX_POINT('',#6569);
#1891=VERTEX_POINT('',#6571);
#1892=VERTEX_POINT('',#6573);
#1893=VERTEX_POINT('',#6575);
#1894=VERTEX_POINT('',#6577);
#1895=VERTEX_POINT('',#6579);
#1896=VERTEX_POINT('',#6581);
#1897=VERTEX_POINT('',#6583);
#1898=VERTEX_POINT('',#6585);
#1899=VERTEX_POINT('',#6587);
#1900=VERTEX_POINT('',#6589);
#1901=VERTEX_POINT('',#6591);
#1902=VERTEX_POINT('',#6593);
#1903=VERTEX_POINT('',#6595);
#1904=VERTEX_POINT('',#6597);
#1905=VERTEX_POINT('',#6599);
#1906=VERTEX_POINT('',#6601);
#1907=VERTEX_POINT('',#6603);
#1908=VERTEX_POINT('',#6605);
#1909=VERTEX_POINT('',#6609);
#1910=VERTEX_POINT('',#6611);
#1911=VERTEX_POINT('',#6613);
#1912=VERTEX_POINT('',#6615);
#1913=VERTEX_POINT('',#6617);
#1914=VERTEX_POINT('',#6619);
#1915=VERTEX_POINT('',#6621);
#1916=VERTEX_POINT('',#6623);
#1917=VERTEX_POINT('',#6625);
#1918=VERTEX_POINT('',#6627);
#1919=VERTEX_POINT('',#6629);
#1920=VERTEX_POINT('',#6631);
#1921=VERTEX_POINT('',#6633);
#1922=VERTEX_POINT('',#6635);
#1923=VERTEX_POINT('',#6637);
#1924=VERTEX_POINT('',#6639);
#1925=VERTEX_POINT('',#6641);
#1926=VERTEX_POINT('',#6643);
#1927=VERTEX_POINT('',#6645);
#1928=VERTEX_POINT('',#6647);
#1929=VERTEX_POINT('',#6649);
#1930=VERTEX_POINT('',#6651);
#1931=VERTEX_POINT('',#6653);
#1932=VERTEX_POINT('',#6655);
#1933=VERTEX_POINT('',#6659);
#1934=VERTEX_POINT('',#6660);
#1935=VERTEX_POINT('',#6662);
#1936=VERTEX_POINT('',#6664);
#1937=VERTEX_POINT('',#6667);
#1938=VERTEX_POINT('',#6668);
#1939=VERTEX_POINT('',#6670);
#1940=VERTEX_POINT('',#6672);
#1941=VERTEX_POINT('',#6675);
#1942=VERTEX_POINT('',#6676);
#1943=VERTEX_POINT('',#6678);
#1944=VERTEX_POINT('',#6680);
#1945=VERTEX_POINT('',#6683);
#1946=VERTEX_POINT('',#6684);
#1947=VERTEX_POINT('',#6686);
#1948=VERTEX_POINT('',#6688);
#1949=VERTEX_POINT('',#6692);
#1950=VERTEX_POINT('',#6693);
#1951=VERTEX_POINT('',#6698);
#1952=VERTEX_POINT('',#6702);
#1953=VERTEX_POINT('',#6708);
#1954=VERTEX_POINT('',#6709);
#1955=VERTEX_POINT('',#6714);
#1956=VERTEX_POINT('',#6718);
#1957=VERTEX_POINT('',#6724);
#1958=VERTEX_POINT('',#6725);
#1959=VERTEX_POINT('',#6730);
#1960=VERTEX_POINT('',#6734);
#1961=VERTEX_POINT('',#6740);
#1962=VERTEX_POINT('',#6742);
#1963=VERTEX_POINT('',#6746);
#1964=VERTEX_POINT('',#6747);
#1965=VERTEX_POINT('',#6749);
#1966=VERTEX_POINT('',#6751);
#1967=VERTEX_POINT('',#6756);
#1968=VERTEX_POINT('',#6760);
#1969=VERTEX_POINT('',#6762);
#1970=VERTEX_POINT('',#6764);
#1971=VERTEX_POINT('',#6768);
#1972=VERTEX_POINT('',#6769);
#1973=VERTEX_POINT('',#6774);
#1974=VERTEX_POINT('',#6778);
#1975=VERTEX_POINT('',#6782);
#1976=VERTEX_POINT('',#6783);
#1977=VERTEX_POINT('',#6788);
#1978=VERTEX_POINT('',#6792);
#1979=VERTEX_POINT('',#6796);
#1980=VERTEX_POINT('',#6797);
#1981=VERTEX_POINT('',#6799);
#1982=VERTEX_POINT('',#6801);
#1983=VERTEX_POINT('',#6806);
#1984=VERTEX_POINT('',#6808);
#1985=VERTEX_POINT('',#6810);
#1986=VERTEX_POINT('',#6812);
#1987=VERTEX_POINT('',#6816);
#1988=VERTEX_POINT('',#6817);
#1989=VERTEX_POINT('',#6822);
#1990=VERTEX_POINT('',#6826);
#1991=VERTEX_POINT('',#6830);
#1992=VERTEX_POINT('',#6832);
#1993=VERTEX_POINT('',#6836);
#1994=VERTEX_POINT('',#6840);
#1995=VERTEX_POINT('',#6844);
#1996=VERTEX_POINT('',#6846);
#1997=VERTEX_POINT('',#6850);
#1998=VERTEX_POINT('',#6854);
#1999=VERTEX_POINT('',#6858);
#2000=VERTEX_POINT('',#6860);
#2001=VERTEX_POINT('',#6864);
#2002=VERTEX_POINT('',#6868);
#2003=VERTEX_POINT('',#6872);
#2004=VERTEX_POINT('',#6875);
#2005=VERTEX_POINT('',#6877);
#2006=VERTEX_POINT('',#6879);
#2007=VERTEX_POINT('',#6881);
#2008=VERTEX_POINT('',#6883);
#2009=VERTEX_POINT('',#6885);
#2010=VERTEX_POINT('',#6887);
#2011=VERTEX_POINT('',#6889);
#2012=VERTEX_POINT('',#6891);
#2013=VERTEX_POINT('',#6893);
#2014=VERTEX_POINT('',#6895);
#2015=VERTEX_POINT('',#6897);
#2016=VERTEX_POINT('',#6899);
#2017=VERTEX_POINT('',#6901);
#2018=VERTEX_POINT('',#6903);
#2019=VERTEX_POINT('',#6905);
#2020=VERTEX_POINT('',#6907);
#2021=VERTEX_POINT('',#6909);
#2022=VERTEX_POINT('',#6912);
#2023=VERTEX_POINT('',#6916);
#2024=VERTEX_POINT('',#6918);
#2025=VERTEX_POINT('',#6921);
#2026=VERTEX_POINT('',#6923);
#2027=VERTEX_POINT('',#6926);
#2028=VERTEX_POINT('',#6928);
#2029=VERTEX_POINT('',#6933);
#2030=VERTEX_POINT('',#6934);
#2031=VERTEX_POINT('',#6939);
#2032=VERTEX_POINT('',#6940);
#2033=VERTEX_POINT('',#6942);
#2034=VERTEX_POINT('',#6944);
#2035=VERTEX_POINT('',#6946);
#2036=VERTEX_POINT('',#6948);
#2037=VERTEX_POINT('',#6951);
#2038=VERTEX_POINT('',#6953);
#2039=VERTEX_POINT('',#6955);
#2040=VERTEX_POINT('',#6957);
#2041=VERTEX_POINT('',#6964);
#2042=VERTEX_POINT('',#6965);
#2043=VERTEX_POINT('',#6967);
#2044=VERTEX_POINT('',#6969);
#2045=VERTEX_POINT('',#6973);
#2046=VERTEX_POINT('',#6974);
#2047=VERTEX_POINT('',#6976);
#2048=VERTEX_POINT('',#6978);
#2049=VERTEX_POINT('',#6982);
#2050=VERTEX_POINT('',#6984);
#2051=VERTEX_POINT('',#6989);
#2052=VERTEX_POINT('',#6993);
#2053=VERTEX_POINT('',#6994);
#2054=VERTEX_POINT('',#6996);
#2055=VERTEX_POINT('',#6998);
#2056=VERTEX_POINT('',#7002);
#2057=VERTEX_POINT('',#7004);
#2058=VERTEX_POINT('',#7008);
#2059=VERTEX_POINT('',#7010);
#2060=VERTEX_POINT('',#7017);
#2061=VERTEX_POINT('',#7018);
#2062=VERTEX_POINT('',#7020);
#2063=VERTEX_POINT('',#7022);
#2064=VERTEX_POINT('',#7026);
#2065=VERTEX_POINT('',#7028);
#2066=VERTEX_POINT('',#7032);
#2067=VERTEX_POINT('',#7034);
#2068=VERTEX_POINT('',#7041);
#2069=VERTEX_POINT('',#7042);
#2070=VERTEX_POINT('',#7044);
#2071=VERTEX_POINT('',#7046);
#2072=VERTEX_POINT('',#7050);
#2073=VERTEX_POINT('',#7052);
#2074=VERTEX_POINT('',#7056);
#2075=VERTEX_POINT('',#7058);
#2076=VERTEX_POINT('',#7067);
#2077=VERTEX_POINT('',#7069);
#2078=VERTEX_POINT('',#7071);
#2079=VERTEX_POINT('',#7073);
#2080=VERTEX_POINT('',#7078);
#2081=VERTEX_POINT('',#7082);
#2082=VERTEX_POINT('',#7086);
#2083=VERTEX_POINT('',#7094);
#2084=VERTEX_POINT('',#7096);
#2085=VERTEX_POINT('',#7100);
#2086=VERTEX_POINT('',#7102);
#2087=VERTEX_POINT('',#7106);
#2088=VERTEX_POINT('',#7109);
#2089=VERTEX_POINT('',#7116);
#2090=VERTEX_POINT('',#7117);
#2091=VERTEX_POINT('',#7119);
#2092=VERTEX_POINT('',#7121);
#2093=VERTEX_POINT('',#7125);
#2094=VERTEX_POINT('',#7126);
#2095=VERTEX_POINT('',#7128);
#2096=VERTEX_POINT('',#7130);
#2097=VERTEX_POINT('',#7137);
#2098=VERTEX_POINT('',#7139);
#2099=VERTEX_POINT('',#7143);
#2100=VERTEX_POINT('',#7145);
#2101=VERTEX_POINT('',#7152);
#2102=VERTEX_POINT('',#7154);
#2103=VERTEX_POINT('',#7158);
#2104=VERTEX_POINT('',#7160);
#2105=VERTEX_POINT('',#7164);
#2106=VERTEX_POINT('',#7166);
#2107=VERTEX_POINT('',#7170);
#2108=VERTEX_POINT('',#7172);
#2109=VERTEX_POINT('',#7176);
#2110=VERTEX_POINT('',#7178);
#2111=VERTEX_POINT('',#7182);
#2112=VERTEX_POINT('',#7184);
#2113=VERTEX_POINT('',#7218);
#2114=VERTEX_POINT('',#7222);
#2115=VERTEX_POINT('',#7239);
#2116=VERTEX_POINT('',#7243);
#2117=VERTEX_POINT('',#7247);
#2118=VERTEX_POINT('',#7253);
#2119=VERTEX_POINT('',#7257);
#2120=VERTEX_POINT('',#7259);
#2121=VERTEX_POINT('',#7263);
#2122=VERTEX_POINT('',#7267);
#2123=VERTEX_POINT('',#7272);
#2124=VERTEX_POINT('',#7274);
#2125=VERTEX_POINT('',#7277);
#2126=VERTEX_POINT('',#7279);
#2127=VERTEX_POINT('',#7282);
#2128=VERTEX_POINT('',#7284);
#2129=VERTEX_POINT('',#7287);
#2130=VERTEX_POINT('',#7289);
#2131=VERTEX_POINT('',#7291);
#2132=VERTEX_POINT('',#7293);
#2133=VERTEX_POINT('',#7305);
#2134=VERTEX_POINT('',#7306);
#2135=VERTEX_POINT('',#7308);
#2136=VERTEX_POINT('',#7310);
#2137=VERTEX_POINT('',#7357);
#2138=VERTEX_POINT('',#7359);
#2139=VERTEX_POINT('',#7363);
#2140=VERTEX_POINT('',#7367);
#2141=VERTEX_POINT('',#7373);
#2142=VERTEX_POINT('',#7377);
#2143=VERTEX_POINT('',#7385);
#2144=VERTEX_POINT('',#7386);
#2145=VERTEX_POINT('',#7388);
#2146=VERTEX_POINT('',#7390);
#2147=VERTEX_POINT('',#7424);
#2148=VERTEX_POINT('',#7426);
#2149=VERTEX_POINT('',#7430);
#2150=VERTEX_POINT('',#7432);
#2151=VERTEX_POINT('',#7436);
#2152=VERTEX_POINT('',#7437);
#2153=VERTEX_POINT('',#7469);
#2154=VERTEX_POINT('',#7471);
#2155=VERTEX_POINT('',#7475);
#2156=VERTEX_POINT('',#7477);
#2157=VERTEX_POINT('',#7481);
#2158=VERTEX_POINT('',#7483);
#2159=VERTEX_POINT('',#7494);
#2160=VERTEX_POINT('',#7496);
#2161=VERTEX_POINT('',#7498);
#2162=VERTEX_POINT('',#7500);
#2163=VERTEX_POINT('',#7502);
#2164=VERTEX_POINT('',#7504);
#2165=VERTEX_POINT('',#7506);
#2166=VERTEX_POINT('',#7508);
#2167=VERTEX_POINT('',#7510);
#2168=VERTEX_POINT('',#7512);
#2169=VERTEX_POINT('',#7516);
#2170=VERTEX_POINT('',#7518);
#2171=VERTEX_POINT('',#7520);
#2172=VERTEX_POINT('',#7522);
#2173=VERTEX_POINT('',#7524);
#2174=VERTEX_POINT('',#7526);
#2175=VERTEX_POINT('',#7528);
#2176=VERTEX_POINT('',#7530);
#2177=VERTEX_POINT('',#7532);
#2178=VERTEX_POINT('',#7534);
#2179=VERTEX_POINT('',#7538);
#2180=VERTEX_POINT('',#7540);
#2181=VERTEX_POINT('',#7542);
#2182=VERTEX_POINT('',#7544);
#2183=VERTEX_POINT('',#7546);
#2184=VERTEX_POINT('',#7548);
#2185=VERTEX_POINT('',#7550);
#2186=VERTEX_POINT('',#7552);
#2187=VERTEX_POINT('',#7554);
#2188=VERTEX_POINT('',#7556);
#2189=VERTEX_POINT('',#7560);
#2190=VERTEX_POINT('',#7562);
#2191=VERTEX_POINT('',#7564);
#2192=VERTEX_POINT('',#7566);
#2193=VERTEX_POINT('',#7568);
#2194=VERTEX_POINT('',#7570);
#2195=VERTEX_POINT('',#7574);
#2196=VERTEX_POINT('',#7578);
#2197=VERTEX_POINT('',#7582);
#2198=VERTEX_POINT('',#7584);
#2199=VERTEX_POINT('',#7588);
#2200=VERTEX_POINT('',#7592);
#2201=VERTEX_POINT('',#7594);
#2202=VERTEX_POINT('',#7605);
#2203=VERTEX_POINT('',#7607);
#2204=VERTEX_POINT('',#7609);
#2205=VERTEX_POINT('',#7624);
#2206=VERTEX_POINT('',#7625);
#2207=VERTEX_POINT('',#7627);
#2208=VERTEX_POINT('',#7629);
#2209=VERTEX_POINT('',#7660);
#2210=VERTEX_POINT('',#7661);
#2211=VERTEX_POINT('',#7663);
#2212=VERTEX_POINT('',#7666);
#2213=VERTEX_POINT('',#7668);
#2214=VERTEX_POINT('',#7670);
#2215=VERTEX_POINT('',#7672);
#2216=VERTEX_POINT('',#7674);
#2217=VERTEX_POINT('',#7678);
#2218=VERTEX_POINT('',#7680);
#2219=VERTEX_POINT('',#7711);
#2220=VERTEX_POINT('',#7713);
#2221=VERTEX_POINT('',#7717);
#2222=VERTEX_POINT('',#7718);
#2223=VERTEX_POINT('',#7720);
#2224=VERTEX_POINT('',#7724);
#2225=VERTEX_POINT('',#7725);
#2226=VERTEX_POINT('',#7727);
#2227=VERTEX_POINT('',#7731);
#2228=VERTEX_POINT('',#7732);
#2229=VERTEX_POINT('',#7734);
#2230=VERTEX_POINT('',#7738);
#2231=VERTEX_POINT('',#7739);
#2232=VERTEX_POINT('',#7741);
#2233=VERTEX_POINT('',#7749);
#2234=VERTEX_POINT('',#7750);
#2235=VERTEX_POINT('',#7752);
#2236=VERTEX_POINT('',#7757);
#2237=VERTEX_POINT('',#7766);
#2238=VERTEX_POINT('',#7768);
#2239=VERTEX_POINT('',#7770);
#2240=VERTEX_POINT('',#7774);
#2241=VERTEX_POINT('',#7783);
#2242=VERTEX_POINT('',#7785);
#2243=VERTEX_POINT('',#7787);
#2244=VERTEX_POINT('',#7791);
#2245=VERTEX_POINT('',#7795);
#2246=VERTEX_POINT('',#7796);
#2247=VERTEX_POINT('',#7799);
#2248=VERTEX_POINT('',#7803);
#2249=VERTEX_POINT('',#7807);
#2250=VERTEX_POINT('',#7811);
#2251=VERTEX_POINT('',#7815);
#2252=VERTEX_POINT('',#7819);
#2253=VERTEX_POINT('',#7823);
#2254=VERTEX_POINT('',#7827);
#2255=VERTEX_POINT('',#7837);
#2256=VERTEX_POINT('',#7838);
#2257=VERTEX_POINT('',#7842);
#2258=VERTEX_POINT('',#7846);
#2259=VERTEX_POINT('',#7850);
#2260=VERTEX_POINT('',#7851);
#2261=VERTEX_POINT('',#7853);
#2262=VERTEX_POINT('',#7859);
#2263=VERTEX_POINT('',#7870);
#2264=VERTEX_POINT('',#7872);
#2265=VERTEX_POINT('',#7876);
#2266=VERTEX_POINT('',#7877);
#2267=VERTEX_POINT('',#7882);
#2268=VERTEX_POINT('',#7886);
#2269=VERTEX_POINT('',#7891);
#2270=VERTEX_POINT('',#7896);
#2271=VERTEX_POINT('',#7902);
#2272=VERTEX_POINT('',#7904);
#2273=EDGE_CURVE('',#1827,#1828,#749,.T.);
#2274=EDGE_CURVE('',#1827,#1829,#750,.T.);
#2275=EDGE_CURVE('',#1829,#1830,#751,.T.);
#2276=EDGE_CURVE('',#1828,#1830,#752,.T.);
#2277=EDGE_CURVE('',#1831,#1832,#753,.T.);
#2278=EDGE_CURVE('',#1831,#1827,#754,.T.);
#2279=EDGE_CURVE('',#1832,#1828,#755,.T.);
#2280=EDGE_CURVE('',#1829,#1831,#756,.T.);
#2281=EDGE_CURVE('',#1830,#1832,#757,.T.);
#2282=EDGE_CURVE('',#1833,#1834,#758,.T.);
#2283=EDGE_CURVE('',#1835,#1833,#759,.T.);
#2284=EDGE_CURVE('',#1835,#1836,#760,.T.);
#2285=EDGE_CURVE('',#1837,#1836,#761,.T.);
#2286=EDGE_CURVE('',#1837,#1838,#762,.T.);
#2287=EDGE_CURVE('',#1838,#1839,#763,.T.);
#2288=EDGE_CURVE('',#1840,#1839,#764,.T.);
#2289=EDGE_CURVE('',#1841,#1840,#765,.T.);
#2290=EDGE_CURVE('',#1841,#1842,#766,.T.);
#2291=EDGE_CURVE('',#1842,#1843,#767,.T.);
#2292=EDGE_CURVE('',#1843,#1844,#768,.T.);
#2293=EDGE_CURVE('',#1845,#1844,#769,.T.);
#2294=EDGE_CURVE('',#1846,#1845,#770,.T.);
#2295=EDGE_CURVE('',#1847,#1846,#771,.T.);
#2296=EDGE_CURVE('',#1848,#1847,#772,.T.);
#2297=EDGE_CURVE('',#1849,#1848,#773,.T.);
#2298=EDGE_CURVE('',#1850,#1849,#774,.T.);
#2299=EDGE_CURVE('',#1851,#1850,#775,.T.);
#2300=EDGE_CURVE('',#1852,#1851,#776,.T.);
#2301=EDGE_CURVE('',#1853,#1852,#777,.T.);
#2302=EDGE_CURVE('',#1854,#1853,#778,.T.);
#2303=EDGE_CURVE('',#1855,#1854,#779,.T.);
#2304=EDGE_CURVE('',#1856,#1855,#780,.T.);
#2305=EDGE_CURVE('',#1834,#1856,#781,.T.);
#2306=EDGE_CURVE('',#1857,#1858,#782,.T.);
#2307=EDGE_CURVE('',#1859,#1858,#783,.T.);
#2308=EDGE_CURVE('',#1860,#1859,#784,.T.);
#2309=EDGE_CURVE('',#1860,#1857,#785,.T.);
#2310=EDGE_CURVE('',#1861,#1859,#786,.T.);
#2311=EDGE_CURVE('',#1862,#1861,#787,.T.);
#2312=EDGE_CURVE('',#1862,#1860,#788,.T.);
#2313=EDGE_CURVE('',#1863,#1861,#789,.T.);
#2314=EDGE_CURVE('',#1864,#1863,#790,.T.);
#2315=EDGE_CURVE('',#1864,#1862,#791,.T.);
#2316=EDGE_CURVE('',#1858,#1863,#792,.T.);
#2317=EDGE_CURVE('',#1857,#1864,#793,.T.);
#2318=EDGE_CURVE('',#1857,#1865,#794,.T.);
#2319=EDGE_CURVE('',#1865,#1866,#795,.T.);
#2320=EDGE_CURVE('',#1867,#1866,#796,.T.);
#2321=EDGE_CURVE('',#1868,#1867,#135,.T.);
#2322=EDGE_CURVE('',#1869,#1868,#797,.T.);
#2323=EDGE_CURVE('',#1870,#1869,#136,.T.);
#2324=EDGE_CURVE('',#1870,#1871,#798,.T.);
#2325=EDGE_CURVE('',#1871,#1872,#799,.T.);
#2326=EDGE_CURVE('',#1873,#1872,#800,.T.);
#2327=EDGE_CURVE('',#1874,#1873,#801,.T.);
#2328=EDGE_CURVE('',#1864,#1874,#802,.T.);
#2329=EDGE_CURVE('',#1862,#1875,#803,.T.);
#2330=EDGE_CURVE('',#1875,#1876,#804,.T.);
#2331=EDGE_CURVE('',#1876,#1877,#805,.T.);
#2332=EDGE_CURVE('',#1877,#1878,#806,.T.);
#2333=EDGE_CURVE('',#1879,#1878,#807,.T.);
#2334=EDGE_CURVE('',#1880,#1879,#137,.T.);
#2335=EDGE_CURVE('',#1881,#1880,#808,.T.);
#2336=EDGE_CURVE('',#1882,#1881,#138,.T.);
#2337=EDGE_CURVE('',#1882,#1883,#809,.T.);
#2338=EDGE_CURVE('',#1883,#1884,#810,.T.);
#2339=EDGE_CURVE('',#1860,#1884,#811,.T.);
#2340=EDGE_CURVE('',#1884,#1885,#812,.T.);
#2341=EDGE_CURVE('',#1885,#1886,#813,.T.);
#2342=EDGE_CURVE('',#1886,#1887,#139,.T.);
#2343=EDGE_CURVE('',#1888,#1887,#814,.T.);
#2344=EDGE_CURVE('',#1888,#1889,#140,.T.);
#2345=EDGE_CURVE('',#1890,#1889,#815,.T.);
#2346=EDGE_CURVE('',#1890,#1891,#816,.T.);
#2347=EDGE_CURVE('',#1891,#1892,#817,.T.);
#2348=EDGE_CURVE('',#1892,#1893,#141,.T.);
#2349=EDGE_CURVE('',#1894,#1893,#818,.T.);
#2350=EDGE_CURVE('',#1894,#1895,#142,.T.);
#2351=EDGE_CURVE('',#1896,#1895,#819,.T.);
#2352=EDGE_CURVE('',#1896,#1897,#820,.T.);
#2353=EDGE_CURVE('',#1897,#1898,#821,.T.);
#2354=EDGE_CURVE('',#1898,#1899,#143,.T.);
#2355=EDGE_CURVE('',#1900,#1899,#822,.T.);
#2356=EDGE_CURVE('',#1900,#1901,#144,.T.);
#2357=EDGE_CURVE('',#1902,#1901,#823,.T.);
#2358=EDGE_CURVE('',#1902,#1903,#824,.T.);
#2359=EDGE_CURVE('',#1903,#1904,#825,.T.);
#2360=EDGE_CURVE('',#1904,#1905,#145,.T.);
#2361=EDGE_CURVE('',#1906,#1905,#826,.T.);
#2362=EDGE_CURVE('',#1906,#1907,#146,.T.);
#2363=EDGE_CURVE('',#1908,#1907,#827,.T.);
#2364=EDGE_CURVE('',#1908,#1865,#828,.T.);
#2365=EDGE_CURVE('',#1874,#1909,#829,.T.);
#2366=EDGE_CURVE('',#1910,#1909,#147,.T.);
#2367=EDGE_CURVE('',#1911,#1910,#830,.T.);
#2368=EDGE_CURVE('',#1912,#1911,#831,.T.);
#2369=EDGE_CURVE('',#1913,#1912,#832,.T.);
#2370=EDGE_CURVE('',#1914,#1913,#148,.T.);
#2371=EDGE_CURVE('',#1914,#1915,#833,.T.);
#2372=EDGE_CURVE('',#1916,#1915,#149,.T.);
#2373=EDGE_CURVE('',#1917,#1916,#834,.T.);
#2374=EDGE_CURVE('',#1918,#1917,#835,.T.);
#2375=EDGE_CURVE('',#1919,#1918,#836,.T.);
#2376=EDGE_CURVE('',#1920,#1919,#150,.T.);
#2377=EDGE_CURVE('',#1920,#1921,#837,.T.);
#2378=EDGE_CURVE('',#1922,#1921,#151,.T.);
#2379=EDGE_CURVE('',#1923,#1922,#838,.T.);
#2380=EDGE_CURVE('',#1924,#1923,#839,.T.);
#2381=EDGE_CURVE('',#1925,#1924,#840,.T.);
#2382=EDGE_CURVE('',#1926,#1925,#152,.T.);
#2383=EDGE_CURVE('',#1926,#1927,#841,.T.);
#2384=EDGE_CURVE('',#1928,#1927,#153,.T.);
#2385=EDGE_CURVE('',#1929,#1928,#842,.T.);
#2386=EDGE_CURVE('',#1929,#1930,#843,.T.);
#2387=EDGE_CURVE('',#1931,#1930,#844,.T.);
#2388=EDGE_CURVE('',#1932,#1931,#154,.T.);
#2389=EDGE_CURVE('',#1932,#1875,#845,.T.);
#2390=EDGE_CURVE('',#1933,#1934,#846,.T.);
#2391=EDGE_CURVE('',#1935,#1933,#847,.T.);
#2392=EDGE_CURVE('',#1936,#1935,#848,.T.);
#2393=EDGE_CURVE('',#1934,#1936,#849,.T.);
#2394=EDGE_CURVE('',#1937,#1938,#850,.T.);
#2395=EDGE_CURVE('',#1939,#1937,#851,.T.);
#2396=EDGE_CURVE('',#1940,#1939,#852,.T.);
#2397=EDGE_CURVE('',#1938,#1940,#853,.T.);
#2398=EDGE_CURVE('',#1941,#1942,#854,.T.);
#2399=EDGE_CURVE('',#1943,#1941,#855,.T.);
#2400=EDGE_CURVE('',#1944,#1943,#856,.T.);
#2401=EDGE_CURVE('',#1942,#1944,#857,.T.);
#2402=EDGE_CURVE('',#1945,#1946,#858,.T.);
#2403=EDGE_CURVE('',#1947,#1945,#859,.T.);
#2404=EDGE_CURVE('',#1948,#1947,#860,.T.);
#2405=EDGE_CURVE('',#1946,#1948,#861,.T.);
#2406=EDGE_CURVE('',#1949,#1950,#862,.T.);
#2407=EDGE_CURVE('',#1946,#1950,#863,.T.);
#2408=EDGE_CURVE('',#1948,#1949,#864,.T.);
#2409=EDGE_CURVE('',#1945,#1951,#865,.T.);
#2410=EDGE_CURVE('',#1951,#1950,#866,.T.);
#2411=EDGE_CURVE('',#1951,#1952,#867,.T.);
#2412=EDGE_CURVE('',#1947,#1952,#868,.T.);
#2413=EDGE_CURVE('',#1949,#1952,#869,.T.);
#2414=EDGE_CURVE('',#1953,#1954,#870,.T.);
#2415=EDGE_CURVE('',#1942,#1954,#871,.T.);
#2416=EDGE_CURVE('',#1944,#1953,#872,.T.);
#2417=EDGE_CURVE('',#1941,#1955,#873,.T.);
#2418=EDGE_CURVE('',#1955,#1954,#874,.T.);
#2419=EDGE_CURVE('',#1955,#1956,#875,.T.);
#2420=EDGE_CURVE('',#1943,#1956,#876,.T.);
#2421=EDGE_CURVE('',#1953,#1956,#877,.T.);
#2422=EDGE_CURVE('',#1957,#1958,#878,.T.);
#2423=EDGE_CURVE('',#1938,#1958,#879,.T.);
#2424=EDGE_CURVE('',#1940,#1957,#880,.T.);
#2425=EDGE_CURVE('',#1937,#1959,#881,.T.);
#2426=EDGE_CURVE('',#1959,#1958,#882,.T.);
#2427=EDGE_CURVE('',#1959,#1960,#883,.T.);
#2428=EDGE_CURVE('',#1939,#1960,#884,.T.);
#2429=EDGE_CURVE('',#1957,#1960,#885,.T.);
#2430=EDGE_CURVE('',#1933,#1961,#886,.T.);
#2431=EDGE_CURVE('',#1934,#1962,#887,.T.);
#2432=EDGE_CURVE('',#1961,#1962,#888,.T.);
#2433=EDGE_CURVE('',#1963,#1964,#889,.T.);
#2434=EDGE_CURVE('',#1965,#1963,#890,.T.);
#2435=EDGE_CURVE('',#1966,#1965,#891,.T.);
#2436=EDGE_CURVE('',#1911,#1966,#892,.T.);
#2437=EDGE_CURVE('',#1910,#1964,#893,.T.);
#2438=EDGE_CURVE('',#1967,#1966,#894,.T.);
#2439=EDGE_CURVE('',#1912,#1967,#895,.T.);
#2440=EDGE_CURVE('',#1968,#1967,#896,.T.);
#2441=EDGE_CURVE('',#1968,#1969,#897,.T.);
#2442=EDGE_CURVE('',#1970,#1969,#898,.T.);
#2443=EDGE_CURVE('',#1913,#1970,#899,.T.);
#2444=EDGE_CURVE('',#1971,#1972,#900,.T.);
#2445=EDGE_CURVE('',#1917,#1971,#901,.T.);
#2446=EDGE_CURVE('',#1916,#1972,#902,.T.);
#2447=EDGE_CURVE('',#1973,#1971,#903,.T.);
#2448=EDGE_CURVE('',#1918,#1973,#904,.T.);
#2449=EDGE_CURVE('',#1974,#1973,#905,.T.);
#2450=EDGE_CURVE('',#1919,#1974,#906,.T.);
#2451=EDGE_CURVE('',#1975,#1976,#907,.T.);
#2452=EDGE_CURVE('',#1923,#1975,#908,.T.);
#2453=EDGE_CURVE('',#1922,#1976,#909,.T.);
#2454=EDGE_CURVE('',#1924,#1977,#910,.T.);
#2455=EDGE_CURVE('',#1977,#1975,#911,.T.);
#2456=EDGE_CURVE('',#1978,#1977,#912,.T.);
#2457=EDGE_CURVE('',#1925,#1978,#913,.T.);
#2458=EDGE_CURVE('',#1979,#1980,#914,.T.);
#2459=EDGE_CURVE('',#1981,#1979,#915,.T.);
#2460=EDGE_CURVE('',#1981,#1982,#916,.T.);
#2461=EDGE_CURVE('',#1929,#1982,#917,.T.);
#2462=EDGE_CURVE('',#1928,#1980,#918,.T.);
#2463=EDGE_CURVE('',#1930,#1983,#919,.T.);
#2464=EDGE_CURVE('',#1983,#1984,#920,.T.);
#2465=EDGE_CURVE('',#1984,#1985,#921,.T.);
#2466=EDGE_CURVE('',#1986,#1985,#922,.T.);
#2467=EDGE_CURVE('',#1931,#1986,#923,.T.);
#2468=EDGE_CURVE('',#1987,#1988,#924,.T.);
#2469=EDGE_CURVE('',#1888,#1988,#925,.T.);
#2470=EDGE_CURVE('',#1987,#1887,#926,.T.);
#2471=EDGE_CURVE('',#1989,#1988,#155,.T.);
#2472=EDGE_CURVE('',#1889,#1989,#927,.T.);
#2473=EDGE_CURVE('',#1990,#1989,#928,.T.);
#2474=EDGE_CURVE('',#1990,#1890,#929,.T.);
#2475=EDGE_CURVE('',#1991,#1893,#930,.T.);
#2476=EDGE_CURVE('',#1991,#1992,#931,.T.);
#2477=EDGE_CURVE('',#1894,#1992,#932,.T.);
#2478=EDGE_CURVE('',#1993,#1992,#156,.T.);
#2479=EDGE_CURVE('',#1895,#1993,#933,.T.);
#2480=EDGE_CURVE('',#1994,#1993,#934,.T.);
#2481=EDGE_CURVE('',#1994,#1896,#935,.T.);
#2482=EDGE_CURVE('',#1995,#1899,#936,.T.);
#2483=EDGE_CURVE('',#1995,#1996,#937,.T.);
#2484=EDGE_CURVE('',#1900,#1996,#938,.T.);
#2485=EDGE_CURVE('',#1997,#1996,#157,.T.);
#2486=EDGE_CURVE('',#1901,#1997,#939,.T.);
#2487=EDGE_CURVE('',#1998,#1997,#940,.T.);
#2488=EDGE_CURVE('',#1998,#1902,#941,.T.);
#2489=EDGE_CURVE('',#1999,#1905,#942,.T.);
#2490=EDGE_CURVE('',#1999,#2000,#943,.T.);
#2491=EDGE_CURVE('',#1906,#2000,#944,.T.);
#2492=EDGE_CURVE('',#2001,#2000,#158,.T.);
#2493=EDGE_CURVE('',#1907,#2001,#945,.T.);
#2494=EDGE_CURVE('',#2002,#2001,#946,.T.);
#2495=EDGE_CURVE('',#2002,#1908,#947,.T.);
#2496=EDGE_CURVE('',#2003,#1964,#159,.T.);
#2497=EDGE_CURVE('',#2003,#1873,#948,.T.);
#2498=EDGE_CURVE('',#2004,#1872,#949,.T.);
#2499=EDGE_CURVE('',#2005,#2004,#950,.T.);
#2500=EDGE_CURVE('',#2006,#2005,#951,.T.);
#2501=EDGE_CURVE('',#2006,#2007,#952,.T.);
#2502=EDGE_CURVE('',#2007,#2008,#953,.T.);
#2503=EDGE_CURVE('',#2008,#2009,#954,.T.);
#2504=EDGE_CURVE('',#2009,#2010,#955,.T.);
#2505=EDGE_CURVE('',#2010,#2011,#956,.T.);
#2506=EDGE_CURVE('',#2011,#2012,#957,.T.);
#2507=EDGE_CURVE('',#2012,#2013,#958,.T.);
#2508=EDGE_CURVE('',#2013,#2014,#959,.T.);
#2509=EDGE_CURVE('',#2014,#2015,#960,.T.);
#2510=EDGE_CURVE('',#2015,#2016,#961,.T.);
#2511=EDGE_CURVE('',#2016,#2017,#962,.T.);
#2512=EDGE_CURVE('',#2017,#2018,#963,.T.);
#2513=EDGE_CURVE('',#2018,#2019,#964,.T.);
#2514=EDGE_CURVE('',#2019,#2020,#965,.T.);
#2515=EDGE_CURVE('',#2020,#2021,#966,.T.);
#2516=EDGE_CURVE('',#2021,#1877,#967,.T.);
#2517=EDGE_CURVE('',#1876,#2022,#968,.T.);
#2518=EDGE_CURVE('',#1986,#2022,#160,.T.);
#2519=EDGE_CURVE('',#1985,#1979,#969,.T.);
#2520=EDGE_CURVE('',#2023,#1980,#161,.T.);
#2521=EDGE_CURVE('',#2023,#2024,#970,.T.);
#2522=EDGE_CURVE('',#1978,#2024,#162,.T.);
#2523=EDGE_CURVE('',#2025,#1976,#163,.T.);
#2524=EDGE_CURVE('',#2025,#2026,#971,.T.);
#2525=EDGE_CURVE('',#1974,#2026,#164,.T.);
#2526=EDGE_CURVE('',#2027,#1972,#165,.T.);
#2527=EDGE_CURVE('',#2027,#2028,#972,.T.);
#2528=EDGE_CURVE('',#1970,#2028,#166,.T.);
#2529=EDGE_CURVE('',#1969,#1963,#973,.T.);
#2530=EDGE_CURVE('',#2029,#2030,#974,.T.);
#2531=EDGE_CURVE('',#2030,#1883,#975,.T.);
#2532=EDGE_CURVE('',#2029,#1882,#976,.T.);
#2533=EDGE_CURVE('',#2031,#2032,#977,.T.);
#2534=EDGE_CURVE('',#2032,#2033,#978,.T.);
#2535=EDGE_CURVE('',#2033,#2034,#979,.T.);
#2536=EDGE_CURVE('',#2035,#2034,#980,.T.);
#2537=EDGE_CURVE('',#2035,#2036,#981,.T.);
#2538=EDGE_CURVE('',#1838,#2036,#982,.T.);
#2539=EDGE_CURVE('',#1837,#2037,#983,.T.);
#2540=EDGE_CURVE('',#2038,#2037,#984,.T.);
#2541=EDGE_CURVE('',#2039,#2038,#167,.T.);
#2542=EDGE_CURVE('',#2040,#2039,#985,.T.);
#2543=EDGE_CURVE('',#2031,#2040,#168,.T.);
#2544=EDGE_CURVE('',#1866,#2032,#986,.T.);
#2545=EDGE_CURVE('',#1867,#2031,#987,.T.);
#2546=EDGE_CURVE('',#2041,#2042,#988,.T.);
#2547=EDGE_CURVE('',#2041,#2043,#989,.T.);
#2548=EDGE_CURVE('',#2043,#2044,#990,.T.);
#2549=EDGE_CURVE('',#2044,#2042,#991,.T.);
#2550=EDGE_CURVE('',#2045,#2046,#992,.T.);
#2551=EDGE_CURVE('',#2047,#2046,#993,.T.);
#2552=EDGE_CURVE('',#2047,#2048,#994,.T.);
#2553=EDGE_CURVE('',#2045,#2048,#995,.T.);
#2554=EDGE_CURVE('',#2046,#2049,#169,.T.);
#2555=EDGE_CURVE('',#2050,#2049,#996,.T.);
#2556=EDGE_CURVE('',#2050,#2047,#170,.T.);
#2557=EDGE_CURVE('',#2049,#2036,#997,.T.);
#2558=EDGE_CURVE('',#2035,#2051,#171,.T.);
#2559=EDGE_CURVE('',#2050,#2051,#998,.T.);
#2560=EDGE_CURVE('',#2052,#2053,#999,.T.);
#2561=EDGE_CURVE('',#2054,#2052,#1000,.T.);
#2562=EDGE_CURVE('',#2054,#2055,#1001,.T.);
#2563=EDGE_CURVE('',#2055,#2053,#1002,.T.);
#2564=EDGE_CURVE('',#2055,#2056,#1003,.T.);
#2565=EDGE_CURVE('',#2056,#2057,#1004,.T.);
#2566=EDGE_CURVE('',#2053,#2057,#1005,.T.);
#2567=EDGE_CURVE('',#2057,#2058,#1006,.T.);
#2568=EDGE_CURVE('',#2056,#2059,#1007,.T.);
#2569=EDGE_CURVE('',#2059,#2058,#1008,.T.);
#2570=EDGE_CURVE('',#2059,#2054,#1009,.T.);
#2571=EDGE_CURVE('',#2058,#2052,#1010,.T.);
#2572=EDGE_CURVE('',#2060,#2061,#1011,.T.);
#2573=EDGE_CURVE('',#2060,#2062,#1012,.T.);
#2574=EDGE_CURVE('',#2062,#2063,#1013,.T.);
#2575=EDGE_CURVE('',#2061,#2063,#1014,.T.);
#2576=EDGE_CURVE('',#2062,#2064,#1015,.T.);
#2577=EDGE_CURVE('',#2064,#2065,#1016,.T.);
#2578=EDGE_CURVE('',#2063,#2065,#1017,.T.);
#2579=EDGE_CURVE('',#2064,#2066,#1018,.T.);
#2580=EDGE_CURVE('',#2066,#2067,#1019,.T.);
#2581=EDGE_CURVE('',#2065,#2067,#1020,.T.);
#2582=EDGE_CURVE('',#2066,#2060,#1021,.T.);
#2583=EDGE_CURVE('',#2067,#2061,#1022,.T.);
#2584=EDGE_CURVE('',#2068,#2069,#1023,.T.);
#2585=EDGE_CURVE('',#2068,#2070,#1024,.T.);
#2586=EDGE_CURVE('',#2070,#2071,#1025,.T.);
#2587=EDGE_CURVE('',#2069,#2071,#1026,.T.);
#2588=EDGE_CURVE('',#2070,#2072,#1027,.T.);
#2589=EDGE_CURVE('',#2072,#2073,#1028,.T.);
#2590=EDGE_CURVE('',#2071,#2073,#1029,.T.);
#2591=EDGE_CURVE('',#2072,#2074,#1030,.T.);
#2592=EDGE_CURVE('',#2074,#2075,#1031,.T.);
#2593=EDGE_CURVE('',#2073,#2075,#1032,.T.);
#2594=EDGE_CURVE('',#2074,#2068,#1033,.T.);
#2595=EDGE_CURVE('',#2075,#2069,#1034,.T.);
#2596=EDGE_CURVE('',#1984,#1981,#1035,.T.);
#2597=EDGE_CURVE('',#2076,#2042,#172,.T.);
#2598=EDGE_CURVE('',#2076,#2077,#1036,.T.);
#2599=EDGE_CURVE('',#2078,#2077,#1037,.T.);
#2600=EDGE_CURVE('',#2079,#2078,#1038,.T.);
#2601=EDGE_CURVE('',#2041,#2079,#173,.T.);
#2602=EDGE_CURVE('',#1841,#1877,#1039,.T.);
#2603=EDGE_CURVE('',#1840,#2080,#1040,.T.);
#2604=EDGE_CURVE('',#1878,#2080,#1041,.T.);
#2605=EDGE_CURVE('',#2081,#1881,#1042,.T.);
#2606=EDGE_CURVE('',#2081,#2029,#174,.T.);
#2607=EDGE_CURVE('',#1880,#2082,#1043,.T.);
#2608=EDGE_CURVE('',#2082,#2081,#1044,.T.);
#2609=EDGE_CURVE('',#1868,#2040,#1045,.T.);
#2610=EDGE_CURVE('',#2039,#1869,#1046,.T.);
#2611=EDGE_CURVE('',#1856,#2083,#175,.T.);
#2612=EDGE_CURVE('',#2084,#2083,#1047,.T.);
#2613=EDGE_CURVE('',#2084,#1834,#176,.T.);
#2614=EDGE_CURVE('',#2083,#2085,#1048,.T.);
#2615=EDGE_CURVE('',#2085,#2086,#1049,.T.);
#2616=EDGE_CURVE('',#2086,#2084,#1050,.T.);
#2617=EDGE_CURVE('',#2087,#2085,#177,.T.);
#2618=EDGE_CURVE('',#1855,#2008,#1051,.T.);
#2619=EDGE_CURVE('',#2007,#2088,#1052,.T.);
#2620=EDGE_CURVE('',#2088,#2087,#1053,.T.);
#2621=EDGE_CURVE('',#1965,#1968,#1054,.T.);
#2622=EDGE_CURVE('',#2089,#2090,#1055,.T.);
#2623=EDGE_CURVE('',#2091,#2090,#1056,.T.);
#2624=EDGE_CURVE('',#2091,#2092,#1057,.T.);
#2625=EDGE_CURVE('',#2089,#2092,#1058,.T.);
#2626=EDGE_CURVE('',#2093,#2094,#1059,.T.);
#2627=EDGE_CURVE('',#2095,#2094,#1060,.T.);
#2628=EDGE_CURVE('',#2095,#2096,#1061,.T.);
#2629=EDGE_CURVE('',#2093,#2096,#1062,.T.);
#2630=EDGE_CURVE('',#1844,#2097,#178,.T.);
#2631=EDGE_CURVE('',#2098,#2097,#1063,.T.);
#2632=EDGE_CURVE('',#2098,#1845,#179,.T.);
#2633=EDGE_CURVE('',#2099,#2096,#180,.T.);
#2634=EDGE_CURVE('',#2100,#2099,#1064,.T.);
#2635=EDGE_CURVE('',#2093,#2100,#181,.T.);
#2636=EDGE_CURVE('',#2098,#2099,#1065,.T.);
#2637=EDGE_CURVE('',#2100,#2097,#1066,.T.);
#2638=EDGE_CURVE('',#1848,#2101,#182,.T.);
#2639=EDGE_CURVE('',#2102,#2101,#1067,.T.);
#2640=EDGE_CURVE('',#2102,#1849,#183,.T.);
#2641=EDGE_CURVE('',#2102,#2103,#1068,.T.);
#2642=EDGE_CURVE('',#2101,#2104,#1069,.T.);
#2643=EDGE_CURVE('',#2104,#2103,#1070,.T.);
#2644=EDGE_CURVE('',#2103,#2105,#184,.T.);
#2645=EDGE_CURVE('',#2106,#2104,#185,.T.);
#2646=EDGE_CURVE('',#2106,#2105,#1071,.T.);
#2647=EDGE_CURVE('',#2107,#2106,#1072,.T.);
#2648=EDGE_CURVE('',#2108,#2107,#1073,.T.);
#2649=EDGE_CURVE('',#2105,#2108,#1074,.T.);
#2650=EDGE_CURVE('',#1852,#2109,#186,.T.);
#2651=EDGE_CURVE('',#2110,#2109,#1075,.T.);
#2652=EDGE_CURVE('',#2110,#1853,#187,.T.);
#2653=EDGE_CURVE('',#2111,#2092,#188,.T.);
#2654=EDGE_CURVE('',#2112,#2111,#1076,.T.);
#2655=EDGE_CURVE('',#2089,#2112,#189,.T.);
#2656=EDGE_CURVE('',#2110,#2111,#1077,.T.);
#2657=EDGE_CURVE('',#2109,#2112,#1078,.T.);
#2658=EDGE_CURVE('',#1842,#2021,#1079,.T.);
#2659=EDGE_CURVE('',#1843,#2020,#1080,.T.);
#2660=EDGE_CURVE('',#2094,#2019,#1081,.T.);
#2661=EDGE_CURVE('',#2018,#2095,#1082,.T.);
#2662=EDGE_CURVE('',#1846,#2017,#1083,.T.);
#2663=EDGE_CURVE('',#1847,#2016,#1084,.T.);
#2664=EDGE_CURVE('',#2015,#2107,#1085,.T.);
#2665=EDGE_CURVE('',#2014,#2108,#1086,.T.);
#2666=EDGE_CURVE('',#1850,#2013,#1087,.T.);
#2667=EDGE_CURVE('',#1851,#2012,#1088,.T.);
#2668=EDGE_CURVE('',#2011,#2090,#1089,.T.);
#2669=EDGE_CURVE('',#2010,#2091,#1090,.T.);
#2670=EDGE_CURVE('',#1854,#2009,#1091,.T.);
#2671=EDGE_CURVE('',#2113,#2006,#1092,.T.);
#2672=EDGE_CURVE('',#2113,#2088,#1093,.T.);
#2673=EDGE_CURVE('',#2086,#2114,#190,.T.);
#2674=EDGE_CURVE('',#2087,#2114,#1094,.T.);
#2675=EDGE_CURVE('',#2114,#2113,#1095,.T.);
#2676=EDGE_CURVE('',#1833,#2005,#1096,.T.);
#2677=EDGE_CURVE('',#1835,#2004,#1097,.T.);
#2678=EDGE_CURVE('',#1836,#1872,#1098,.T.);
#2679=EDGE_CURVE('',#2037,#1871,#1099,.T.);
#2680=EDGE_CURVE('',#2038,#1870,#1100,.T.);
#2681=EDGE_CURVE('',#2115,#2034,#191,.T.);
#2682=EDGE_CURVE('',#2051,#2115,#1101,.T.);
#2683=EDGE_CURVE('',#2116,#2115,#1102,.T.);
#2684=EDGE_CURVE('',#2048,#2116,#192,.T.);
#2685=EDGE_CURVE('',#2117,#2082,#193,.T.);
#2686=EDGE_CURVE('',#1879,#2117,#1103,.T.);
#2687=EDGE_CURVE('',#2117,#2080,#1104,.T.);
#2688=EDGE_CURVE('',#2118,#2043,#194,.T.);
#2689=EDGE_CURVE('',#2079,#2118,#1105,.T.);
#2690=EDGE_CURVE('',#2078,#2119,#195,.T.);
#2691=EDGE_CURVE('',#2120,#2119,#1106,.T.);
#2692=EDGE_CURVE('',#2118,#2120,#1107,.T.);
#2693=EDGE_CURVE('',#2044,#2121,#196,.T.);
#2694=EDGE_CURVE('',#2121,#2076,#1108,.T.);
#2695=EDGE_CURVE('',#2122,#2116,#1109,.T.);
#2696=EDGE_CURVE('',#2122,#2045,#197,.T.);
#2697=EDGE_CURVE('',#2002,#2033,#1110,.T.);
#2698=EDGE_CURVE('',#1999,#2123,#198,.T.);
#2699=EDGE_CURVE('',#2124,#2123,#1111,.T.);
#2700=EDGE_CURVE('',#1998,#2124,#1112,.T.);
#2701=EDGE_CURVE('',#1995,#2125,#199,.T.);
#2702=EDGE_CURVE('',#2126,#2125,#1113,.T.);
#2703=EDGE_CURVE('',#1994,#2126,#1114,.T.);
#2704=EDGE_CURVE('',#1991,#2127,#200,.T.);
#2705=EDGE_CURVE('',#2128,#2127,#1115,.T.);
#2706=EDGE_CURVE('',#1990,#2128,#1116,.T.);
#2707=EDGE_CURVE('',#1987,#2129,#201,.T.);
#2708=EDGE_CURVE('',#2130,#2129,#1117,.T.);
#2709=EDGE_CURVE('',#2131,#2130,#1118,.T.);
#2710=EDGE_CURVE('',#2131,#2132,#1119,.T.);
#2711=EDGE_CURVE('',#2132,#2077,#202,.T.);
#2712=EDGE_CURVE('',#2121,#2122,#1120,.T.);
#2713=EDGE_CURVE('',#2119,#2132,#1121,.T.);
#2714=EDGE_CURVE('',#1839,#2120,#1122,.T.);
#2715=EDGE_CURVE('',#2030,#2131,#1123,.T.);
#2716=EDGE_CURVE('',#1982,#1983,#1124,.T.);
#2717=EDGE_CURVE('',#2133,#2134,#1125,.T.);
#2718=EDGE_CURVE('',#2135,#2133,#1126,.T.);
#2719=EDGE_CURVE('',#2136,#2135,#1127,.T.);
#2720=EDGE_CURVE('',#2134,#2136,#1128,.T.);
#2721=EDGE_CURVE('',#2123,#1904,#1129,.T.);
#2722=EDGE_CURVE('',#1903,#2124,#1130,.T.);
#2723=EDGE_CURVE('',#2125,#1898,#1131,.T.);
#2724=EDGE_CURVE('',#1897,#2126,#1132,.T.);
#2725=EDGE_CURVE('',#2127,#1892,#1133,.T.);
#2726=EDGE_CURVE('',#1891,#2128,#1134,.T.);
#2727=EDGE_CURVE('',#2129,#1886,#1135,.T.);
#2728=EDGE_CURVE('',#1885,#2130,#1136,.T.);
#2729=EDGE_CURVE('',#1926,#2024,#1137,.T.);
#2730=EDGE_CURVE('',#1927,#2023,#1138,.T.);
#2731=EDGE_CURVE('',#1920,#2026,#1139,.T.);
#2732=EDGE_CURVE('',#1921,#2025,#1140,.T.);
#2733=EDGE_CURVE('',#1914,#2028,#1141,.T.);
#2734=EDGE_CURVE('',#1915,#2027,#1142,.T.);
#2735=EDGE_CURVE('',#1909,#2003,#1143,.T.);
#2736=EDGE_CURVE('',#1932,#2022,#1144,.T.);
#2737=EDGE_CURVE('',#2133,#2137,#1145,.T.);
#2738=EDGE_CURVE('',#2134,#2138,#1146,.T.);
#2739=EDGE_CURVE('',#2137,#2138,#1147,.T.);
#2740=EDGE_CURVE('',#2135,#2139,#1148,.T.);
#2741=EDGE_CURVE('',#2139,#2137,#1149,.T.);
#2742=EDGE_CURVE('',#2136,#2140,#1150,.T.);
#2743=EDGE_CURVE('',#2140,#2139,#1151,.T.);
#2744=EDGE_CURVE('',#2138,#2140,#1152,.T.);
#2745=EDGE_CURVE('',#1961,#2141,#1153,.T.);
#2746=EDGE_CURVE('',#1935,#2141,#1154,.T.);
#2747=EDGE_CURVE('',#2142,#1962,#1155,.T.);
#2748=EDGE_CURVE('',#2142,#2141,#1156,.T.);
#2749=EDGE_CURVE('',#1936,#2142,#1157,.T.);
#2750=EDGE_CURVE('',#2143,#2144,#203,.T.);
#2751=EDGE_CURVE('',#2144,#2145,#1158,.T.);
#2752=EDGE_CURVE('',#2145,#2146,#54,.T.);
#2753=EDGE_CURVE('',#2143,#2146,#1159,.T.);
#2754=EDGE_CURVE('',#2147,#2145,#204,.T.);
#2755=EDGE_CURVE('',#2144,#2148,#205,.T.);
#2756=EDGE_CURVE('',#2148,#2147,#1160,.T.);
#2757=EDGE_CURVE('',#2146,#2149,#206,.T.);
#2758=EDGE_CURVE('',#2150,#2149,#1161,.T.);
#2759=EDGE_CURVE('',#2150,#2143,#207,.T.);
#2760=EDGE_CURVE('',#2151,#2152,#55,.T.);
#2761=EDGE_CURVE('',#2151,#2153,#1162,.T.);
#2762=EDGE_CURVE('',#2154,#2153,#38,.T.);
#2763=EDGE_CURVE('',#2152,#2154,#1163,.T.);
#2764=EDGE_CURVE('',#2155,#2153,#39,.T.);
#2765=EDGE_CURVE('',#2156,#2151,#208,.T.);
#2766=EDGE_CURVE('',#2156,#2155,#1164,.T.);
#2767=EDGE_CURVE('',#2154,#2157,#40,.F.);
#2768=EDGE_CURVE('',#2158,#2157,#1165,.T.);
#2769=EDGE_CURVE('',#2152,#2158,#209,.T.);
#2770=EDGE_CURVE('',#2145,#2151,#1166,.T.);
#2771=EDGE_CURVE('',#2146,#2152,#1167,.T.);
#2772=EDGE_CURVE('',#2147,#2156,#1168,.T.);
#2773=EDGE_CURVE('',#2149,#2158,#1169,.T.);
#2774=EDGE_CURVE('',#2150,#2159,#1170,.T.);
#2775=EDGE_CURVE('',#2160,#2159,#210,.T.);
#2776=EDGE_CURVE('',#2161,#2160,#211,.T.);
#2777=EDGE_CURVE('',#2162,#2161,#1171,.T.);
#2778=EDGE_CURVE('',#2163,#2162,#212,.T.);
#2779=EDGE_CURVE('',#2164,#2163,#213,.T.);
#2780=EDGE_CURVE('',#2165,#2164,#214,.T.);
#2781=EDGE_CURVE('',#2166,#2165,#1172,.T.);
#2782=EDGE_CURVE('',#2167,#2166,#215,.T.);
#2783=EDGE_CURVE('',#2168,#2167,#216,.T.);
#2784=EDGE_CURVE('',#2168,#2148,#1173,.T.);
#2785=EDGE_CURVE('',#2155,#2169,#1174,.T.);
#2786=EDGE_CURVE('',#2168,#2170,#1175,.T.);
#2787=EDGE_CURVE('',#2171,#2170,#1176,.T.);
#2788=EDGE_CURVE('',#2172,#2171,#1177,.T.);
#2789=EDGE_CURVE('',#2172,#2173,#217,.T.);
#2790=EDGE_CURVE('',#2174,#2173,#1178,.T.);
#2791=EDGE_CURVE('',#2175,#2174,#218,.T.);
#2792=EDGE_CURVE('',#2176,#2175,#1179,.T.);
#2793=EDGE_CURVE('',#2176,#2177,#1180,.T.);
#2794=EDGE_CURVE('',#2177,#2178,#1181,.T.);
#2795=EDGE_CURVE('',#2178,#2169,#219,.T.);
#2796=EDGE_CURVE('',#2179,#2157,#1182,.T.);
#2797=EDGE_CURVE('',#2179,#2180,#220,.T.);
#2798=EDGE_CURVE('',#2181,#2180,#1183,.T.);
#2799=EDGE_CURVE('',#2182,#2181,#1184,.T.);
#2800=EDGE_CURVE('',#2183,#2182,#1185,.T.);
#2801=EDGE_CURVE('',#2184,#2183,#221,.T.);
#2802=EDGE_CURVE('',#2185,#2184,#1186,.T.);
#2803=EDGE_CURVE('',#2185,#2186,#222,.T.);
#2804=EDGE_CURVE('',#2187,#2186,#1187,.T.);
#2805=EDGE_CURVE('',#2188,#2187,#1188,.T.);
#2806=EDGE_CURVE('',#2159,#2188,#1189,.T.);
#2807=EDGE_CURVE('',#2163,#2189,#1190,.T.);
#2808=EDGE_CURVE('',#2190,#2189,#223,.T.);
#2809=EDGE_CURVE('',#2191,#2190,#1191,.T.);
#2810=EDGE_CURVE('',#2192,#2191,#224,.T.);
#2811=EDGE_CURVE('',#2192,#2193,#1192,.T.);
#2812=EDGE_CURVE('',#2194,#2193,#225,.T.);
#2813=EDGE_CURVE('',#2164,#2194,#1193,.T.);
#2814=EDGE_CURVE('',#2194,#2195,#226,.T.);
#2815=EDGE_CURVE('',#2165,#2195,#1194,.T.);
#2816=EDGE_CURVE('',#2196,#2195,#1195,.T.);
#2817=EDGE_CURVE('',#2166,#2196,#1196,.T.);
#2818=EDGE_CURVE('',#2192,#2197,#1197,.T.);
#2819=EDGE_CURVE('',#2198,#2197,#1198,.T.);
#2820=EDGE_CURVE('',#2193,#2198,#1199,.T.);
#2821=EDGE_CURVE('',#2199,#2198,#227,.T.);
#2822=EDGE_CURVE('',#2196,#2199,#228,.T.);
#2823=EDGE_CURVE('',#2200,#2190,#1200,.T.);
#2824=EDGE_CURVE('',#2201,#2200,#1201,.T.);
#2825=EDGE_CURVE('',#2201,#2191,#1202,.T.);
#2826=EDGE_CURVE('',#2167,#2199,#1203,.T.);
#2827=EDGE_CURVE('',#2197,#2170,#56,.T.);
#2828=EDGE_CURVE('',#2202,#2189,#229,.T.);
#2829=EDGE_CURVE('',#2203,#2202,#1204,.T.);
#2830=EDGE_CURVE('',#2204,#2203,#230,.T.);
#2831=EDGE_CURVE('',#2200,#2204,#231,.T.);
#2832=EDGE_CURVE('',#2188,#2201,#57,.F.);
#2833=EDGE_CURVE('',#2160,#2204,#1205,.T.);
#2834=EDGE_CURVE('',#2162,#2202,#1206,.T.);
#2835=EDGE_CURVE('',#2161,#2203,#1207,.T.);
#2836=EDGE_CURVE('',#2205,#2206,#1208,.T.);
#2837=EDGE_CURVE('',#2205,#2207,#232,.T.);
#2838=EDGE_CURVE('',#2208,#2207,#1209,.T.);
#2839=EDGE_CURVE('',#2206,#2208,#58,.T.);
#2840=EDGE_CURVE('',#2209,#2210,#41,.T.);
#2841=EDGE_CURVE('',#2209,#2211,#1210,.T.);
#2842=EDGE_CURVE('',#2211,#2207,#1211,.T.);
#2843=EDGE_CURVE('',#2205,#2212,#1212,.T.);
#2844=EDGE_CURVE('',#2212,#2213,#1213,.T.);
#2845=EDGE_CURVE('',#2214,#2213,#42,.F.);
#2846=EDGE_CURVE('',#2214,#2215,#1214,.T.);
#2847=EDGE_CURVE('',#2215,#2216,#1215,.T.);
#2848=EDGE_CURVE('',#2216,#2210,#1216,.T.);
#2849=EDGE_CURVE('',#2217,#2208,#1217,.T.);
#2850=EDGE_CURVE('',#2218,#2217,#59,.T.);
#2851=EDGE_CURVE('',#2218,#2206,#1218,.T.);
#2852=EDGE_CURVE('',#2219,#2217,#1219,.T.);
#2853=EDGE_CURVE('',#2219,#2220,#43,.T.);
#2854=EDGE_CURVE('',#2220,#2218,#1220,.T.);
#2855=EDGE_CURVE('',#2221,#2222,#1221,.T.);
#2856=EDGE_CURVE('',#2222,#2223,#1222,.T.);
#2857=EDGE_CURVE('',#2221,#2223,#233,.T.);
#2858=EDGE_CURVE('',#2224,#2225,#1223,.T.);
#2859=EDGE_CURVE('',#2226,#2225,#1224,.T.);
#2860=EDGE_CURVE('',#2224,#2226,#234,.T.);
#2861=EDGE_CURVE('',#2227,#2228,#1225,.T.);
#2862=EDGE_CURVE('',#2227,#2229,#235,.T.);
#2863=EDGE_CURVE('',#2228,#2229,#1226,.T.);
#2864=EDGE_CURVE('',#2230,#2231,#1227,.T.);
#2865=EDGE_CURVE('',#2232,#2230,#236,.T.);
#2866=EDGE_CURVE('',#2232,#2231,#1228,.T.);
#2867=EDGE_CURVE('',#2229,#2230,#44,.T.);
#2868=EDGE_CURVE('',#2231,#2220,#1229,.T.);
#2869=EDGE_CURVE('',#2228,#2219,#1230,.T.);
#2870=EDGE_CURVE('',#2233,#2234,#237,.T.);
#2871=EDGE_CURVE('',#2235,#2234,#1231,.T.);
#2872=EDGE_CURVE('',#2181,#2235,#1232,.T.);
#2873=EDGE_CURVE('',#2233,#2180,#1233,.T.);
#2874=EDGE_CURVE('',#2236,#2179,#1234,.T.);
#2875=EDGE_CURVE('',#2233,#2236,#60,.T.);
#2876=EDGE_CURVE('',#2237,#2177,#1235,.T.);
#2877=EDGE_CURVE('',#2237,#2238,#1236,.T.);
#2878=EDGE_CURVE('',#2239,#2238,#238,.T.);
#2879=EDGE_CURVE('',#2178,#2239,#1237,.T.);
#2880=EDGE_CURVE('',#2240,#2239,#61,.F.);
#2881=EDGE_CURVE('',#2169,#2240,#1238,.T.);
#2882=EDGE_CURVE('',#2241,#2186,#1239,.T.);
#2883=EDGE_CURVE('',#2241,#2242,#1240,.T.);
#2884=EDGE_CURVE('',#2242,#2243,#239,.T.);
#2885=EDGE_CURVE('',#2187,#2243,#1241,.T.);
#2886=EDGE_CURVE('',#2244,#2185,#1242,.T.);
#2887=EDGE_CURVE('',#2241,#2244,#240,.T.);
#2888=EDGE_CURVE('',#2245,#2246,#1243,.T.);
#2889=EDGE_CURVE('',#2172,#2245,#1244,.T.);
#2890=EDGE_CURVE('',#2247,#2171,#1245,.T.);
#2891=EDGE_CURVE('',#2247,#2246,#241,.T.);
#2892=EDGE_CURVE('',#2248,#2245,#242,.T.);
#2893=EDGE_CURVE('',#2173,#2248,#1246,.T.);
#2894=EDGE_CURVE('',#2184,#2249,#1247,.T.);
#2895=EDGE_CURVE('',#2249,#2244,#1248,.T.);
#2896=EDGE_CURVE('',#2250,#2249,#243,.T.);
#2897=EDGE_CURVE('',#2183,#2250,#1249,.T.);
#2898=EDGE_CURVE('',#2251,#2248,#1250,.T.);
#2899=EDGE_CURVE('',#2251,#2174,#1251,.T.);
#2900=EDGE_CURVE('',#2251,#2252,#244,.T.);
#2901=EDGE_CURVE('',#2252,#2175,#1252,.T.);
#2902=EDGE_CURVE('',#2253,#2252,#1253,.T.);
#2903=EDGE_CURVE('',#2253,#2176,#1254,.T.);
#2904=EDGE_CURVE('',#2254,#2250,#1255,.T.);
#2905=EDGE_CURVE('',#2182,#2254,#1256,.T.);
#2906=EDGE_CURVE('',#2236,#2240,#45,.T.);
#2907=EDGE_CURVE('',#2235,#2254,#1257,.T.);
#2908=EDGE_CURVE('',#2237,#2253,#1258,.T.);
#2909=EDGE_CURVE('',#2255,#2256,#1259,.T.);
#2910=EDGE_CURVE('',#2243,#2255,#46,.T.);
#2911=EDGE_CURVE('',#2221,#2242,#1260,.T.);
#2912=EDGE_CURVE('',#2223,#2257,#47,.T.);
#2913=EDGE_CURVE('',#2257,#2256,#245,.T.);
#2914=EDGE_CURVE('',#2256,#2258,#1261,.T.);
#2915=EDGE_CURVE('',#2255,#2258,#1262,.T.);
#2916=EDGE_CURVE('',#2259,#2260,#1263,.T.);
#2917=EDGE_CURVE('',#2261,#2260,#1264,.T.);
#2918=EDGE_CURVE('',#2261,#2259,#1265,.T.);
#2919=EDGE_CURVE('',#2226,#2246,#1266,.T.);
#2920=EDGE_CURVE('',#2247,#2261,#48,.T.);
#2921=EDGE_CURVE('',#2260,#2262,#246,.T.);
#2922=EDGE_CURVE('',#2224,#2262,#49,.T.);
#2923=EDGE_CURVE('',#2234,#2227,#1267,.T.);
#2924=EDGE_CURVE('',#2238,#2232,#1268,.T.);
#2925=EDGE_CURVE('',#2225,#2212,#1269,.T.);
#2926=EDGE_CURVE('',#2222,#2211,#1270,.T.);
#2927=EDGE_CURVE('',#2263,#2257,#1271,.T.);
#2928=EDGE_CURVE('',#2264,#2263,#50,.F.);
#2929=EDGE_CURVE('',#2264,#2258,#1272,.T.);
#2930=EDGE_CURVE('',#2265,#2266,#51,.F.);
#2931=EDGE_CURVE('',#2262,#2265,#1273,.T.);
#2932=EDGE_CURVE('',#2259,#2266,#1274,.T.);
#2933=EDGE_CURVE('',#2267,#2192,#1275,.T.);
#2934=EDGE_CURVE('',#2266,#2267,#1276,.T.);
#2935=EDGE_CURVE('',#2267,#2268,#52,.F.);
#2936=EDGE_CURVE('',#2214,#2268,#1277,.T.);
#2937=EDGE_CURVE('',#2265,#2213,#1278,.T.);
#2938=EDGE_CURVE('',#2269,#2264,#1279,.T.);
#2939=EDGE_CURVE('',#2191,#2269,#1280,.T.);
#2940=EDGE_CURVE('',#2209,#2263,#1281,.T.);
#2941=EDGE_CURVE('',#2270,#2210,#1282,.T.);
#2942=EDGE_CURVE('',#2270,#2269,#53,.T.);
#2943=EDGE_CURVE('',#2270,#2271,#1283,.T.);
#2944=EDGE_CURVE('',#2272,#2271,#1284,.T.);
#2945=EDGE_CURVE('',#2268,#2272,#1285,.T.);
#2946=EDGE_CURVE('',#2215,#2272,#1286,.T.);
#2947=EDGE_CURVE('',#2271,#2216,#1287,.T.);
#2948=ORIENTED_EDGE('',*,*,#2273,.F.);
#2949=ORIENTED_EDGE('',*,*,#2274,.T.);
#2950=ORIENTED_EDGE('',*,*,#2275,.T.);
#2951=ORIENTED_EDGE('',*,*,#2276,.F.);
#2952=ORIENTED_EDGE('',*,*,#2277,.F.);
#2953=ORIENTED_EDGE('',*,*,#2278,.T.);
#2954=ORIENTED_EDGE('',*,*,#2273,.T.);
#2955=ORIENTED_EDGE('',*,*,#2279,.F.);
#2956=ORIENTED_EDGE('',*,*,#2275,.F.);
#2957=ORIENTED_EDGE('',*,*,#2280,.T.);
#2958=ORIENTED_EDGE('',*,*,#2277,.T.);
#2959=ORIENTED_EDGE('',*,*,#2281,.F.);
#2960=ORIENTED_EDGE('',*,*,#2276,.T.);
#2961=ORIENTED_EDGE('',*,*,#2281,.T.);
#2962=ORIENTED_EDGE('',*,*,#2279,.T.);
#2963=ORIENTED_EDGE('',*,*,#2282,.F.);
#2964=ORIENTED_EDGE('',*,*,#2283,.F.);
#2965=ORIENTED_EDGE('',*,*,#2284,.T.);
#2966=ORIENTED_EDGE('',*,*,#2285,.F.);
#2967=ORIENTED_EDGE('',*,*,#2286,.T.);
#2968=ORIENTED_EDGE('',*,*,#2287,.T.);
#2969=ORIENTED_EDGE('',*,*,#2288,.F.);
#2970=ORIENTED_EDGE('',*,*,#2289,.F.);
#2971=ORIENTED_EDGE('',*,*,#2290,.T.);
#2972=ORIENTED_EDGE('',*,*,#2291,.T.);
#2973=ORIENTED_EDGE('',*,*,#2292,.T.);
#2974=ORIENTED_EDGE('',*,*,#2293,.F.);
#2975=ORIENTED_EDGE('',*,*,#2294,.F.);
#2976=ORIENTED_EDGE('',*,*,#2295,.F.);
#2977=ORIENTED_EDGE('',*,*,#2296,.F.);
#2978=ORIENTED_EDGE('',*,*,#2297,.F.);
#2979=ORIENTED_EDGE('',*,*,#2298,.F.);
#2980=ORIENTED_EDGE('',*,*,#2299,.F.);
#2981=ORIENTED_EDGE('',*,*,#2300,.F.);
#2982=ORIENTED_EDGE('',*,*,#2301,.F.);
#2983=ORIENTED_EDGE('',*,*,#2302,.F.);
#2984=ORIENTED_EDGE('',*,*,#2303,.F.);
#2985=ORIENTED_EDGE('',*,*,#2304,.F.);
#2986=ORIENTED_EDGE('',*,*,#2305,.F.);
#2987=ORIENTED_EDGE('',*,*,#2280,.F.);
#2988=ORIENTED_EDGE('',*,*,#2274,.F.);
#2989=ORIENTED_EDGE('',*,*,#2278,.F.);
#2990=ORIENTED_EDGE('',*,*,#2306,.T.);
#2991=ORIENTED_EDGE('',*,*,#2307,.F.);
#2992=ORIENTED_EDGE('',*,*,#2308,.F.);
#2993=ORIENTED_EDGE('',*,*,#2309,.T.);
#2994=ORIENTED_EDGE('',*,*,#2308,.T.);
#2995=ORIENTED_EDGE('',*,*,#2310,.F.);
#2996=ORIENTED_EDGE('',*,*,#2311,.F.);
#2997=ORIENTED_EDGE('',*,*,#2312,.T.);
#2998=ORIENTED_EDGE('',*,*,#2311,.T.);
#2999=ORIENTED_EDGE('',*,*,#2313,.F.);
#3000=ORIENTED_EDGE('',*,*,#2314,.F.);
#3001=ORIENTED_EDGE('',*,*,#2315,.T.);
#3002=ORIENTED_EDGE('',*,*,#2314,.T.);
#3003=ORIENTED_EDGE('',*,*,#2316,.F.);
#3004=ORIENTED_EDGE('',*,*,#2306,.F.);
#3005=ORIENTED_EDGE('',*,*,#2317,.T.);
#3006=ORIENTED_EDGE('',*,*,#2318,.T.);
#3007=ORIENTED_EDGE('',*,*,#2319,.T.);
#3008=ORIENTED_EDGE('',*,*,#2320,.F.);
#3009=ORIENTED_EDGE('',*,*,#2321,.F.);
#3010=ORIENTED_EDGE('',*,*,#2322,.F.);
#3011=ORIENTED_EDGE('',*,*,#2323,.F.);
#3012=ORIENTED_EDGE('',*,*,#2324,.T.);
#3013=ORIENTED_EDGE('',*,*,#2325,.T.);
#3014=ORIENTED_EDGE('',*,*,#2326,.F.);
#3015=ORIENTED_EDGE('',*,*,#2327,.F.);
#3016=ORIENTED_EDGE('',*,*,#2328,.F.);
#3017=ORIENTED_EDGE('',*,*,#2317,.F.);
#3018=ORIENTED_EDGE('',*,*,#2329,.T.);
#3019=ORIENTED_EDGE('',*,*,#2330,.T.);
#3020=ORIENTED_EDGE('',*,*,#2331,.T.);
#3021=ORIENTED_EDGE('',*,*,#2332,.T.);
#3022=ORIENTED_EDGE('',*,*,#2333,.F.);
#3023=ORIENTED_EDGE('',*,*,#2334,.F.);
#3024=ORIENTED_EDGE('',*,*,#2335,.F.);
#3025=ORIENTED_EDGE('',*,*,#2336,.F.);
#3026=ORIENTED_EDGE('',*,*,#2337,.T.);
#3027=ORIENTED_EDGE('',*,*,#2338,.T.);
#3028=ORIENTED_EDGE('',*,*,#2339,.F.);
#3029=ORIENTED_EDGE('',*,*,#2312,.F.);
#3030=ORIENTED_EDGE('',*,*,#2339,.T.);
#3031=ORIENTED_EDGE('',*,*,#2340,.T.);
#3032=ORIENTED_EDGE('',*,*,#2341,.T.);
#3033=ORIENTED_EDGE('',*,*,#2342,.T.);
#3034=ORIENTED_EDGE('',*,*,#2343,.F.);
#3035=ORIENTED_EDGE('',*,*,#2344,.T.);
#3036=ORIENTED_EDGE('',*,*,#2345,.F.);
#3037=ORIENTED_EDGE('',*,*,#2346,.T.);
#3038=ORIENTED_EDGE('',*,*,#2347,.T.);
#3039=ORIENTED_EDGE('',*,*,#2348,.T.);
#3040=ORIENTED_EDGE('',*,*,#2349,.F.);
#3041=ORIENTED_EDGE('',*,*,#2350,.T.);
#3042=ORIENTED_EDGE('',*,*,#2351,.F.);
#3043=ORIENTED_EDGE('',*,*,#2352,.T.);
#3044=ORIENTED_EDGE('',*,*,#2353,.T.);
#3045=ORIENTED_EDGE('',*,*,#2354,.T.);
#3046=ORIENTED_EDGE('',*,*,#2355,.F.);
#3047=ORIENTED_EDGE('',*,*,#2356,.T.);
#3048=ORIENTED_EDGE('',*,*,#2357,.F.);
#3049=ORIENTED_EDGE('',*,*,#2358,.T.);
#3050=ORIENTED_EDGE('',*,*,#2359,.T.);
#3051=ORIENTED_EDGE('',*,*,#2360,.T.);
#3052=ORIENTED_EDGE('',*,*,#2361,.F.);
#3053=ORIENTED_EDGE('',*,*,#2362,.T.);
#3054=ORIENTED_EDGE('',*,*,#2363,.F.);
#3055=ORIENTED_EDGE('',*,*,#2364,.T.);
#3056=ORIENTED_EDGE('',*,*,#2318,.F.);
#3057=ORIENTED_EDGE('',*,*,#2309,.F.);
#3058=ORIENTED_EDGE('',*,*,#2328,.T.);
#3059=ORIENTED_EDGE('',*,*,#2365,.T.);
#3060=ORIENTED_EDGE('',*,*,#2366,.F.);
#3061=ORIENTED_EDGE('',*,*,#2367,.F.);
#3062=ORIENTED_EDGE('',*,*,#2368,.F.);
#3063=ORIENTED_EDGE('',*,*,#2369,.F.);
#3064=ORIENTED_EDGE('',*,*,#2370,.F.);
#3065=ORIENTED_EDGE('',*,*,#2371,.T.);
#3066=ORIENTED_EDGE('',*,*,#2372,.F.);
#3067=ORIENTED_EDGE('',*,*,#2373,.F.);
#3068=ORIENTED_EDGE('',*,*,#2374,.F.);
#3069=ORIENTED_EDGE('',*,*,#2375,.F.);
#3070=ORIENTED_EDGE('',*,*,#2376,.F.);
#3071=ORIENTED_EDGE('',*,*,#2377,.T.);
#3072=ORIENTED_EDGE('',*,*,#2378,.F.);
#3073=ORIENTED_EDGE('',*,*,#2379,.F.);
#3074=ORIENTED_EDGE('',*,*,#2380,.F.);
#3075=ORIENTED_EDGE('',*,*,#2381,.F.);
#3076=ORIENTED_EDGE('',*,*,#2382,.F.);
#3077=ORIENTED_EDGE('',*,*,#2383,.T.);
#3078=ORIENTED_EDGE('',*,*,#2384,.F.);
#3079=ORIENTED_EDGE('',*,*,#2385,.F.);
#3080=ORIENTED_EDGE('',*,*,#2386,.T.);
#3081=ORIENTED_EDGE('',*,*,#2387,.F.);
#3082=ORIENTED_EDGE('',*,*,#2388,.F.);
#3083=ORIENTED_EDGE('',*,*,#2389,.T.);
#3084=ORIENTED_EDGE('',*,*,#2329,.F.);
#3085=ORIENTED_EDGE('',*,*,#2315,.F.);
#3086=ORIENTED_EDGE('',*,*,#2313,.T.);
#3087=ORIENTED_EDGE('',*,*,#2310,.T.);
#3088=ORIENTED_EDGE('',*,*,#2307,.T.);
#3089=ORIENTED_EDGE('',*,*,#2316,.T.);
#3090=ORIENTED_EDGE('',*,*,#2390,.F.);
#3091=ORIENTED_EDGE('',*,*,#2391,.F.);
#3092=ORIENTED_EDGE('',*,*,#2392,.F.);
#3093=ORIENTED_EDGE('',*,*,#2393,.F.);
#3094=ORIENTED_EDGE('',*,*,#2394,.F.);
#3095=ORIENTED_EDGE('',*,*,#2395,.F.);
#3096=ORIENTED_EDGE('',*,*,#2396,.F.);
#3097=ORIENTED_EDGE('',*,*,#2397,.F.);
#3098=ORIENTED_EDGE('',*,*,#2398,.F.);
#3099=ORIENTED_EDGE('',*,*,#2399,.F.);
#3100=ORIENTED_EDGE('',*,*,#2400,.F.);
#3101=ORIENTED_EDGE('',*,*,#2401,.F.);
#3102=ORIENTED_EDGE('',*,*,#2402,.F.);
#3103=ORIENTED_EDGE('',*,*,#2403,.F.);
#3104=ORIENTED_EDGE('',*,*,#2404,.F.);
#3105=ORIENTED_EDGE('',*,*,#2405,.F.);
#3106=ORIENTED_EDGE('',*,*,#2406,.T.);
#3107=ORIENTED_EDGE('',*,*,#2407,.F.);
#3108=ORIENTED_EDGE('',*,*,#2405,.T.);
#3109=ORIENTED_EDGE('',*,*,#2408,.T.);
#3110=ORIENTED_EDGE('',*,*,#2409,.F.);
#3111=ORIENTED_EDGE('',*,*,#2402,.T.);
#3112=ORIENTED_EDGE('',*,*,#2407,.T.);
#3113=ORIENTED_EDGE('',*,*,#2410,.F.);
#3114=ORIENTED_EDGE('',*,*,#2411,.T.);
#3115=ORIENTED_EDGE('',*,*,#2412,.F.);
#3116=ORIENTED_EDGE('',*,*,#2403,.T.);
#3117=ORIENTED_EDGE('',*,*,#2409,.T.);
#3118=ORIENTED_EDGE('',*,*,#2408,.F.);
#3119=ORIENTED_EDGE('',*,*,#2404,.T.);
#3120=ORIENTED_EDGE('',*,*,#2412,.T.);
#3121=ORIENTED_EDGE('',*,*,#2413,.F.);
#3122=ORIENTED_EDGE('',*,*,#2414,.T.);
#3123=ORIENTED_EDGE('',*,*,#2415,.F.);
#3124=ORIENTED_EDGE('',*,*,#2401,.T.);
#3125=ORIENTED_EDGE('',*,*,#2416,.T.);
#3126=ORIENTED_EDGE('',*,*,#2417,.F.);
#3127=ORIENTED_EDGE('',*,*,#2398,.T.);
#3128=ORIENTED_EDGE('',*,*,#2415,.T.);
#3129=ORIENTED_EDGE('',*,*,#2418,.F.);
#3130=ORIENTED_EDGE('',*,*,#2419,.T.);
#3131=ORIENTED_EDGE('',*,*,#2420,.F.);
#3132=ORIENTED_EDGE('',*,*,#2399,.T.);
#3133=ORIENTED_EDGE('',*,*,#2417,.T.);
#3134=ORIENTED_EDGE('',*,*,#2416,.F.);
#3135=ORIENTED_EDGE('',*,*,#2400,.T.);
#3136=ORIENTED_EDGE('',*,*,#2420,.T.);
#3137=ORIENTED_EDGE('',*,*,#2421,.F.);
#3138=ORIENTED_EDGE('',*,*,#2422,.T.);
#3139=ORIENTED_EDGE('',*,*,#2423,.F.);
#3140=ORIENTED_EDGE('',*,*,#2397,.T.);
#3141=ORIENTED_EDGE('',*,*,#2424,.T.);
#3142=ORIENTED_EDGE('',*,*,#2425,.F.);
#3143=ORIENTED_EDGE('',*,*,#2394,.T.);
#3144=ORIENTED_EDGE('',*,*,#2423,.T.);
#3145=ORIENTED_EDGE('',*,*,#2426,.F.);
#3146=ORIENTED_EDGE('',*,*,#2427,.T.);
#3147=ORIENTED_EDGE('',*,*,#2428,.F.);
#3148=ORIENTED_EDGE('',*,*,#2395,.T.);
#3149=ORIENTED_EDGE('',*,*,#2425,.T.);
#3150=ORIENTED_EDGE('',*,*,#2424,.F.);
#3151=ORIENTED_EDGE('',*,*,#2396,.T.);
#3152=ORIENTED_EDGE('',*,*,#2428,.T.);
#3153=ORIENTED_EDGE('',*,*,#2429,.F.);
#3154=ORIENTED_EDGE('',*,*,#2430,.F.);
#3155=ORIENTED_EDGE('',*,*,#2390,.T.);
#3156=ORIENTED_EDGE('',*,*,#2431,.T.);
#3157=ORIENTED_EDGE('',*,*,#2432,.F.);
#3158=ORIENTED_EDGE('',*,*,#2433,.F.);
#3159=ORIENTED_EDGE('',*,*,#2434,.F.);
#3160=ORIENTED_EDGE('',*,*,#2435,.F.);
#3161=ORIENTED_EDGE('',*,*,#2436,.F.);
#3162=ORIENTED_EDGE('',*,*,#2367,.T.);
#3163=ORIENTED_EDGE('',*,*,#2437,.T.);
#3164=ORIENTED_EDGE('',*,*,#2438,.F.);
#3165=ORIENTED_EDGE('',*,*,#2439,.F.);
#3166=ORIENTED_EDGE('',*,*,#2368,.T.);
#3167=ORIENTED_EDGE('',*,*,#2436,.T.);
#3168=ORIENTED_EDGE('',*,*,#2369,.T.);
#3169=ORIENTED_EDGE('',*,*,#2439,.T.);
#3170=ORIENTED_EDGE('',*,*,#2440,.F.);
#3171=ORIENTED_EDGE('',*,*,#2441,.T.);
#3172=ORIENTED_EDGE('',*,*,#2442,.F.);
#3173=ORIENTED_EDGE('',*,*,#2443,.F.);
#3174=ORIENTED_EDGE('',*,*,#2444,.F.);
#3175=ORIENTED_EDGE('',*,*,#2445,.F.);
#3176=ORIENTED_EDGE('',*,*,#2373,.T.);
#3177=ORIENTED_EDGE('',*,*,#2446,.T.);
#3178=ORIENTED_EDGE('',*,*,#2447,.F.);
#3179=ORIENTED_EDGE('',*,*,#2448,.F.);
#3180=ORIENTED_EDGE('',*,*,#2374,.T.);
#3181=ORIENTED_EDGE('',*,*,#2445,.T.);
#3182=ORIENTED_EDGE('',*,*,#2375,.T.);
#3183=ORIENTED_EDGE('',*,*,#2448,.T.);
#3184=ORIENTED_EDGE('',*,*,#2449,.F.);
#3185=ORIENTED_EDGE('',*,*,#2450,.F.);
#3186=ORIENTED_EDGE('',*,*,#2451,.F.);
#3187=ORIENTED_EDGE('',*,*,#2452,.F.);
#3188=ORIENTED_EDGE('',*,*,#2379,.T.);
#3189=ORIENTED_EDGE('',*,*,#2453,.T.);
#3190=ORIENTED_EDGE('',*,*,#2454,.F.);
#3191=ORIENTED_EDGE('',*,*,#2380,.T.);
#3192=ORIENTED_EDGE('',*,*,#2452,.T.);
#3193=ORIENTED_EDGE('',*,*,#2455,.F.);
#3194=ORIENTED_EDGE('',*,*,#2381,.T.);
#3195=ORIENTED_EDGE('',*,*,#2454,.T.);
#3196=ORIENTED_EDGE('',*,*,#2456,.F.);
#3197=ORIENTED_EDGE('',*,*,#2457,.F.);
#3198=ORIENTED_EDGE('',*,*,#2458,.F.);
#3199=ORIENTED_EDGE('',*,*,#2459,.F.);
#3200=ORIENTED_EDGE('',*,*,#2460,.T.);
#3201=ORIENTED_EDGE('',*,*,#2461,.F.);
#3202=ORIENTED_EDGE('',*,*,#2385,.T.);
#3203=ORIENTED_EDGE('',*,*,#2462,.T.);
#3204=ORIENTED_EDGE('',*,*,#2387,.T.);
#3205=ORIENTED_EDGE('',*,*,#2463,.T.);
#3206=ORIENTED_EDGE('',*,*,#2464,.T.);
#3207=ORIENTED_EDGE('',*,*,#2465,.T.);
#3208=ORIENTED_EDGE('',*,*,#2466,.F.);
#3209=ORIENTED_EDGE('',*,*,#2467,.F.);
#3210=ORIENTED_EDGE('',*,*,#2468,.T.);
#3211=ORIENTED_EDGE('',*,*,#2469,.F.);
#3212=ORIENTED_EDGE('',*,*,#2343,.T.);
#3213=ORIENTED_EDGE('',*,*,#2470,.F.);
#3214=ORIENTED_EDGE('',*,*,#2471,.F.);
#3215=ORIENTED_EDGE('',*,*,#2472,.F.);
#3216=ORIENTED_EDGE('',*,*,#2344,.F.);
#3217=ORIENTED_EDGE('',*,*,#2469,.T.);
#3218=ORIENTED_EDGE('',*,*,#2345,.T.);
#3219=ORIENTED_EDGE('',*,*,#2472,.T.);
#3220=ORIENTED_EDGE('',*,*,#2473,.F.);
#3221=ORIENTED_EDGE('',*,*,#2474,.T.);
#3222=ORIENTED_EDGE('',*,*,#2349,.T.);
#3223=ORIENTED_EDGE('',*,*,#2475,.F.);
#3224=ORIENTED_EDGE('',*,*,#2476,.T.);
#3225=ORIENTED_EDGE('',*,*,#2477,.F.);
#3226=ORIENTED_EDGE('',*,*,#2478,.F.);
#3227=ORIENTED_EDGE('',*,*,#2479,.F.);
#3228=ORIENTED_EDGE('',*,*,#2350,.F.);
#3229=ORIENTED_EDGE('',*,*,#2477,.T.);
#3230=ORIENTED_EDGE('',*,*,#2351,.T.);
#3231=ORIENTED_EDGE('',*,*,#2479,.T.);
#3232=ORIENTED_EDGE('',*,*,#2480,.F.);
#3233=ORIENTED_EDGE('',*,*,#2481,.T.);
#3234=ORIENTED_EDGE('',*,*,#2355,.T.);
#3235=ORIENTED_EDGE('',*,*,#2482,.F.);
#3236=ORIENTED_EDGE('',*,*,#2483,.T.);
#3237=ORIENTED_EDGE('',*,*,#2484,.F.);
#3238=ORIENTED_EDGE('',*,*,#2485,.F.);
#3239=ORIENTED_EDGE('',*,*,#2486,.F.);
#3240=ORIENTED_EDGE('',*,*,#2356,.F.);
#3241=ORIENTED_EDGE('',*,*,#2484,.T.);
#3242=ORIENTED_EDGE('',*,*,#2357,.T.);
#3243=ORIENTED_EDGE('',*,*,#2486,.T.);
#3244=ORIENTED_EDGE('',*,*,#2487,.F.);
#3245=ORIENTED_EDGE('',*,*,#2488,.T.);
#3246=ORIENTED_EDGE('',*,*,#2361,.T.);
#3247=ORIENTED_EDGE('',*,*,#2489,.F.);
#3248=ORIENTED_EDGE('',*,*,#2490,.T.);
#3249=ORIENTED_EDGE('',*,*,#2491,.F.);
#3250=ORIENTED_EDGE('',*,*,#2492,.F.);
#3251=ORIENTED_EDGE('',*,*,#2493,.F.);
#3252=ORIENTED_EDGE('',*,*,#2362,.F.);
#3253=ORIENTED_EDGE('',*,*,#2491,.T.);
#3254=ORIENTED_EDGE('',*,*,#2363,.T.);
#3255=ORIENTED_EDGE('',*,*,#2493,.T.);
#3256=ORIENTED_EDGE('',*,*,#2494,.F.);
#3257=ORIENTED_EDGE('',*,*,#2495,.T.);
#3258=ORIENTED_EDGE('',*,*,#2496,.F.);
#3259=ORIENTED_EDGE('',*,*,#2497,.T.);
#3260=ORIENTED_EDGE('',*,*,#2326,.T.);
#3261=ORIENTED_EDGE('',*,*,#2498,.F.);
#3262=ORIENTED_EDGE('',*,*,#2499,.F.);
#3263=ORIENTED_EDGE('',*,*,#2500,.F.);
#3264=ORIENTED_EDGE('',*,*,#2501,.T.);
#3265=ORIENTED_EDGE('',*,*,#2502,.T.);
#3266=ORIENTED_EDGE('',*,*,#2503,.T.);
#3267=ORIENTED_EDGE('',*,*,#2504,.T.);
#3268=ORIENTED_EDGE('',*,*,#2505,.T.);
#3269=ORIENTED_EDGE('',*,*,#2506,.T.);
#3270=ORIENTED_EDGE('',*,*,#2507,.T.);
#3271=ORIENTED_EDGE('',*,*,#2508,.T.);
#3272=ORIENTED_EDGE('',*,*,#2509,.T.);
#3273=ORIENTED_EDGE('',*,*,#2510,.T.);
#3274=ORIENTED_EDGE('',*,*,#2511,.T.);
#3275=ORIENTED_EDGE('',*,*,#2512,.T.);
#3276=ORIENTED_EDGE('',*,*,#2513,.T.);
#3277=ORIENTED_EDGE('',*,*,#2514,.T.);
#3278=ORIENTED_EDGE('',*,*,#2515,.T.);
#3279=ORIENTED_EDGE('',*,*,#2516,.T.);
#3280=ORIENTED_EDGE('',*,*,#2331,.F.);
#3281=ORIENTED_EDGE('',*,*,#2517,.T.);
#3282=ORIENTED_EDGE('',*,*,#2518,.F.);
#3283=ORIENTED_EDGE('',*,*,#2466,.T.);
#3284=ORIENTED_EDGE('',*,*,#2519,.T.);
#3285=ORIENTED_EDGE('',*,*,#2458,.T.);
#3286=ORIENTED_EDGE('',*,*,#2520,.F.);
#3287=ORIENTED_EDGE('',*,*,#2521,.T.);
#3288=ORIENTED_EDGE('',*,*,#2522,.F.);
#3289=ORIENTED_EDGE('',*,*,#2456,.T.);
#3290=ORIENTED_EDGE('',*,*,#2455,.T.);
#3291=ORIENTED_EDGE('',*,*,#2451,.T.);
#3292=ORIENTED_EDGE('',*,*,#2523,.F.);
#3293=ORIENTED_EDGE('',*,*,#2524,.T.);
#3294=ORIENTED_EDGE('',*,*,#2525,.F.);
#3295=ORIENTED_EDGE('',*,*,#2449,.T.);
#3296=ORIENTED_EDGE('',*,*,#2447,.T.);
#3297=ORIENTED_EDGE('',*,*,#2444,.T.);
#3298=ORIENTED_EDGE('',*,*,#2526,.F.);
#3299=ORIENTED_EDGE('',*,*,#2527,.T.);
#3300=ORIENTED_EDGE('',*,*,#2528,.F.);
#3301=ORIENTED_EDGE('',*,*,#2442,.T.);
#3302=ORIENTED_EDGE('',*,*,#2529,.T.);
#3303=ORIENTED_EDGE('',*,*,#2433,.T.);
#3304=ORIENTED_EDGE('',*,*,#2530,.T.);
#3305=ORIENTED_EDGE('',*,*,#2531,.T.);
#3306=ORIENTED_EDGE('',*,*,#2337,.F.);
#3307=ORIENTED_EDGE('',*,*,#2532,.F.);
#3308=ORIENTED_EDGE('',*,*,#2533,.T.);
#3309=ORIENTED_EDGE('',*,*,#2534,.T.);
#3310=ORIENTED_EDGE('',*,*,#2535,.T.);
#3311=ORIENTED_EDGE('',*,*,#2536,.F.);
#3312=ORIENTED_EDGE('',*,*,#2537,.T.);
#3313=ORIENTED_EDGE('',*,*,#2538,.F.);
#3314=ORIENTED_EDGE('',*,*,#2286,.F.);
#3315=ORIENTED_EDGE('',*,*,#2539,.T.);
#3316=ORIENTED_EDGE('',*,*,#2540,.F.);
#3317=ORIENTED_EDGE('',*,*,#2541,.F.);
#3318=ORIENTED_EDGE('',*,*,#2542,.F.);
#3319=ORIENTED_EDGE('',*,*,#2543,.F.);
#3320=ORIENTED_EDGE('',*,*,#2320,.T.);
#3321=ORIENTED_EDGE('',*,*,#2544,.T.);
#3322=ORIENTED_EDGE('',*,*,#2533,.F.);
#3323=ORIENTED_EDGE('',*,*,#2545,.F.);
#3324=ORIENTED_EDGE('',*,*,#2546,.F.);
#3325=ORIENTED_EDGE('',*,*,#2547,.T.);
#3326=ORIENTED_EDGE('',*,*,#2548,.T.);
#3327=ORIENTED_EDGE('',*,*,#2549,.T.);
#3328=ORIENTED_EDGE('',*,*,#2550,.T.);
#3329=ORIENTED_EDGE('',*,*,#2551,.F.);
#3330=ORIENTED_EDGE('',*,*,#2552,.T.);
#3331=ORIENTED_EDGE('',*,*,#2553,.F.);
#3332=ORIENTED_EDGE('',*,*,#2554,.T.);
#3333=ORIENTED_EDGE('',*,*,#2555,.F.);
#3334=ORIENTED_EDGE('',*,*,#2556,.T.);
#3335=ORIENTED_EDGE('',*,*,#2551,.T.);
#3336=ORIENTED_EDGE('',*,*,#2557,.T.);
#3337=ORIENTED_EDGE('',*,*,#2537,.F.);
#3338=ORIENTED_EDGE('',*,*,#2558,.T.);
#3339=ORIENTED_EDGE('',*,*,#2559,.F.);
#3340=ORIENTED_EDGE('',*,*,#2555,.T.);
#3341=ORIENTED_EDGE('',*,*,#2560,.F.);
#3342=ORIENTED_EDGE('',*,*,#2561,.F.);
#3343=ORIENTED_EDGE('',*,*,#2562,.T.);
#3344=ORIENTED_EDGE('',*,*,#2563,.T.);
#3345=ORIENTED_EDGE('',*,*,#2563,.F.);
#3346=ORIENTED_EDGE('',*,*,#2564,.T.);
#3347=ORIENTED_EDGE('',*,*,#2565,.T.);
#3348=ORIENTED_EDGE('',*,*,#2566,.F.);
#3349=ORIENTED_EDGE('',*,*,#2567,.F.);
#3350=ORIENTED_EDGE('',*,*,#2565,.F.);
#3351=ORIENTED_EDGE('',*,*,#2568,.T.);
#3352=ORIENTED_EDGE('',*,*,#2569,.T.);
#3353=ORIENTED_EDGE('',*,*,#2569,.F.);
#3354=ORIENTED_EDGE('',*,*,#2570,.T.);
#3355=ORIENTED_EDGE('',*,*,#2561,.T.);
#3356=ORIENTED_EDGE('',*,*,#2571,.F.);
#3357=ORIENTED_EDGE('',*,*,#2572,.F.);
#3358=ORIENTED_EDGE('',*,*,#2573,.T.);
#3359=ORIENTED_EDGE('',*,*,#2574,.T.);
#3360=ORIENTED_EDGE('',*,*,#2575,.F.);
#3361=ORIENTED_EDGE('',*,*,#2574,.F.);
#3362=ORIENTED_EDGE('',*,*,#2576,.T.);
#3363=ORIENTED_EDGE('',*,*,#2577,.T.);
#3364=ORIENTED_EDGE('',*,*,#2578,.F.);
#3365=ORIENTED_EDGE('',*,*,#2577,.F.);
#3366=ORIENTED_EDGE('',*,*,#2579,.T.);
#3367=ORIENTED_EDGE('',*,*,#2580,.T.);
#3368=ORIENTED_EDGE('',*,*,#2581,.F.);
#3369=ORIENTED_EDGE('',*,*,#2580,.F.);
#3370=ORIENTED_EDGE('',*,*,#2582,.T.);
#3371=ORIENTED_EDGE('',*,*,#2572,.T.);
#3372=ORIENTED_EDGE('',*,*,#2583,.F.);
#3373=ORIENTED_EDGE('',*,*,#2584,.F.);
#3374=ORIENTED_EDGE('',*,*,#2585,.T.);
#3375=ORIENTED_EDGE('',*,*,#2586,.T.);
#3376=ORIENTED_EDGE('',*,*,#2587,.F.);
#3377=ORIENTED_EDGE('',*,*,#2586,.F.);
#3378=ORIENTED_EDGE('',*,*,#2588,.T.);
#3379=ORIENTED_EDGE('',*,*,#2589,.T.);
#3380=ORIENTED_EDGE('',*,*,#2590,.F.);
#3381=ORIENTED_EDGE('',*,*,#2589,.F.);
#3382=ORIENTED_EDGE('',*,*,#2591,.T.);
#3383=ORIENTED_EDGE('',*,*,#2592,.T.);
#3384=ORIENTED_EDGE('',*,*,#2593,.F.);
#3385=ORIENTED_EDGE('',*,*,#2592,.F.);
#3386=ORIENTED_EDGE('',*,*,#2594,.T.);
#3387=ORIENTED_EDGE('',*,*,#2584,.T.);
#3388=ORIENTED_EDGE('',*,*,#2595,.F.);
#3389=ORIENTED_EDGE('',*,*,#2465,.F.);
#3390=ORIENTED_EDGE('',*,*,#2596,.T.);
#3391=ORIENTED_EDGE('',*,*,#2459,.T.);
#3392=ORIENTED_EDGE('',*,*,#2519,.F.);
#3393=ORIENTED_EDGE('',*,*,#2546,.T.);
#3394=ORIENTED_EDGE('',*,*,#2597,.F.);
#3395=ORIENTED_EDGE('',*,*,#2598,.T.);
#3396=ORIENTED_EDGE('',*,*,#2599,.F.);
#3397=ORIENTED_EDGE('',*,*,#2600,.F.);
#3398=ORIENTED_EDGE('',*,*,#2601,.F.);
#3399=ORIENTED_EDGE('',*,*,#2602,.F.);
#3400=ORIENTED_EDGE('',*,*,#2289,.T.);
#3401=ORIENTED_EDGE('',*,*,#2603,.T.);
#3402=ORIENTED_EDGE('',*,*,#2604,.F.);
#3403=ORIENTED_EDGE('',*,*,#2332,.F.);
#3404=ORIENTED_EDGE('',*,*,#2336,.T.);
#3405=ORIENTED_EDGE('',*,*,#2605,.F.);
#3406=ORIENTED_EDGE('',*,*,#2606,.T.);
#3407=ORIENTED_EDGE('',*,*,#2532,.T.);
#3408=ORIENTED_EDGE('',*,*,#2335,.T.);
#3409=ORIENTED_EDGE('',*,*,#2607,.T.);
#3410=ORIENTED_EDGE('',*,*,#2608,.T.);
#3411=ORIENTED_EDGE('',*,*,#2605,.T.);
#3412=ORIENTED_EDGE('',*,*,#2543,.T.);
#3413=ORIENTED_EDGE('',*,*,#2609,.F.);
#3414=ORIENTED_EDGE('',*,*,#2321,.T.);
#3415=ORIENTED_EDGE('',*,*,#2545,.T.);
#3416=ORIENTED_EDGE('',*,*,#2542,.T.);
#3417=ORIENTED_EDGE('',*,*,#2610,.T.);
#3418=ORIENTED_EDGE('',*,*,#2322,.T.);
#3419=ORIENTED_EDGE('',*,*,#2609,.T.);
#3420=ORIENTED_EDGE('',*,*,#2611,.T.);
#3421=ORIENTED_EDGE('',*,*,#2612,.F.);
#3422=ORIENTED_EDGE('',*,*,#2613,.T.);
#3423=ORIENTED_EDGE('',*,*,#2305,.T.);
#3424=ORIENTED_EDGE('',*,*,#2614,.T.);
#3425=ORIENTED_EDGE('',*,*,#2615,.T.);
#3426=ORIENTED_EDGE('',*,*,#2616,.T.);
#3427=ORIENTED_EDGE('',*,*,#2612,.T.);
#3428=ORIENTED_EDGE('',*,*,#2617,.T.);
#3429=ORIENTED_EDGE('',*,*,#2614,.F.);
#3430=ORIENTED_EDGE('',*,*,#2611,.F.);
#3431=ORIENTED_EDGE('',*,*,#2304,.T.);
#3432=ORIENTED_EDGE('',*,*,#2618,.T.);
#3433=ORIENTED_EDGE('',*,*,#2502,.F.);
#3434=ORIENTED_EDGE('',*,*,#2619,.T.);
#3435=ORIENTED_EDGE('',*,*,#2620,.T.);
#3436=ORIENTED_EDGE('',*,*,#2441,.F.);
#3437=ORIENTED_EDGE('',*,*,#2621,.F.);
#3438=ORIENTED_EDGE('',*,*,#2434,.T.);
#3439=ORIENTED_EDGE('',*,*,#2529,.F.);
#3440=ORIENTED_EDGE('',*,*,#2435,.T.);
#3441=ORIENTED_EDGE('',*,*,#2621,.T.);
#3442=ORIENTED_EDGE('',*,*,#2440,.T.);
#3443=ORIENTED_EDGE('',*,*,#2438,.T.);
#3444=ORIENTED_EDGE('',*,*,#2622,.T.);
#3445=ORIENTED_EDGE('',*,*,#2623,.F.);
#3446=ORIENTED_EDGE('',*,*,#2624,.T.);
#3447=ORIENTED_EDGE('',*,*,#2625,.F.);
#3448=ORIENTED_EDGE('',*,*,#2626,.T.);
#3449=ORIENTED_EDGE('',*,*,#2627,.F.);
#3450=ORIENTED_EDGE('',*,*,#2628,.T.);
#3451=ORIENTED_EDGE('',*,*,#2629,.F.);
#3452=ORIENTED_EDGE('',*,*,#2566,.T.);
#3453=ORIENTED_EDGE('',*,*,#2567,.T.);
#3454=ORIENTED_EDGE('',*,*,#2571,.T.);
#3455=ORIENTED_EDGE('',*,*,#2560,.T.);
#3456=ORIENTED_EDGE('',*,*,#2414,.F.);
#3457=ORIENTED_EDGE('',*,*,#2421,.T.);
#3458=ORIENTED_EDGE('',*,*,#2419,.F.);
#3459=ORIENTED_EDGE('',*,*,#2418,.T.);
#3460=ORIENTED_EDGE('',*,*,#2578,.T.);
#3461=ORIENTED_EDGE('',*,*,#2581,.T.);
#3462=ORIENTED_EDGE('',*,*,#2583,.T.);
#3463=ORIENTED_EDGE('',*,*,#2575,.T.);
#3464=ORIENTED_EDGE('',*,*,#2406,.F.);
#3465=ORIENTED_EDGE('',*,*,#2413,.T.);
#3466=ORIENTED_EDGE('',*,*,#2411,.F.);
#3467=ORIENTED_EDGE('',*,*,#2410,.T.);
#3468=ORIENTED_EDGE('',*,*,#2590,.T.);
#3469=ORIENTED_EDGE('',*,*,#2593,.T.);
#3470=ORIENTED_EDGE('',*,*,#2595,.T.);
#3471=ORIENTED_EDGE('',*,*,#2587,.T.);
#3472=ORIENTED_EDGE('',*,*,#2422,.F.);
#3473=ORIENTED_EDGE('',*,*,#2429,.T.);
#3474=ORIENTED_EDGE('',*,*,#2427,.F.);
#3475=ORIENTED_EDGE('',*,*,#2426,.T.);
#3476=ORIENTED_EDGE('',*,*,#2630,.T.);
#3477=ORIENTED_EDGE('',*,*,#2631,.F.);
#3478=ORIENTED_EDGE('',*,*,#2632,.T.);
#3479=ORIENTED_EDGE('',*,*,#2293,.T.);
#3480=ORIENTED_EDGE('',*,*,#2633,.F.);
#3481=ORIENTED_EDGE('',*,*,#2634,.F.);
#3482=ORIENTED_EDGE('',*,*,#2635,.F.);
#3483=ORIENTED_EDGE('',*,*,#2629,.T.);
#3484=ORIENTED_EDGE('',*,*,#2636,.F.);
#3485=ORIENTED_EDGE('',*,*,#2631,.T.);
#3486=ORIENTED_EDGE('',*,*,#2637,.F.);
#3487=ORIENTED_EDGE('',*,*,#2634,.T.);
#3488=ORIENTED_EDGE('',*,*,#2638,.T.);
#3489=ORIENTED_EDGE('',*,*,#2639,.F.);
#3490=ORIENTED_EDGE('',*,*,#2640,.T.);
#3491=ORIENTED_EDGE('',*,*,#2297,.T.);
#3492=ORIENTED_EDGE('',*,*,#2641,.F.);
#3493=ORIENTED_EDGE('',*,*,#2639,.T.);
#3494=ORIENTED_EDGE('',*,*,#2642,.T.);
#3495=ORIENTED_EDGE('',*,*,#2643,.T.);
#3496=ORIENTED_EDGE('',*,*,#2644,.F.);
#3497=ORIENTED_EDGE('',*,*,#2643,.F.);
#3498=ORIENTED_EDGE('',*,*,#2645,.F.);
#3499=ORIENTED_EDGE('',*,*,#2646,.T.);
#3500=ORIENTED_EDGE('',*,*,#2647,.F.);
#3501=ORIENTED_EDGE('',*,*,#2648,.F.);
#3502=ORIENTED_EDGE('',*,*,#2649,.F.);
#3503=ORIENTED_EDGE('',*,*,#2646,.F.);
#3504=ORIENTED_EDGE('',*,*,#2650,.T.);
#3505=ORIENTED_EDGE('',*,*,#2651,.F.);
#3506=ORIENTED_EDGE('',*,*,#2652,.T.);
#3507=ORIENTED_EDGE('',*,*,#2301,.T.);
#3508=ORIENTED_EDGE('',*,*,#2653,.F.);
#3509=ORIENTED_EDGE('',*,*,#2654,.F.);
#3510=ORIENTED_EDGE('',*,*,#2655,.F.);
#3511=ORIENTED_EDGE('',*,*,#2625,.T.);
#3512=ORIENTED_EDGE('',*,*,#2656,.F.);
#3513=ORIENTED_EDGE('',*,*,#2651,.T.);
#3514=ORIENTED_EDGE('',*,*,#2657,.T.);
#3515=ORIENTED_EDGE('',*,*,#2654,.T.);
#3516=ORIENTED_EDGE('',*,*,#2602,.T.);
#3517=ORIENTED_EDGE('',*,*,#2516,.F.);
#3518=ORIENTED_EDGE('',*,*,#2658,.F.);
#3519=ORIENTED_EDGE('',*,*,#2290,.F.);
#3520=ORIENTED_EDGE('',*,*,#2515,.F.);
#3521=ORIENTED_EDGE('',*,*,#2659,.F.);
#3522=ORIENTED_EDGE('',*,*,#2291,.F.);
#3523=ORIENTED_EDGE('',*,*,#2658,.T.);
#3524=ORIENTED_EDGE('',*,*,#2637,.T.);
#3525=ORIENTED_EDGE('',*,*,#2630,.F.);
#3526=ORIENTED_EDGE('',*,*,#2292,.F.);
#3527=ORIENTED_EDGE('',*,*,#2659,.T.);
#3528=ORIENTED_EDGE('',*,*,#2514,.F.);
#3529=ORIENTED_EDGE('',*,*,#2660,.F.);
#3530=ORIENTED_EDGE('',*,*,#2626,.F.);
#3531=ORIENTED_EDGE('',*,*,#2635,.T.);
#3532=ORIENTED_EDGE('',*,*,#2627,.T.);
#3533=ORIENTED_EDGE('',*,*,#2660,.T.);
#3534=ORIENTED_EDGE('',*,*,#2513,.F.);
#3535=ORIENTED_EDGE('',*,*,#2661,.T.);
#3536=ORIENTED_EDGE('',*,*,#2636,.T.);
#3537=ORIENTED_EDGE('',*,*,#2633,.T.);
#3538=ORIENTED_EDGE('',*,*,#2628,.F.);
#3539=ORIENTED_EDGE('',*,*,#2661,.F.);
#3540=ORIENTED_EDGE('',*,*,#2512,.F.);
#3541=ORIENTED_EDGE('',*,*,#2662,.F.);
#3542=ORIENTED_EDGE('',*,*,#2294,.T.);
#3543=ORIENTED_EDGE('',*,*,#2632,.F.);
#3544=ORIENTED_EDGE('',*,*,#2663,.F.);
#3545=ORIENTED_EDGE('',*,*,#2295,.T.);
#3546=ORIENTED_EDGE('',*,*,#2662,.T.);
#3547=ORIENTED_EDGE('',*,*,#2511,.F.);
#3548=ORIENTED_EDGE('',*,*,#2296,.T.);
#3549=ORIENTED_EDGE('',*,*,#2663,.T.);
#3550=ORIENTED_EDGE('',*,*,#2510,.F.);
#3551=ORIENTED_EDGE('',*,*,#2664,.T.);
#3552=ORIENTED_EDGE('',*,*,#2647,.T.);
#3553=ORIENTED_EDGE('',*,*,#2645,.T.);
#3554=ORIENTED_EDGE('',*,*,#2642,.F.);
#3555=ORIENTED_EDGE('',*,*,#2638,.F.);
#3556=ORIENTED_EDGE('',*,*,#2664,.F.);
#3557=ORIENTED_EDGE('',*,*,#2509,.F.);
#3558=ORIENTED_EDGE('',*,*,#2665,.T.);
#3559=ORIENTED_EDGE('',*,*,#2648,.T.);
#3560=ORIENTED_EDGE('',*,*,#2641,.T.);
#3561=ORIENTED_EDGE('',*,*,#2644,.T.);
#3562=ORIENTED_EDGE('',*,*,#2649,.T.);
#3563=ORIENTED_EDGE('',*,*,#2665,.F.);
#3564=ORIENTED_EDGE('',*,*,#2508,.F.);
#3565=ORIENTED_EDGE('',*,*,#2666,.F.);
#3566=ORIENTED_EDGE('',*,*,#2298,.T.);
#3567=ORIENTED_EDGE('',*,*,#2640,.F.);
#3568=ORIENTED_EDGE('',*,*,#2507,.F.);
#3569=ORIENTED_EDGE('',*,*,#2667,.F.);
#3570=ORIENTED_EDGE('',*,*,#2299,.T.);
#3571=ORIENTED_EDGE('',*,*,#2666,.T.);
#3572=ORIENTED_EDGE('',*,*,#2300,.T.);
#3573=ORIENTED_EDGE('',*,*,#2667,.T.);
#3574=ORIENTED_EDGE('',*,*,#2506,.F.);
#3575=ORIENTED_EDGE('',*,*,#2668,.T.);
#3576=ORIENTED_EDGE('',*,*,#2622,.F.);
#3577=ORIENTED_EDGE('',*,*,#2655,.T.);
#3578=ORIENTED_EDGE('',*,*,#2657,.F.);
#3579=ORIENTED_EDGE('',*,*,#2650,.F.);
#3580=ORIENTED_EDGE('',*,*,#2505,.F.);
#3581=ORIENTED_EDGE('',*,*,#2669,.T.);
#3582=ORIENTED_EDGE('',*,*,#2623,.T.);
#3583=ORIENTED_EDGE('',*,*,#2668,.F.);
#3584=ORIENTED_EDGE('',*,*,#2656,.T.);
#3585=ORIENTED_EDGE('',*,*,#2653,.T.);
#3586=ORIENTED_EDGE('',*,*,#2624,.F.);
#3587=ORIENTED_EDGE('',*,*,#2669,.F.);
#3588=ORIENTED_EDGE('',*,*,#2504,.F.);
#3589=ORIENTED_EDGE('',*,*,#2670,.F.);
#3590=ORIENTED_EDGE('',*,*,#2302,.T.);
#3591=ORIENTED_EDGE('',*,*,#2652,.F.);
#3592=ORIENTED_EDGE('',*,*,#2618,.F.);
#3593=ORIENTED_EDGE('',*,*,#2303,.T.);
#3594=ORIENTED_EDGE('',*,*,#2670,.T.);
#3595=ORIENTED_EDGE('',*,*,#2503,.F.);
#3596=ORIENTED_EDGE('',*,*,#2501,.F.);
#3597=ORIENTED_EDGE('',*,*,#2671,.F.);
#3598=ORIENTED_EDGE('',*,*,#2672,.T.);
#3599=ORIENTED_EDGE('',*,*,#2619,.F.);
#3600=ORIENTED_EDGE('',*,*,#2673,.F.);
#3601=ORIENTED_EDGE('',*,*,#2615,.F.);
#3602=ORIENTED_EDGE('',*,*,#2617,.F.);
#3603=ORIENTED_EDGE('',*,*,#2674,.T.);
#3604=ORIENTED_EDGE('',*,*,#2620,.F.);
#3605=ORIENTED_EDGE('',*,*,#2672,.F.);
#3606=ORIENTED_EDGE('',*,*,#2675,.F.);
#3607=ORIENTED_EDGE('',*,*,#2674,.F.);
#3608=ORIENTED_EDGE('',*,*,#2673,.T.);
#3609=ORIENTED_EDGE('',*,*,#2675,.T.);
#3610=ORIENTED_EDGE('',*,*,#2671,.T.);
#3611=ORIENTED_EDGE('',*,*,#2500,.T.);
#3612=ORIENTED_EDGE('',*,*,#2676,.F.);
#3613=ORIENTED_EDGE('',*,*,#2282,.T.);
#3614=ORIENTED_EDGE('',*,*,#2613,.F.);
#3615=ORIENTED_EDGE('',*,*,#2616,.F.);
#3616=ORIENTED_EDGE('',*,*,#2676,.T.);
#3617=ORIENTED_EDGE('',*,*,#2499,.T.);
#3618=ORIENTED_EDGE('',*,*,#2677,.F.);
#3619=ORIENTED_EDGE('',*,*,#2283,.T.);
#3620=ORIENTED_EDGE('',*,*,#2284,.F.);
#3621=ORIENTED_EDGE('',*,*,#2677,.T.);
#3622=ORIENTED_EDGE('',*,*,#2498,.T.);
#3623=ORIENTED_EDGE('',*,*,#2678,.F.);
#3624=ORIENTED_EDGE('',*,*,#2325,.F.);
#3625=ORIENTED_EDGE('',*,*,#2679,.F.);
#3626=ORIENTED_EDGE('',*,*,#2539,.F.);
#3627=ORIENTED_EDGE('',*,*,#2285,.T.);
#3628=ORIENTED_EDGE('',*,*,#2678,.T.);
#3629=ORIENTED_EDGE('',*,*,#2323,.T.);
#3630=ORIENTED_EDGE('',*,*,#2610,.F.);
#3631=ORIENTED_EDGE('',*,*,#2541,.T.);
#3632=ORIENTED_EDGE('',*,*,#2680,.T.);
#3633=ORIENTED_EDGE('',*,*,#2540,.T.);
#3634=ORIENTED_EDGE('',*,*,#2679,.T.);
#3635=ORIENTED_EDGE('',*,*,#2324,.F.);
#3636=ORIENTED_EDGE('',*,*,#2680,.F.);
#3637=ORIENTED_EDGE('',*,*,#2681,.F.);
#3638=ORIENTED_EDGE('',*,*,#2682,.F.);
#3639=ORIENTED_EDGE('',*,*,#2558,.F.);
#3640=ORIENTED_EDGE('',*,*,#2536,.T.);
#3641=ORIENTED_EDGE('',*,*,#2559,.T.);
#3642=ORIENTED_EDGE('',*,*,#2682,.T.);
#3643=ORIENTED_EDGE('',*,*,#2683,.F.);
#3644=ORIENTED_EDGE('',*,*,#2684,.F.);
#3645=ORIENTED_EDGE('',*,*,#2552,.F.);
#3646=ORIENTED_EDGE('',*,*,#2556,.F.);
#3647=ORIENTED_EDGE('',*,*,#2685,.T.);
#3648=ORIENTED_EDGE('',*,*,#2607,.F.);
#3649=ORIENTED_EDGE('',*,*,#2334,.T.);
#3650=ORIENTED_EDGE('',*,*,#2686,.T.);
#3651=ORIENTED_EDGE('',*,*,#2333,.T.);
#3652=ORIENTED_EDGE('',*,*,#2604,.T.);
#3653=ORIENTED_EDGE('',*,*,#2687,.F.);
#3654=ORIENTED_EDGE('',*,*,#2686,.F.);
#3655=ORIENTED_EDGE('',*,*,#2688,.T.);
#3656=ORIENTED_EDGE('',*,*,#2547,.F.);
#3657=ORIENTED_EDGE('',*,*,#2601,.T.);
#3658=ORIENTED_EDGE('',*,*,#2689,.T.);
#3659=ORIENTED_EDGE('',*,*,#2600,.T.);
#3660=ORIENTED_EDGE('',*,*,#2690,.T.);
#3661=ORIENTED_EDGE('',*,*,#2691,.F.);
#3662=ORIENTED_EDGE('',*,*,#2692,.F.);
#3663=ORIENTED_EDGE('',*,*,#2689,.F.);
#3664=ORIENTED_EDGE('',*,*,#2597,.T.);
#3665=ORIENTED_EDGE('',*,*,#2549,.F.);
#3666=ORIENTED_EDGE('',*,*,#2693,.T.);
#3667=ORIENTED_EDGE('',*,*,#2694,.T.);
#3668=ORIENTED_EDGE('',*,*,#2684,.T.);
#3669=ORIENTED_EDGE('',*,*,#2695,.F.);
#3670=ORIENTED_EDGE('',*,*,#2696,.T.);
#3671=ORIENTED_EDGE('',*,*,#2553,.T.);
#3672=ORIENTED_EDGE('',*,*,#2683,.T.);
#3673=ORIENTED_EDGE('',*,*,#2681,.T.);
#3674=ORIENTED_EDGE('',*,*,#2535,.F.);
#3675=ORIENTED_EDGE('',*,*,#2697,.F.);
#3676=ORIENTED_EDGE('',*,*,#2494,.T.);
#3677=ORIENTED_EDGE('',*,*,#2492,.T.);
#3678=ORIENTED_EDGE('',*,*,#2490,.F.);
#3679=ORIENTED_EDGE('',*,*,#2698,.T.);
#3680=ORIENTED_EDGE('',*,*,#2699,.F.);
#3681=ORIENTED_EDGE('',*,*,#2700,.F.);
#3682=ORIENTED_EDGE('',*,*,#2487,.T.);
#3683=ORIENTED_EDGE('',*,*,#2485,.T.);
#3684=ORIENTED_EDGE('',*,*,#2483,.F.);
#3685=ORIENTED_EDGE('',*,*,#2701,.T.);
#3686=ORIENTED_EDGE('',*,*,#2702,.F.);
#3687=ORIENTED_EDGE('',*,*,#2703,.F.);
#3688=ORIENTED_EDGE('',*,*,#2480,.T.);
#3689=ORIENTED_EDGE('',*,*,#2478,.T.);
#3690=ORIENTED_EDGE('',*,*,#2476,.F.);
#3691=ORIENTED_EDGE('',*,*,#2704,.T.);
#3692=ORIENTED_EDGE('',*,*,#2705,.F.);
#3693=ORIENTED_EDGE('',*,*,#2706,.F.);
#3694=ORIENTED_EDGE('',*,*,#2473,.T.);
#3695=ORIENTED_EDGE('',*,*,#2471,.T.);
#3696=ORIENTED_EDGE('',*,*,#2468,.F.);
#3697=ORIENTED_EDGE('',*,*,#2707,.T.);
#3698=ORIENTED_EDGE('',*,*,#2708,.F.);
#3699=ORIENTED_EDGE('',*,*,#2709,.F.);
#3700=ORIENTED_EDGE('',*,*,#2710,.T.);
#3701=ORIENTED_EDGE('',*,*,#2711,.T.);
#3702=ORIENTED_EDGE('',*,*,#2598,.F.);
#3703=ORIENTED_EDGE('',*,*,#2694,.F.);
#3704=ORIENTED_EDGE('',*,*,#2712,.T.);
#3705=ORIENTED_EDGE('',*,*,#2695,.T.);
#3706=ORIENTED_EDGE('',*,*,#2711,.F.);
#3707=ORIENTED_EDGE('',*,*,#2713,.F.);
#3708=ORIENTED_EDGE('',*,*,#2690,.F.);
#3709=ORIENTED_EDGE('',*,*,#2599,.T.);
#3710=ORIENTED_EDGE('',*,*,#2530,.F.);
#3711=ORIENTED_EDGE('',*,*,#2606,.F.);
#3712=ORIENTED_EDGE('',*,*,#2608,.F.);
#3713=ORIENTED_EDGE('',*,*,#2685,.F.);
#3714=ORIENTED_EDGE('',*,*,#2687,.T.);
#3715=ORIENTED_EDGE('',*,*,#2603,.F.);
#3716=ORIENTED_EDGE('',*,*,#2288,.T.);
#3717=ORIENTED_EDGE('',*,*,#2714,.T.);
#3718=ORIENTED_EDGE('',*,*,#2691,.T.);
#3719=ORIENTED_EDGE('',*,*,#2713,.T.);
#3720=ORIENTED_EDGE('',*,*,#2710,.F.);
#3721=ORIENTED_EDGE('',*,*,#2715,.F.);
#3722=ORIENTED_EDGE('',*,*,#2464,.F.);
#3723=ORIENTED_EDGE('',*,*,#2716,.F.);
#3724=ORIENTED_EDGE('',*,*,#2460,.F.);
#3725=ORIENTED_EDGE('',*,*,#2596,.F.);
#3726=ORIENTED_EDGE('',*,*,#2557,.F.);
#3727=ORIENTED_EDGE('',*,*,#2554,.F.);
#3728=ORIENTED_EDGE('',*,*,#2550,.F.);
#3729=ORIENTED_EDGE('',*,*,#2696,.F.);
#3730=ORIENTED_EDGE('',*,*,#2712,.F.);
#3731=ORIENTED_EDGE('',*,*,#2693,.F.);
#3732=ORIENTED_EDGE('',*,*,#2548,.F.);
#3733=ORIENTED_EDGE('',*,*,#2688,.F.);
#3734=ORIENTED_EDGE('',*,*,#2692,.T.);
#3735=ORIENTED_EDGE('',*,*,#2714,.F.);
#3736=ORIENTED_EDGE('',*,*,#2287,.F.);
#3737=ORIENTED_EDGE('',*,*,#2538,.T.);
#3738=ORIENTED_EDGE('',*,*,#2562,.F.);
#3739=ORIENTED_EDGE('',*,*,#2570,.F.);
#3740=ORIENTED_EDGE('',*,*,#2568,.F.);
#3741=ORIENTED_EDGE('',*,*,#2564,.F.);
#3742=ORIENTED_EDGE('',*,*,#2573,.F.);
#3743=ORIENTED_EDGE('',*,*,#2582,.F.);
#3744=ORIENTED_EDGE('',*,*,#2579,.F.);
#3745=ORIENTED_EDGE('',*,*,#2576,.F.);
#3746=ORIENTED_EDGE('',*,*,#2717,.F.);
#3747=ORIENTED_EDGE('',*,*,#2718,.F.);
#3748=ORIENTED_EDGE('',*,*,#2719,.F.);
#3749=ORIENTED_EDGE('',*,*,#2720,.F.);
#3750=ORIENTED_EDGE('',*,*,#2585,.F.);
#3751=ORIENTED_EDGE('',*,*,#2594,.F.);
#3752=ORIENTED_EDGE('',*,*,#2591,.F.);
#3753=ORIENTED_EDGE('',*,*,#2588,.F.);
#3754=ORIENTED_EDGE('',*,*,#2697,.T.);
#3755=ORIENTED_EDGE('',*,*,#2534,.F.);
#3756=ORIENTED_EDGE('',*,*,#2544,.F.);
#3757=ORIENTED_EDGE('',*,*,#2319,.F.);
#3758=ORIENTED_EDGE('',*,*,#2364,.F.);
#3759=ORIENTED_EDGE('',*,*,#2495,.F.);
#3760=ORIENTED_EDGE('',*,*,#2360,.F.);
#3761=ORIENTED_EDGE('',*,*,#2721,.F.);
#3762=ORIENTED_EDGE('',*,*,#2698,.F.);
#3763=ORIENTED_EDGE('',*,*,#2489,.T.);
#3764=ORIENTED_EDGE('',*,*,#2699,.T.);
#3765=ORIENTED_EDGE('',*,*,#2721,.T.);
#3766=ORIENTED_EDGE('',*,*,#2359,.F.);
#3767=ORIENTED_EDGE('',*,*,#2722,.T.);
#3768=ORIENTED_EDGE('',*,*,#2700,.T.);
#3769=ORIENTED_EDGE('',*,*,#2722,.F.);
#3770=ORIENTED_EDGE('',*,*,#2358,.F.);
#3771=ORIENTED_EDGE('',*,*,#2488,.F.);
#3772=ORIENTED_EDGE('',*,*,#2354,.F.);
#3773=ORIENTED_EDGE('',*,*,#2723,.F.);
#3774=ORIENTED_EDGE('',*,*,#2701,.F.);
#3775=ORIENTED_EDGE('',*,*,#2482,.T.);
#3776=ORIENTED_EDGE('',*,*,#2702,.T.);
#3777=ORIENTED_EDGE('',*,*,#2723,.T.);
#3778=ORIENTED_EDGE('',*,*,#2353,.F.);
#3779=ORIENTED_EDGE('',*,*,#2724,.T.);
#3780=ORIENTED_EDGE('',*,*,#2352,.F.);
#3781=ORIENTED_EDGE('',*,*,#2481,.F.);
#3782=ORIENTED_EDGE('',*,*,#2703,.T.);
#3783=ORIENTED_EDGE('',*,*,#2724,.F.);
#3784=ORIENTED_EDGE('',*,*,#2348,.F.);
#3785=ORIENTED_EDGE('',*,*,#2725,.F.);
#3786=ORIENTED_EDGE('',*,*,#2704,.F.);
#3787=ORIENTED_EDGE('',*,*,#2475,.T.);
#3788=ORIENTED_EDGE('',*,*,#2705,.T.);
#3789=ORIENTED_EDGE('',*,*,#2725,.T.);
#3790=ORIENTED_EDGE('',*,*,#2347,.F.);
#3791=ORIENTED_EDGE('',*,*,#2726,.T.);
#3792=ORIENTED_EDGE('',*,*,#2706,.T.);
#3793=ORIENTED_EDGE('',*,*,#2726,.F.);
#3794=ORIENTED_EDGE('',*,*,#2346,.F.);
#3795=ORIENTED_EDGE('',*,*,#2474,.F.);
#3796=ORIENTED_EDGE('',*,*,#2342,.F.);
#3797=ORIENTED_EDGE('',*,*,#2727,.F.);
#3798=ORIENTED_EDGE('',*,*,#2707,.F.);
#3799=ORIENTED_EDGE('',*,*,#2470,.T.);
#3800=ORIENTED_EDGE('',*,*,#2708,.T.);
#3801=ORIENTED_EDGE('',*,*,#2727,.T.);
#3802=ORIENTED_EDGE('',*,*,#2341,.F.);
#3803=ORIENTED_EDGE('',*,*,#2728,.T.);
#3804=ORIENTED_EDGE('',*,*,#2340,.F.);
#3805=ORIENTED_EDGE('',*,*,#2338,.F.);
#3806=ORIENTED_EDGE('',*,*,#2531,.F.);
#3807=ORIENTED_EDGE('',*,*,#2715,.T.);
#3808=ORIENTED_EDGE('',*,*,#2709,.T.);
#3809=ORIENTED_EDGE('',*,*,#2728,.F.);
#3810=ORIENTED_EDGE('',*,*,#2461,.T.);
#3811=ORIENTED_EDGE('',*,*,#2716,.T.);
#3812=ORIENTED_EDGE('',*,*,#2463,.F.);
#3813=ORIENTED_EDGE('',*,*,#2386,.F.);
#3814=ORIENTED_EDGE('',*,*,#2522,.T.);
#3815=ORIENTED_EDGE('',*,*,#2729,.F.);
#3816=ORIENTED_EDGE('',*,*,#2382,.T.);
#3817=ORIENTED_EDGE('',*,*,#2457,.T.);
#3818=ORIENTED_EDGE('',*,*,#2520,.T.);
#3819=ORIENTED_EDGE('',*,*,#2462,.F.);
#3820=ORIENTED_EDGE('',*,*,#2384,.T.);
#3821=ORIENTED_EDGE('',*,*,#2730,.T.);
#3822=ORIENTED_EDGE('',*,*,#2521,.F.);
#3823=ORIENTED_EDGE('',*,*,#2730,.F.);
#3824=ORIENTED_EDGE('',*,*,#2383,.F.);
#3825=ORIENTED_EDGE('',*,*,#2729,.T.);
#3826=ORIENTED_EDGE('',*,*,#2525,.T.);
#3827=ORIENTED_EDGE('',*,*,#2731,.F.);
#3828=ORIENTED_EDGE('',*,*,#2376,.T.);
#3829=ORIENTED_EDGE('',*,*,#2450,.T.);
#3830=ORIENTED_EDGE('',*,*,#2523,.T.);
#3831=ORIENTED_EDGE('',*,*,#2453,.F.);
#3832=ORIENTED_EDGE('',*,*,#2378,.T.);
#3833=ORIENTED_EDGE('',*,*,#2732,.T.);
#3834=ORIENTED_EDGE('',*,*,#2377,.F.);
#3835=ORIENTED_EDGE('',*,*,#2731,.T.);
#3836=ORIENTED_EDGE('',*,*,#2524,.F.);
#3837=ORIENTED_EDGE('',*,*,#2732,.F.);
#3838=ORIENTED_EDGE('',*,*,#2528,.T.);
#3839=ORIENTED_EDGE('',*,*,#2733,.F.);
#3840=ORIENTED_EDGE('',*,*,#2370,.T.);
#3841=ORIENTED_EDGE('',*,*,#2443,.T.);
#3842=ORIENTED_EDGE('',*,*,#2526,.T.);
#3843=ORIENTED_EDGE('',*,*,#2446,.F.);
#3844=ORIENTED_EDGE('',*,*,#2372,.T.);
#3845=ORIENTED_EDGE('',*,*,#2734,.T.);
#3846=ORIENTED_EDGE('',*,*,#2371,.F.);
#3847=ORIENTED_EDGE('',*,*,#2733,.T.);
#3848=ORIENTED_EDGE('',*,*,#2527,.F.);
#3849=ORIENTED_EDGE('',*,*,#2734,.F.);
#3850=ORIENTED_EDGE('',*,*,#2496,.T.);
#3851=ORIENTED_EDGE('',*,*,#2437,.F.);
#3852=ORIENTED_EDGE('',*,*,#2366,.T.);
#3853=ORIENTED_EDGE('',*,*,#2735,.T.);
#3854=ORIENTED_EDGE('',*,*,#2497,.F.);
#3855=ORIENTED_EDGE('',*,*,#2735,.F.);
#3856=ORIENTED_EDGE('',*,*,#2365,.F.);
#3857=ORIENTED_EDGE('',*,*,#2327,.T.);
#3858=ORIENTED_EDGE('',*,*,#2518,.T.);
#3859=ORIENTED_EDGE('',*,*,#2736,.F.);
#3860=ORIENTED_EDGE('',*,*,#2388,.T.);
#3861=ORIENTED_EDGE('',*,*,#2467,.T.);
#3862=ORIENTED_EDGE('',*,*,#2389,.F.);
#3863=ORIENTED_EDGE('',*,*,#2736,.T.);
#3864=ORIENTED_EDGE('',*,*,#2517,.F.);
#3865=ORIENTED_EDGE('',*,*,#2330,.F.);
#3866=ORIENTED_EDGE('',*,*,#2737,.F.);
#3867=ORIENTED_EDGE('',*,*,#2717,.T.);
#3868=ORIENTED_EDGE('',*,*,#2738,.T.);
#3869=ORIENTED_EDGE('',*,*,#2739,.F.);
#3870=ORIENTED_EDGE('',*,*,#2740,.F.);
#3871=ORIENTED_EDGE('',*,*,#2718,.T.);
#3872=ORIENTED_EDGE('',*,*,#2737,.T.);
#3873=ORIENTED_EDGE('',*,*,#2741,.F.);
#3874=ORIENTED_EDGE('',*,*,#2742,.F.);
#3875=ORIENTED_EDGE('',*,*,#2719,.T.);
#3876=ORIENTED_EDGE('',*,*,#2740,.T.);
#3877=ORIENTED_EDGE('',*,*,#2743,.F.);
#3878=ORIENTED_EDGE('',*,*,#2738,.F.);
#3879=ORIENTED_EDGE('',*,*,#2720,.T.);
#3880=ORIENTED_EDGE('',*,*,#2742,.T.);
#3881=ORIENTED_EDGE('',*,*,#2744,.F.);
#3882=ORIENTED_EDGE('',*,*,#2430,.T.);
#3883=ORIENTED_EDGE('',*,*,#2745,.T.);
#3884=ORIENTED_EDGE('',*,*,#2746,.F.);
#3885=ORIENTED_EDGE('',*,*,#2391,.T.);
#3886=ORIENTED_EDGE('',*,*,#2744,.T.);
#3887=ORIENTED_EDGE('',*,*,#2743,.T.);
#3888=ORIENTED_EDGE('',*,*,#2741,.T.);
#3889=ORIENTED_EDGE('',*,*,#2739,.T.);
#3890=ORIENTED_EDGE('',*,*,#2432,.T.);
#3891=ORIENTED_EDGE('',*,*,#2747,.F.);
#3892=ORIENTED_EDGE('',*,*,#2748,.T.);
#3893=ORIENTED_EDGE('',*,*,#2745,.F.);
#3894=ORIENTED_EDGE('',*,*,#2749,.F.);
#3895=ORIENTED_EDGE('',*,*,#2392,.T.);
#3896=ORIENTED_EDGE('',*,*,#2746,.T.);
#3897=ORIENTED_EDGE('',*,*,#2748,.F.);
#3898=ORIENTED_EDGE('',*,*,#2749,.T.);
#3899=ORIENTED_EDGE('',*,*,#2747,.T.);
#3900=ORIENTED_EDGE('',*,*,#2431,.F.);
#3901=ORIENTED_EDGE('',*,*,#2393,.T.);
#3902=ORIENTED_EDGE('',*,*,#2750,.T.);
#3903=ORIENTED_EDGE('',*,*,#2751,.T.);
#3904=ORIENTED_EDGE('',*,*,#2752,.T.);
#3905=ORIENTED_EDGE('',*,*,#2753,.F.);
#3906=ORIENTED_EDGE('',*,*,#2754,.T.);
#3907=ORIENTED_EDGE('',*,*,#2751,.F.);
#3908=ORIENTED_EDGE('',*,*,#2755,.T.);
#3909=ORIENTED_EDGE('',*,*,#2756,.T.);
#3910=ORIENTED_EDGE('',*,*,#2757,.T.);
#3911=ORIENTED_EDGE('',*,*,#2758,.F.);
#3912=ORIENTED_EDGE('',*,*,#2759,.T.);
#3913=ORIENTED_EDGE('',*,*,#2753,.T.);
#3914=ORIENTED_EDGE('',*,*,#2760,.F.);
#3915=ORIENTED_EDGE('',*,*,#2761,.T.);
#3916=ORIENTED_EDGE('',*,*,#2762,.F.);
#3917=ORIENTED_EDGE('',*,*,#2763,.F.);
#3918=ORIENTED_EDGE('',*,*,#2764,.T.);
#3919=ORIENTED_EDGE('',*,*,#2761,.F.);
#3920=ORIENTED_EDGE('',*,*,#2765,.F.);
#3921=ORIENTED_EDGE('',*,*,#2766,.T.);
#3922=ORIENTED_EDGE('',*,*,#2767,.T.);
#3923=ORIENTED_EDGE('',*,*,#2768,.F.);
#3924=ORIENTED_EDGE('',*,*,#2769,.F.);
#3925=ORIENTED_EDGE('',*,*,#2763,.T.);
#3926=ORIENTED_EDGE('',*,*,#2752,.F.);
#3927=ORIENTED_EDGE('',*,*,#2770,.T.);
#3928=ORIENTED_EDGE('',*,*,#2760,.T.);
#3929=ORIENTED_EDGE('',*,*,#2771,.F.);
#3930=ORIENTED_EDGE('',*,*,#2765,.T.);
#3931=ORIENTED_EDGE('',*,*,#2770,.F.);
#3932=ORIENTED_EDGE('',*,*,#2754,.F.);
#3933=ORIENTED_EDGE('',*,*,#2772,.T.);
#3934=ORIENTED_EDGE('',*,*,#2769,.T.);
#3935=ORIENTED_EDGE('',*,*,#2773,.F.);
#3936=ORIENTED_EDGE('',*,*,#2757,.F.);
#3937=ORIENTED_EDGE('',*,*,#2771,.T.);
#3938=ORIENTED_EDGE('',*,*,#2774,.T.);
#3939=ORIENTED_EDGE('',*,*,#2775,.F.);
#3940=ORIENTED_EDGE('',*,*,#2776,.F.);
#3941=ORIENTED_EDGE('',*,*,#2777,.F.);
#3942=ORIENTED_EDGE('',*,*,#2778,.F.);
#3943=ORIENTED_EDGE('',*,*,#2779,.F.);
#3944=ORIENTED_EDGE('',*,*,#2780,.F.);
#3945=ORIENTED_EDGE('',*,*,#2781,.F.);
#3946=ORIENTED_EDGE('',*,*,#2782,.F.);
#3947=ORIENTED_EDGE('',*,*,#2783,.F.);
#3948=ORIENTED_EDGE('',*,*,#2784,.T.);
#3949=ORIENTED_EDGE('',*,*,#2755,.F.);
#3950=ORIENTED_EDGE('',*,*,#2750,.F.);
#3951=ORIENTED_EDGE('',*,*,#2759,.F.);
#3952=ORIENTED_EDGE('',*,*,#2785,.F.);
#3953=ORIENTED_EDGE('',*,*,#2766,.F.);
#3954=ORIENTED_EDGE('',*,*,#2772,.F.);
#3955=ORIENTED_EDGE('',*,*,#2756,.F.);
#3956=ORIENTED_EDGE('',*,*,#2784,.F.);
#3957=ORIENTED_EDGE('',*,*,#2786,.T.);
#3958=ORIENTED_EDGE('',*,*,#2787,.F.);
#3959=ORIENTED_EDGE('',*,*,#2788,.F.);
#3960=ORIENTED_EDGE('',*,*,#2789,.T.);
#3961=ORIENTED_EDGE('',*,*,#2790,.F.);
#3962=ORIENTED_EDGE('',*,*,#2791,.F.);
#3963=ORIENTED_EDGE('',*,*,#2792,.F.);
#3964=ORIENTED_EDGE('',*,*,#2793,.T.);
#3965=ORIENTED_EDGE('',*,*,#2794,.T.);
#3966=ORIENTED_EDGE('',*,*,#2795,.T.);
#3967=ORIENTED_EDGE('',*,*,#2774,.F.);
#3968=ORIENTED_EDGE('',*,*,#2758,.T.);
#3969=ORIENTED_EDGE('',*,*,#2773,.T.);
#3970=ORIENTED_EDGE('',*,*,#2768,.T.);
#3971=ORIENTED_EDGE('',*,*,#2796,.F.);
#3972=ORIENTED_EDGE('',*,*,#2797,.T.);
#3973=ORIENTED_EDGE('',*,*,#2798,.F.);
#3974=ORIENTED_EDGE('',*,*,#2799,.F.);
#3975=ORIENTED_EDGE('',*,*,#2800,.F.);
#3976=ORIENTED_EDGE('',*,*,#2801,.F.);
#3977=ORIENTED_EDGE('',*,*,#2802,.F.);
#3978=ORIENTED_EDGE('',*,*,#2803,.T.);
#3979=ORIENTED_EDGE('',*,*,#2804,.F.);
#3980=ORIENTED_EDGE('',*,*,#2805,.F.);
#3981=ORIENTED_EDGE('',*,*,#2806,.F.);
#3982=ORIENTED_EDGE('',*,*,#2779,.T.);
#3983=ORIENTED_EDGE('',*,*,#2807,.T.);
#3984=ORIENTED_EDGE('',*,*,#2808,.F.);
#3985=ORIENTED_EDGE('',*,*,#2809,.F.);
#3986=ORIENTED_EDGE('',*,*,#2810,.F.);
#3987=ORIENTED_EDGE('',*,*,#2811,.T.);
#3988=ORIENTED_EDGE('',*,*,#2812,.F.);
#3989=ORIENTED_EDGE('',*,*,#2813,.F.);
#3990=ORIENTED_EDGE('',*,*,#2814,.T.);
#3991=ORIENTED_EDGE('',*,*,#2815,.F.);
#3992=ORIENTED_EDGE('',*,*,#2780,.T.);
#3993=ORIENTED_EDGE('',*,*,#2813,.T.);
#3994=ORIENTED_EDGE('',*,*,#2816,.F.);
#3995=ORIENTED_EDGE('',*,*,#2817,.F.);
#3996=ORIENTED_EDGE('',*,*,#2781,.T.);
#3997=ORIENTED_EDGE('',*,*,#2815,.T.);
#3998=ORIENTED_EDGE('',*,*,#2818,.T.);
#3999=ORIENTED_EDGE('',*,*,#2819,.F.);
#4000=ORIENTED_EDGE('',*,*,#2820,.F.);
#4001=ORIENTED_EDGE('',*,*,#2811,.F.);
#4002=ORIENTED_EDGE('',*,*,#2816,.T.);
#4003=ORIENTED_EDGE('',*,*,#2814,.F.);
#4004=ORIENTED_EDGE('',*,*,#2812,.T.);
#4005=ORIENTED_EDGE('',*,*,#2820,.T.);
#4006=ORIENTED_EDGE('',*,*,#2821,.F.);
#4007=ORIENTED_EDGE('',*,*,#2822,.F.);
#4008=ORIENTED_EDGE('',*,*,#2823,.F.);
#4009=ORIENTED_EDGE('',*,*,#2824,.F.);
#4010=ORIENTED_EDGE('',*,*,#2825,.T.);
#4011=ORIENTED_EDGE('',*,*,#2809,.T.);
#4012=ORIENTED_EDGE('',*,*,#2822,.T.);
#4013=ORIENTED_EDGE('',*,*,#2826,.F.);
#4014=ORIENTED_EDGE('',*,*,#2782,.T.);
#4015=ORIENTED_EDGE('',*,*,#2817,.T.);
#4016=ORIENTED_EDGE('',*,*,#2821,.T.);
#4017=ORIENTED_EDGE('',*,*,#2819,.T.);
#4018=ORIENTED_EDGE('',*,*,#2827,.T.);
#4019=ORIENTED_EDGE('',*,*,#2786,.F.);
#4020=ORIENTED_EDGE('',*,*,#2783,.T.);
#4021=ORIENTED_EDGE('',*,*,#2826,.T.);
#4022=ORIENTED_EDGE('',*,*,#2808,.T.);
#4023=ORIENTED_EDGE('',*,*,#2828,.F.);
#4024=ORIENTED_EDGE('',*,*,#2829,.F.);
#4025=ORIENTED_EDGE('',*,*,#2830,.F.);
#4026=ORIENTED_EDGE('',*,*,#2831,.F.);
#4027=ORIENTED_EDGE('',*,*,#2823,.T.);
#4028=ORIENTED_EDGE('',*,*,#2775,.T.);
#4029=ORIENTED_EDGE('',*,*,#2806,.T.);
#4030=ORIENTED_EDGE('',*,*,#2832,.T.);
#4031=ORIENTED_EDGE('',*,*,#2824,.T.);
#4032=ORIENTED_EDGE('',*,*,#2831,.T.);
#4033=ORIENTED_EDGE('',*,*,#2833,.F.);
#4034=ORIENTED_EDGE('',*,*,#2828,.T.);
#4035=ORIENTED_EDGE('',*,*,#2807,.F.);
#4036=ORIENTED_EDGE('',*,*,#2778,.T.);
#4037=ORIENTED_EDGE('',*,*,#2834,.T.);
#4038=ORIENTED_EDGE('',*,*,#2830,.T.);
#4039=ORIENTED_EDGE('',*,*,#2835,.F.);
#4040=ORIENTED_EDGE('',*,*,#2776,.T.);
#4041=ORIENTED_EDGE('',*,*,#2833,.T.);
#4042=ORIENTED_EDGE('',*,*,#2777,.T.);
#4043=ORIENTED_EDGE('',*,*,#2835,.T.);
#4044=ORIENTED_EDGE('',*,*,#2829,.T.);
#4045=ORIENTED_EDGE('',*,*,#2834,.F.);
#4046=ORIENTED_EDGE('',*,*,#2836,.F.);
#4047=ORIENTED_EDGE('',*,*,#2837,.T.);
#4048=ORIENTED_EDGE('',*,*,#2838,.F.);
#4049=ORIENTED_EDGE('',*,*,#2839,.F.);
#4050=ORIENTED_EDGE('',*,*,#2840,.F.);
#4051=ORIENTED_EDGE('',*,*,#2841,.T.);
#4052=ORIENTED_EDGE('',*,*,#2842,.T.);
#4053=ORIENTED_EDGE('',*,*,#2837,.F.);
#4054=ORIENTED_EDGE('',*,*,#2843,.T.);
#4055=ORIENTED_EDGE('',*,*,#2844,.T.);
#4056=ORIENTED_EDGE('',*,*,#2845,.F.);
#4057=ORIENTED_EDGE('',*,*,#2846,.T.);
#4058=ORIENTED_EDGE('',*,*,#2847,.T.);
#4059=ORIENTED_EDGE('',*,*,#2848,.T.);
#4060=ORIENTED_EDGE('',*,*,#2849,.F.);
#4061=ORIENTED_EDGE('',*,*,#2850,.F.);
#4062=ORIENTED_EDGE('',*,*,#2851,.T.);
#4063=ORIENTED_EDGE('',*,*,#2839,.T.);
#4064=ORIENTED_EDGE('',*,*,#2850,.T.);
#4065=ORIENTED_EDGE('',*,*,#2852,.F.);
#4066=ORIENTED_EDGE('',*,*,#2853,.T.);
#4067=ORIENTED_EDGE('',*,*,#2854,.T.);
#4068=ORIENTED_EDGE('',*,*,#2855,.T.);
#4069=ORIENTED_EDGE('',*,*,#2856,.T.);
#4070=ORIENTED_EDGE('',*,*,#2857,.F.);
#4071=ORIENTED_EDGE('',*,*,#2858,.T.);
#4072=ORIENTED_EDGE('',*,*,#2859,.F.);
#4073=ORIENTED_EDGE('',*,*,#2860,.F.);
#4074=ORIENTED_EDGE('',*,*,#2861,.F.);
#4075=ORIENTED_EDGE('',*,*,#2862,.T.);
#4076=ORIENTED_EDGE('',*,*,#2863,.F.);
#4077=ORIENTED_EDGE('',*,*,#2864,.F.);
#4078=ORIENTED_EDGE('',*,*,#2865,.F.);
#4079=ORIENTED_EDGE('',*,*,#2866,.T.);
#4080=ORIENTED_EDGE('',*,*,#2863,.T.);
#4081=ORIENTED_EDGE('',*,*,#2867,.T.);
#4082=ORIENTED_EDGE('',*,*,#2864,.T.);
#4083=ORIENTED_EDGE('',*,*,#2868,.T.);
#4084=ORIENTED_EDGE('',*,*,#2853,.F.);
#4085=ORIENTED_EDGE('',*,*,#2869,.F.);
#4086=ORIENTED_EDGE('',*,*,#2870,.T.);
#4087=ORIENTED_EDGE('',*,*,#2871,.F.);
#4088=ORIENTED_EDGE('',*,*,#2872,.F.);
#4089=ORIENTED_EDGE('',*,*,#2798,.T.);
#4090=ORIENTED_EDGE('',*,*,#2873,.F.);
#4091=ORIENTED_EDGE('',*,*,#2797,.F.);
#4092=ORIENTED_EDGE('',*,*,#2874,.F.);
#4093=ORIENTED_EDGE('',*,*,#2875,.F.);
#4094=ORIENTED_EDGE('',*,*,#2873,.T.);
#4095=ORIENTED_EDGE('',*,*,#2794,.F.);
#4096=ORIENTED_EDGE('',*,*,#2876,.F.);
#4097=ORIENTED_EDGE('',*,*,#2877,.T.);
#4098=ORIENTED_EDGE('',*,*,#2878,.F.);
#4099=ORIENTED_EDGE('',*,*,#2879,.F.);
#4100=ORIENTED_EDGE('',*,*,#2880,.F.);
#4101=ORIENTED_EDGE('',*,*,#2881,.F.);
#4102=ORIENTED_EDGE('',*,*,#2795,.F.);
#4103=ORIENTED_EDGE('',*,*,#2879,.T.);
#4104=ORIENTED_EDGE('',*,*,#2804,.T.);
#4105=ORIENTED_EDGE('',*,*,#2882,.F.);
#4106=ORIENTED_EDGE('',*,*,#2883,.T.);
#4107=ORIENTED_EDGE('',*,*,#2884,.T.);
#4108=ORIENTED_EDGE('',*,*,#2885,.F.);
#4109=ORIENTED_EDGE('',*,*,#2803,.F.);
#4110=ORIENTED_EDGE('',*,*,#2886,.F.);
#4111=ORIENTED_EDGE('',*,*,#2887,.F.);
#4112=ORIENTED_EDGE('',*,*,#2882,.T.);
#4113=ORIENTED_EDGE('',*,*,#2888,.F.);
#4114=ORIENTED_EDGE('',*,*,#2889,.F.);
#4115=ORIENTED_EDGE('',*,*,#2788,.T.);
#4116=ORIENTED_EDGE('',*,*,#2890,.F.);
#4117=ORIENTED_EDGE('',*,*,#2891,.T.);
#4118=ORIENTED_EDGE('',*,*,#2892,.F.);
#4119=ORIENTED_EDGE('',*,*,#2893,.F.);
#4120=ORIENTED_EDGE('',*,*,#2789,.F.);
#4121=ORIENTED_EDGE('',*,*,#2889,.T.);
#4122=ORIENTED_EDGE('',*,*,#2802,.T.);
#4123=ORIENTED_EDGE('',*,*,#2894,.T.);
#4124=ORIENTED_EDGE('',*,*,#2895,.T.);
#4125=ORIENTED_EDGE('',*,*,#2886,.T.);
#4126=ORIENTED_EDGE('',*,*,#2896,.T.);
#4127=ORIENTED_EDGE('',*,*,#2894,.F.);
#4128=ORIENTED_EDGE('',*,*,#2801,.T.);
#4129=ORIENTED_EDGE('',*,*,#2897,.T.);
#4130=ORIENTED_EDGE('',*,*,#2790,.T.);
#4131=ORIENTED_EDGE('',*,*,#2893,.T.);
#4132=ORIENTED_EDGE('',*,*,#2898,.F.);
#4133=ORIENTED_EDGE('',*,*,#2899,.T.);
#4134=ORIENTED_EDGE('',*,*,#2791,.T.);
#4135=ORIENTED_EDGE('',*,*,#2899,.F.);
#4136=ORIENTED_EDGE('',*,*,#2900,.T.);
#4137=ORIENTED_EDGE('',*,*,#2901,.T.);
#4138=ORIENTED_EDGE('',*,*,#2792,.T.);
#4139=ORIENTED_EDGE('',*,*,#2901,.F.);
#4140=ORIENTED_EDGE('',*,*,#2902,.F.);
#4141=ORIENTED_EDGE('',*,*,#2903,.T.);
#4142=ORIENTED_EDGE('',*,*,#2904,.T.);
#4143=ORIENTED_EDGE('',*,*,#2897,.F.);
#4144=ORIENTED_EDGE('',*,*,#2800,.T.);
#4145=ORIENTED_EDGE('',*,*,#2905,.T.);
#4146=ORIENTED_EDGE('',*,*,#2762,.T.);
#4147=ORIENTED_EDGE('',*,*,#2764,.F.);
#4148=ORIENTED_EDGE('',*,*,#2785,.T.);
#4149=ORIENTED_EDGE('',*,*,#2881,.T.);
#4150=ORIENTED_EDGE('',*,*,#2906,.F.);
#4151=ORIENTED_EDGE('',*,*,#2874,.T.);
#4152=ORIENTED_EDGE('',*,*,#2796,.T.);
#4153=ORIENTED_EDGE('',*,*,#2767,.F.);
#4154=ORIENTED_EDGE('',*,*,#2905,.F.);
#4155=ORIENTED_EDGE('',*,*,#2799,.T.);
#4156=ORIENTED_EDGE('',*,*,#2872,.T.);
#4157=ORIENTED_EDGE('',*,*,#2907,.T.);
#4158=ORIENTED_EDGE('',*,*,#2876,.T.);
#4159=ORIENTED_EDGE('',*,*,#2793,.F.);
#4160=ORIENTED_EDGE('',*,*,#2903,.F.);
#4161=ORIENTED_EDGE('',*,*,#2908,.F.);
#4162=ORIENTED_EDGE('',*,*,#2909,.F.);
#4163=ORIENTED_EDGE('',*,*,#2910,.F.);
#4164=ORIENTED_EDGE('',*,*,#2884,.F.);
#4165=ORIENTED_EDGE('',*,*,#2911,.F.);
#4166=ORIENTED_EDGE('',*,*,#2857,.T.);
#4167=ORIENTED_EDGE('',*,*,#2912,.T.);
#4168=ORIENTED_EDGE('',*,*,#2913,.T.);
#4169=ORIENTED_EDGE('',*,*,#2909,.T.);
#4170=ORIENTED_EDGE('',*,*,#2914,.T.);
#4171=ORIENTED_EDGE('',*,*,#2915,.F.);
#4172=ORIENTED_EDGE('',*,*,#2916,.T.);
#4173=ORIENTED_EDGE('',*,*,#2917,.F.);
#4174=ORIENTED_EDGE('',*,*,#2918,.T.);
#4175=ORIENTED_EDGE('',*,*,#2919,.T.);
#4176=ORIENTED_EDGE('',*,*,#2891,.F.);
#4177=ORIENTED_EDGE('',*,*,#2920,.T.);
#4178=ORIENTED_EDGE('',*,*,#2917,.T.);
#4179=ORIENTED_EDGE('',*,*,#2921,.T.);
#4180=ORIENTED_EDGE('',*,*,#2922,.F.);
#4181=ORIENTED_EDGE('',*,*,#2860,.T.);
#4182=ORIENTED_EDGE('',*,*,#2862,.F.);
#4183=ORIENTED_EDGE('',*,*,#2923,.F.);
#4184=ORIENTED_EDGE('',*,*,#2870,.F.);
#4185=ORIENTED_EDGE('',*,*,#2875,.T.);
#4186=ORIENTED_EDGE('',*,*,#2906,.T.);
#4187=ORIENTED_EDGE('',*,*,#2880,.T.);
#4188=ORIENTED_EDGE('',*,*,#2878,.T.);
#4189=ORIENTED_EDGE('',*,*,#2924,.T.);
#4190=ORIENTED_EDGE('',*,*,#2865,.T.);
#4191=ORIENTED_EDGE('',*,*,#2867,.F.);
#4192=ORIENTED_EDGE('',*,*,#2892,.T.);
#4193=ORIENTED_EDGE('',*,*,#2888,.T.);
#4194=ORIENTED_EDGE('',*,*,#2919,.F.);
#4195=ORIENTED_EDGE('',*,*,#2859,.T.);
#4196=ORIENTED_EDGE('',*,*,#2925,.T.);
#4197=ORIENTED_EDGE('',*,*,#2843,.F.);
#4198=ORIENTED_EDGE('',*,*,#2836,.T.);
#4199=ORIENTED_EDGE('',*,*,#2851,.F.);
#4200=ORIENTED_EDGE('',*,*,#2854,.F.);
#4201=ORIENTED_EDGE('',*,*,#2868,.F.);
#4202=ORIENTED_EDGE('',*,*,#2866,.F.);
#4203=ORIENTED_EDGE('',*,*,#2924,.F.);
#4204=ORIENTED_EDGE('',*,*,#2877,.F.);
#4205=ORIENTED_EDGE('',*,*,#2908,.T.);
#4206=ORIENTED_EDGE('',*,*,#2902,.T.);
#4207=ORIENTED_EDGE('',*,*,#2900,.F.);
#4208=ORIENTED_EDGE('',*,*,#2898,.T.);
#4209=ORIENTED_EDGE('',*,*,#2904,.F.);
#4210=ORIENTED_EDGE('',*,*,#2907,.F.);
#4211=ORIENTED_EDGE('',*,*,#2871,.T.);
#4212=ORIENTED_EDGE('',*,*,#2923,.T.);
#4213=ORIENTED_EDGE('',*,*,#2861,.T.);
#4214=ORIENTED_EDGE('',*,*,#2869,.T.);
#4215=ORIENTED_EDGE('',*,*,#2852,.T.);
#4216=ORIENTED_EDGE('',*,*,#2849,.T.);
#4217=ORIENTED_EDGE('',*,*,#2838,.T.);
#4218=ORIENTED_EDGE('',*,*,#2842,.F.);
#4219=ORIENTED_EDGE('',*,*,#2926,.F.);
#4220=ORIENTED_EDGE('',*,*,#2855,.F.);
#4221=ORIENTED_EDGE('',*,*,#2911,.T.);
#4222=ORIENTED_EDGE('',*,*,#2883,.F.);
#4223=ORIENTED_EDGE('',*,*,#2887,.T.);
#4224=ORIENTED_EDGE('',*,*,#2895,.F.);
#4225=ORIENTED_EDGE('',*,*,#2896,.F.);
#4226=ORIENTED_EDGE('',*,*,#2927,.F.);
#4227=ORIENTED_EDGE('',*,*,#2928,.F.);
#4228=ORIENTED_EDGE('',*,*,#2929,.T.);
#4229=ORIENTED_EDGE('',*,*,#2914,.F.);
#4230=ORIENTED_EDGE('',*,*,#2913,.F.);
#4231=ORIENTED_EDGE('',*,*,#2930,.F.);
#4232=ORIENTED_EDGE('',*,*,#2931,.F.);
#4233=ORIENTED_EDGE('',*,*,#2921,.F.);
#4234=ORIENTED_EDGE('',*,*,#2916,.F.);
#4235=ORIENTED_EDGE('',*,*,#2932,.T.);
#4236=ORIENTED_EDGE('',*,*,#2933,.F.);
#4237=ORIENTED_EDGE('',*,*,#2934,.F.);
#4238=ORIENTED_EDGE('',*,*,#2932,.F.);
#4239=ORIENTED_EDGE('',*,*,#2918,.F.);
#4240=ORIENTED_EDGE('',*,*,#2920,.F.);
#4241=ORIENTED_EDGE('',*,*,#2890,.T.);
#4242=ORIENTED_EDGE('',*,*,#2787,.T.);
#4243=ORIENTED_EDGE('',*,*,#2827,.F.);
#4244=ORIENTED_EDGE('',*,*,#2818,.F.);
#4245=ORIENTED_EDGE('',*,*,#2935,.T.);
#4246=ORIENTED_EDGE('',*,*,#2936,.F.);
#4247=ORIENTED_EDGE('',*,*,#2845,.T.);
#4248=ORIENTED_EDGE('',*,*,#2937,.F.);
#4249=ORIENTED_EDGE('',*,*,#2930,.T.);
#4250=ORIENTED_EDGE('',*,*,#2934,.T.);
#4251=ORIENTED_EDGE('',*,*,#2929,.F.);
#4252=ORIENTED_EDGE('',*,*,#2938,.F.);
#4253=ORIENTED_EDGE('',*,*,#2939,.F.);
#4254=ORIENTED_EDGE('',*,*,#2825,.F.);
#4255=ORIENTED_EDGE('',*,*,#2832,.F.);
#4256=ORIENTED_EDGE('',*,*,#2805,.T.);
#4257=ORIENTED_EDGE('',*,*,#2885,.T.);
#4258=ORIENTED_EDGE('',*,*,#2910,.T.);
#4259=ORIENTED_EDGE('',*,*,#2915,.T.);
#4260=ORIENTED_EDGE('',*,*,#2928,.T.);
#4261=ORIENTED_EDGE('',*,*,#2940,.F.);
#4262=ORIENTED_EDGE('',*,*,#2840,.T.);
#4263=ORIENTED_EDGE('',*,*,#2941,.F.);
#4264=ORIENTED_EDGE('',*,*,#2942,.T.);
#4265=ORIENTED_EDGE('',*,*,#2938,.T.);
#4266=ORIENTED_EDGE('',*,*,#2844,.F.);
#4267=ORIENTED_EDGE('',*,*,#2925,.F.);
#4268=ORIENTED_EDGE('',*,*,#2858,.F.);
#4269=ORIENTED_EDGE('',*,*,#2922,.T.);
#4270=ORIENTED_EDGE('',*,*,#2931,.T.);
#4271=ORIENTED_EDGE('',*,*,#2937,.T.);
#4272=ORIENTED_EDGE('',*,*,#2927,.T.);
#4273=ORIENTED_EDGE('',*,*,#2912,.F.);
#4274=ORIENTED_EDGE('',*,*,#2856,.F.);
#4275=ORIENTED_EDGE('',*,*,#2926,.T.);
#4276=ORIENTED_EDGE('',*,*,#2841,.F.);
#4277=ORIENTED_EDGE('',*,*,#2940,.T.);
#4278=ORIENTED_EDGE('',*,*,#2943,.T.);
#4279=ORIENTED_EDGE('',*,*,#2944,.F.);
#4280=ORIENTED_EDGE('',*,*,#2945,.F.);
#4281=ORIENTED_EDGE('',*,*,#2935,.F.);
#4282=ORIENTED_EDGE('',*,*,#2933,.T.);
#4283=ORIENTED_EDGE('',*,*,#2810,.T.);
#4284=ORIENTED_EDGE('',*,*,#2939,.T.);
#4285=ORIENTED_EDGE('',*,*,#2942,.F.);
#4286=ORIENTED_EDGE('',*,*,#2847,.F.);
#4287=ORIENTED_EDGE('',*,*,#2946,.T.);
#4288=ORIENTED_EDGE('',*,*,#2944,.T.);
#4289=ORIENTED_EDGE('',*,*,#2947,.T.);
#4290=ORIENTED_EDGE('',*,*,#2947,.F.);
#4291=ORIENTED_EDGE('',*,*,#2943,.F.);
#4292=ORIENTED_EDGE('',*,*,#2941,.T.);
#4293=ORIENTED_EDGE('',*,*,#2848,.F.);
#4294=ORIENTED_EDGE('',*,*,#2936,.T.);
#4295=ORIENTED_EDGE('',*,*,#2945,.T.);
#4296=ORIENTED_EDGE('',*,*,#2946,.F.);
#4297=ORIENTED_EDGE('',*,*,#2846,.F.);
#4298=PLANE('',#4758);
#4299=PLANE('',#4759);
#4300=PLANE('',#4760);
#4301=PLANE('',#4761);
#4302=PLANE('',#4762);
#4303=PLANE('',#4763);
#4304=PLANE('',#4764);
#4305=PLANE('',#4765);
#4306=PLANE('',#4766);
#4307=PLANE('',#4767);
#4308=PLANE('',#4770);
#4309=PLANE('',#4773);
#4310=PLANE('',#4782);
#4311=PLANE('',#4791);
#4312=PLANE('',#4792);
#4313=PLANE('',#4793);
#4314=PLANE('',#4794);
#4315=PLANE('',#4795);
#4316=PLANE('',#4796);
#4317=PLANE('',#4797);
#4318=PLANE('',#4798);
#4319=PLANE('',#4799);
#4320=PLANE('',#4800);
#4321=PLANE('',#4801);
#4322=PLANE('',#4802);
#4323=PLANE('',#4803);
#4324=PLANE('',#4804);
#4325=PLANE('',#4805);
#4326=PLANE('',#4806);
#4327=PLANE('',#4807);
#4328=PLANE('',#4808);
#4329=PLANE('',#4809);
#4330=PLANE('',#4810);
#4331=PLANE('',#4811);
#4332=PLANE('',#4812);
#4333=PLANE('',#4813);
#4334=PLANE('',#4814);
#4335=PLANE('',#4815);
#4336=PLANE('',#4816);
#4337=PLANE('',#4819);
#4338=PLANE('',#4820);
#4339=PLANE('',#4823);
#4340=PLANE('',#4824);
#4341=PLANE('',#4827);
#4342=PLANE('',#4828);
#4343=PLANE('',#4831);
#4344=PLANE('',#4832);
#4345=PLANE('',#4841);
#4346=PLANE('',#4842);
#4347=PLANE('',#4845);
#4348=PLANE('',#4846);
#4349=PLANE('',#4847);
#4350=PLANE('',#4851);
#4351=PLANE('',#4853);
#4352=PLANE('',#4854);
#4353=PLANE('',#4855);
#4354=PLANE('',#4856);
#4355=PLANE('',#4857);
#4356=PLANE('',#4858);
#4357=PLANE('',#4859);
#4358=PLANE('',#4860);
#4359=PLANE('',#4861);
#4360=PLANE('',#4862);
#4361=PLANE('',#4863);
#4362=PLANE('',#4864);
#4363=PLANE('',#4865);
#4364=PLANE('',#4866);
#4365=PLANE('',#4869);
#4366=PLANE('',#4872);
#4367=PLANE('',#4874);
#4368=PLANE('',#4878);
#4369=PLANE('',#4879);
#4370=PLANE('',#4881);
#4371=PLANE('',#4882);
#4372=PLANE('',#4883);
#4373=PLANE('',#4884);
#4374=PLANE('',#4885);
#4375=PLANE('',#4886);
#4376=PLANE('',#4887);
#4377=PLANE('',#4894);
#4378=PLANE('',#4898);
#4379=PLANE('',#4902);
#4380=PLANE('',#4909);
#4381=PLANE('',#4910);
#4382=PLANE('',#4911);
#4383=PLANE('',#4912);
#4384=PLANE('',#4913);
#4385=PLANE('',#4914);
#4386=PLANE('',#4915);
#4387=PLANE('',#4916);
#4388=PLANE('',#4917);
#4389=PLANE('',#4918);
#4390=PLANE('',#4919);
#4391=PLANE('',#4920);
#4392=PLANE('',#4921);
#4393=PLANE('',#4922);
#4394=PLANE('',#4923);
#4395=PLANE('',#4924);
#4396=PLANE('',#4927);
#4397=PLANE('',#4928);
#4398=PLANE('',#4929);
#4399=PLANE('',#4930);
#4400=PLANE('',#4931);
#4401=PLANE('',#4933);
#4402=PLANE('',#4936);
#4403=PLANE('',#4940);
#4404=PLANE('',#4943);
#4405=PLANE('',#4949);
#4406=PLANE('',#4956);
#4407=PLANE('',#4957);
#4408=PLANE('',#4958);
#4409=PLANE('',#4959);
#4410=PLANE('',#4961);
#4411=PLANE('',#4962);
#4412=PLANE('',#4964);
#4413=PLANE('',#4965);
#4414=PLANE('',#4967);
#4415=PLANE('',#4968);
#4416=PLANE('',#4970);
#4417=PLANE('',#4971);
#4418=PLANE('',#4972);
#4419=PLANE('',#4975);
#4420=PLANE('',#4978);
#4421=PLANE('',#4981);
#4422=PLANE('',#4983);
#4423=PLANE('',#4985);
#4424=PLANE('',#4986);
#4425=PLANE('',#4987);
#4426=PLANE('',#4988);
#4427=PLANE('',#4989);
#4428=PLANE('',#4990);
#4429=PLANE('',#4991);
#4430=PLANE('',#4992);
#4431=PLANE('',#4993);
#4432=PLANE('',#5014);
#4433=PLANE('',#5022);
#4434=PLANE('',#5026);
#4435=PLANE('',#5036);
#4436=PLANE('',#5037);
#4437=PLANE('',#5038);
#4438=PLANE('',#5041);
#4439=PLANE('',#5044);
#4440=PLANE('',#5051);
#4441=PLANE('',#5054);
#4442=PLANE('',#5060);
#4443=PLANE('',#5062);
#4444=PLANE('',#5064);
#4445=PLANE('',#5066);
#4446=PLANE('',#5068);
#4447=PLANE('',#5070);
#4448=PLANE('',#5073);
#4449=PLANE('',#5076);
#4450=PLANE('',#5080);
#4451=PLANE('',#5084);
#4452=PLANE('',#5087);
#4453=PLANE('',#5090);
#4454=PLANE('',#5091);
#4455=PLANE('',#5092);
#4456=PLANE('',#5094);
#4457=PLANE('',#5095);
#4458=PLANE('',#5100);
#4459=PLANE('',#5101);
#4460=PLANE('',#5107);
#4461=PLANE('',#5108);
#4462=PLANE('',#5109);
#4463=PLANE('',#5111);
#4464=PLANE('',#5113);
#4465=PLANE('',#5116);
#4466=PLANE('',#5119);
#4467=PLANE('',#5120);
#4468=PLANE('',#5121);
#4469=PLANE('',#5122);
#4470=PLANE('',#5123);
#4471=PLANE('',#5124);
#4472=ADVANCED_FACE('',(#260),#4298,.T.);
#4473=ADVANCED_FACE('',(#261),#4299,.T.);
#4474=ADVANCED_FACE('',(#262),#4300,.T.);
#4475=ADVANCED_FACE('',(#263),#4301,.T.);
#4476=ADVANCED_FACE('',(#264,#247),#4302,.T.);
#4477=ADVANCED_FACE('',(#265),#4303,.F.);
#4478=ADVANCED_FACE('',(#266),#4304,.F.);
#4479=ADVANCED_FACE('',(#267),#4305,.F.);
#4480=ADVANCED_FACE('',(#268),#4306,.F.);
#4481=ADVANCED_FACE('',(#269),#4307,.T.);
#4482=ADVANCED_FACE('',(#270),#4308,.T.);
#4483=ADVANCED_FACE('',(#271),#4309,.T.);
#4484=ADVANCED_FACE('',(#272),#4310,.T.);
#4485=ADVANCED_FACE('',(#273,#248,#249,#250,#251),#4311,.T.);
#4486=ADVANCED_FACE('',(#274),#4312,.F.);
#4487=ADVANCED_FACE('',(#275),#4313,.T.);
#4488=ADVANCED_FACE('',(#276),#4314,.F.);
#4489=ADVANCED_FACE('',(#277),#4315,.T.);
#4490=ADVANCED_FACE('',(#278),#4316,.F.);
#4491=ADVANCED_FACE('',(#279),#4317,.T.);
#4492=ADVANCED_FACE('',(#280),#4318,.F.);
#4493=ADVANCED_FACE('',(#281),#4319,.T.);
#4494=ADVANCED_FACE('',(#282),#4320,.F.);
#4495=ADVANCED_FACE('',(#283),#4321,.T.);
#4496=ADVANCED_FACE('',(#284),#4322,.F.);
#4497=ADVANCED_FACE('',(#285),#4323,.T.);
#4498=ADVANCED_FACE('',(#286),#4324,.T.);
#4499=ADVANCED_FACE('',(#287),#4325,.T.);
#4500=ADVANCED_FACE('',(#288),#4326,.F.);
#4501=ADVANCED_FACE('',(#289),#4327,.T.);
#4502=ADVANCED_FACE('',(#290),#4328,.T.);
#4503=ADVANCED_FACE('',(#291),#4329,.F.);
#4504=ADVANCED_FACE('',(#292),#4330,.T.);
#4505=ADVANCED_FACE('',(#293),#4331,.T.);
#4506=ADVANCED_FACE('',(#294),#4332,.F.);
#4507=ADVANCED_FACE('',(#295),#4333,.T.);
#4508=ADVANCED_FACE('',(#296),#4334,.T.);
#4509=ADVANCED_FACE('',(#297),#4335,.T.);
#4510=ADVANCED_FACE('',(#298),#4336,.T.);
#4511=ADVANCED_FACE('',(#299),#71,.F.);
#4512=ADVANCED_FACE('',(#300),#4337,.F.);
#4513=ADVANCED_FACE('',(#301),#4338,.T.);
#4514=ADVANCED_FACE('',(#302),#72,.F.);
#4515=ADVANCED_FACE('',(#303),#4339,.F.);
#4516=ADVANCED_FACE('',(#304),#4340,.T.);
#4517=ADVANCED_FACE('',(#305),#73,.F.);
#4518=ADVANCED_FACE('',(#306),#4341,.F.);
#4519=ADVANCED_FACE('',(#307),#4342,.T.);
#4520=ADVANCED_FACE('',(#308),#74,.F.);
#4521=ADVANCED_FACE('',(#309),#4343,.F.);
#4522=ADVANCED_FACE('',(#310),#4344,.T.);
#4523=ADVANCED_FACE('',(#311),#4345,.T.);
#4524=ADVANCED_FACE('',(#312),#4346,.T.);
#4525=ADVANCED_FACE('',(#313),#4347,.T.);
#4526=ADVANCED_FACE('',(#314),#4348,.F.);
#4527=ADVANCED_FACE('',(#315),#4349,.F.);
#4528=ADVANCED_FACE('',(#316),#75,.T.);
#4529=ADVANCED_FACE('',(#317),#4350,.T.);
#4530=ADVANCED_FACE('',(#318),#4351,.F.);
#4531=ADVANCED_FACE('',(#319),#4352,.T.);
#4532=ADVANCED_FACE('',(#320),#4353,.F.);
#4533=ADVANCED_FACE('',(#321),#4354,.T.);
#4534=ADVANCED_FACE('',(#322),#4355,.F.);
#4535=ADVANCED_FACE('',(#323),#4356,.T.);
#4536=ADVANCED_FACE('',(#324),#4357,.F.);
#4537=ADVANCED_FACE('',(#325),#4358,.T.);
#4538=ADVANCED_FACE('',(#326),#4359,.F.);
#4539=ADVANCED_FACE('',(#327),#4360,.T.);
#4540=ADVANCED_FACE('',(#328),#4361,.F.);
#4541=ADVANCED_FACE('',(#329),#4362,.T.);
#4542=ADVANCED_FACE('',(#330),#4363,.F.);
#4543=ADVANCED_FACE('',(#331),#4364,.T.);
#4544=ADVANCED_FACE('',(#332),#4365,.T.);
#4545=ADVANCED_FACE('',(#333),#76,.T.);
#4546=ADVANCED_FACE('',(#334),#4366,.T.);
#4547=ADVANCED_FACE('',(#335),#77,.T.);
#4548=ADVANCED_FACE('',(#336),#4367,.T.);
#4549=ADVANCED_FACE('',(#337),#78,.T.);
#4550=ADVANCED_FACE('',(#338),#4368,.F.);
#4551=ADVANCED_FACE('',(#339),#4369,.T.);
#4552=ADVANCED_FACE('',(#340),#4370,.F.);
#4553=ADVANCED_FACE('',(#341),#4371,.T.);
#4554=ADVANCED_FACE('',(#342),#4372,.T.);
#4555=ADVANCED_FACE('',(#343),#4373,.T.);
#4556=ADVANCED_FACE('',(#344,#252),#4374,.F.);
#4557=ADVANCED_FACE('',(#345,#253),#4375,.F.);
#4558=ADVANCED_FACE('',(#346,#254),#4376,.F.);
#4559=ADVANCED_FACE('',(#347),#79,.T.);
#4560=ADVANCED_FACE('',(#348),#80,.F.);
#4561=ADVANCED_FACE('',(#349),#4377,.F.);
#4562=ADVANCED_FACE('',(#350),#81,.T.);
#4563=ADVANCED_FACE('',(#351),#4378,.F.);
#4564=ADVANCED_FACE('',(#352),#82,.F.);
#4565=ADVANCED_FACE('',(#353),#4379,.T.);
#4566=ADVANCED_FACE('',(#354),#83,.T.);
#4567=ADVANCED_FACE('',(#355),#84,.F.);
#4568=ADVANCED_FACE('',(#356),#4380,.F.);
#4569=ADVANCED_FACE('',(#357),#4381,.T.);
#4570=ADVANCED_FACE('',(#358),#4382,.F.);
#4571=ADVANCED_FACE('',(#359),#4383,.F.);
#4572=ADVANCED_FACE('',(#360),#4384,.F.);
#4573=ADVANCED_FACE('',(#361),#4385,.T.);
#4574=ADVANCED_FACE('',(#362),#4386,.F.);
#4575=ADVANCED_FACE('',(#363),#4387,.T.);
#4576=ADVANCED_FACE('',(#364),#4388,.F.);
#4577=ADVANCED_FACE('',(#365),#4389,.T.);
#4578=ADVANCED_FACE('',(#366),#4390,.F.);
#4579=ADVANCED_FACE('',(#367),#4391,.T.);
#4580=ADVANCED_FACE('',(#368),#4392,.F.);
#4581=ADVANCED_FACE('',(#369),#4393,.T.);
#4582=ADVANCED_FACE('',(#370),#4394,.F.);
#4583=ADVANCED_FACE('',(#371),#4395,.F.);
#4584=ADVANCED_FACE('',(#372),#85,.F.);
#4585=ADVANCED_FACE('',(#373),#4396,.T.);
#4586=ADVANCED_FACE('',(#374),#4397,.T.);
#4587=ADVANCED_FACE('',(#375),#4398,.F.);
#4588=ADVANCED_FACE('',(#376),#4399,.F.);
#4589=ADVANCED_FACE('',(#377),#4400,.T.);
#4590=ADVANCED_FACE('',(#378),#86,.T.);
#4591=ADVANCED_FACE('',(#379),#4401,.T.);
#4592=ADVANCED_FACE('',(#380),#87,.F.);
#4593=ADVANCED_FACE('',(#381),#4402,.T.);
#4594=ADVANCED_FACE('',(#382),#88,.T.);
#4595=ADVANCED_FACE('',(#383),#4403,.T.);
#4596=ADVANCED_FACE('',(#384),#89,.T.);
#4597=ADVANCED_FACE('',(#385),#4404,.T.);
#4598=ADVANCED_FACE('',(#386),#90,.T.);
#4599=ADVANCED_FACE('',(#387),#91,.T.);
#4600=ADVANCED_FACE('',(#388),#4405,.T.);
#4601=ADVANCED_FACE('',(#389),#92,.F.);
#4602=ADVANCED_FACE('',(#390),#4406,.F.);
#4603=ADVANCED_FACE('',(#391),#4407,.T.);
#4604=ADVANCED_FACE('',(#392,#255,#256,#257,#258),#4408,.F.);
#4605=ADVANCED_FACE('',(#393),#4409,.T.);
#4606=ADVANCED_FACE('',(#394),#93,.F.);
#4607=ADVANCED_FACE('',(#395),#4410,.F.);
#4608=ADVANCED_FACE('',(#396),#4411,.T.);
#4609=ADVANCED_FACE('',(#397),#94,.F.);
#4610=ADVANCED_FACE('',(#398),#4412,.F.);
#4611=ADVANCED_FACE('',(#399),#4413,.T.);
#4612=ADVANCED_FACE('',(#400),#95,.F.);
#4613=ADVANCED_FACE('',(#401),#4414,.F.);
#4614=ADVANCED_FACE('',(#402),#4415,.T.);
#4615=ADVANCED_FACE('',(#403),#96,.F.);
#4616=ADVANCED_FACE('',(#404),#4416,.F.);
#4617=ADVANCED_FACE('',(#405),#4417,.T.);
#4618=ADVANCED_FACE('',(#406),#4418,.F.);
#4619=ADVANCED_FACE('',(#407),#97,.T.);
#4620=ADVANCED_FACE('',(#408),#98,.T.);
#4621=ADVANCED_FACE('',(#409),#4419,.F.);
#4622=ADVANCED_FACE('',(#410),#99,.T.);
#4623=ADVANCED_FACE('',(#411),#100,.T.);
#4624=ADVANCED_FACE('',(#412),#4420,.F.);
#4625=ADVANCED_FACE('',(#413),#101,.T.);
#4626=ADVANCED_FACE('',(#414),#102,.T.);
#4627=ADVANCED_FACE('',(#415),#4421,.F.);
#4628=ADVANCED_FACE('',(#416),#103,.T.);
#4629=ADVANCED_FACE('',(#417),#4422,.F.);
#4630=ADVANCED_FACE('',(#418),#104,.T.);
#4631=ADVANCED_FACE('',(#419),#4423,.F.);
#4632=ADVANCED_FACE('',(#420),#4424,.F.);
#4633=ADVANCED_FACE('',(#421),#4425,.T.);
#4634=ADVANCED_FACE('',(#422),#4426,.F.);
#4635=ADVANCED_FACE('',(#423),#4427,.T.);
#4636=ADVANCED_FACE('',(#424),#4428,.F.);
#4637=ADVANCED_FACE('',(#425,#259),#4429,.F.);
#4638=ADVANCED_FACE('',(#426),#4430,.T.);
#4639=ADVANCED_FACE('',(#427),#4431,.F.);
#4640=ADVANCED_FACE('',(#428),#105,.T.);
#4641=ADVANCED_FACE('',(#429),#106,.T.);
#4642=ADVANCED_FACE('',(#430),#107,.T.);
#4643=ADVANCED_FACE('',(#431),#108,.T.);
#4644=ADVANCED_FACE('',(#432),#109,.T.);
#4645=ADVANCED_FACE('',(#433),#110,.T.);
#4646=ADVANCED_FACE('',(#434),#111,.T.);
#4647=ADVANCED_FACE('',(#435),#112,.T.);
#4648=ADVANCED_FACE('',(#436),#113,.T.);
#4649=ADVANCED_FACE('',(#437),#4432,.T.);
#4650=ADVANCED_FACE('',(#438),#4433,.F.);
#4651=ADVANCED_FACE('',(#439),#4434,.F.);
#4652=ADVANCED_FACE('',(#440),#114,.F.);
#4653=ADVANCED_FACE('',(#441),#115,.T.);
#4654=ADVANCED_FACE('',(#442),#4435,.T.);
#4655=ADVANCED_FACE('',(#443),#4436,.F.);
#4656=ADVANCED_FACE('',(#444),#4437,.F.);
#4657=ADVANCED_FACE('',(#445),#4438,.F.);
#4658=ADVANCED_FACE('',(#446),#116,.T.);
#4659=ADVANCED_FACE('',(#447),#117,.T.);
#4660=ADVANCED_FACE('',(#448),#4439,.F.);
#4661=ADVANCED_FACE('',(#449),#118,.T.);
#4662=ADVANCED_FACE('',(#450),#119,.T.);
#4663=ADVANCED_FACE('',(#451),#120,.T.);
#4664=ADVANCED_FACE('',(#452),#4440,.T.);
#4665=ADVANCED_FACE('',(#453),#121,.T.);
#4666=ADVANCED_FACE('',(#454),#4441,.F.);
#4667=ADVANCED_FACE('',(#455),#122,.F.);
#4668=ADVANCED_FACE('',(#456),#123,.F.);
#4669=ADVANCED_FACE('',(#457),#4442,.T.);
#4670=ADVANCED_FACE('',(#458),#4443,.T.);
#4671=ADVANCED_FACE('',(#459),#4444,.F.);
#4672=ADVANCED_FACE('',(#460),#4445,.F.);
#4673=ADVANCED_FACE('',(#461),#4446,.F.);
#4674=ADVANCED_FACE('',(#462),#4447,.T.);
#4675=ADVANCED_FACE('',(#463),#124,.F.);
#4676=ADVANCED_FACE('',(#464),#4448,.T.);
#4677=ADVANCED_FACE('',(#465),#125,.F.);
#4678=ADVANCED_FACE('',(#466),#4449,.F.);
#4679=ADVANCED_FACE('',(#467),#126,.F.);
#4680=ADVANCED_FACE('',(#468),#4450,.F.);
#4681=ADVANCED_FACE('',(#469),#127,.F.);
#4682=ADVANCED_FACE('',(#470),#4451,.F.);
#4683=ADVANCED_FACE('',(#471),#128,.T.);
#4684=ADVANCED_FACE('',(#472),#4452,.F.);
#4685=ADVANCED_FACE('',(#473),#129,.T.);
#4686=ADVANCED_FACE('',(#474),#4453,.F.);
#4687=ADVANCED_FACE('',(#475),#4454,.F.);
#4688=ADVANCED_FACE('',(#476),#4455,.T.);
#4689=ADVANCED_FACE('',(#477),#4456,.T.);
#4690=ADVANCED_FACE('',(#478),#4457,.T.);
#4691=ADVANCED_FACE('',(#479),#130,.F.);
#4692=ADVANCED_FACE('',(#480),#4458,.T.);
#4693=ADVANCED_FACE('',(#481),#4459,.T.);
#4694=ADVANCED_FACE('',(#482),#131,.F.);
#4695=ADVANCED_FACE('',(#483),#132,.F.);
#4696=ADVANCED_FACE('',(#484),#4460,.T.);
#4697=ADVANCED_FACE('',(#485),#4461,.T.);
#4698=ADVANCED_FACE('',(#486),#4462,.F.);
#4699=ADVANCED_FACE('',(#487),#4463,.F.);
#4700=ADVANCED_FACE('',(#488),#4464,.F.);
#4701=ADVANCED_FACE('',(#489),#133,.T.);
#4702=ADVANCED_FACE('',(#490),#4465,.F.);
#4703=ADVANCED_FACE('',(#491),#134,.T.);
#4704=ADVANCED_FACE('',(#492),#4466,.T.);
#4705=ADVANCED_FACE('',(#493),#4467,.T.);
#4706=ADVANCED_FACE('',(#494),#4468,.T.);
#4707=ADVANCED_FACE('',(#495),#4469,.F.);
#4708=ADVANCED_FACE('',(#496),#4470,.T.);
#4709=ADVANCED_FACE('',(#497),#4471,.T.);
#4710=CLOSED_SHELL('',(#4472,#4473,#4474,#4475,#4476,#4477,#4478,#4479,
#4480,#4481,#4482,#4483,#4484,#4485,#4486,#4487,#4488,#4489,#4490,#4491,
#4492,#4493,#4494,#4495,#4496,#4497,#4498,#4499,#4500,#4501,#4502,#4503,
#4504,#4505,#4506,#4507,#4508,#4509,#4510,#4511,#4512,#4513,#4514,#4515,
#4516,#4517,#4518,#4519,#4520,#4521,#4522,#4523,#4524,#4525,#4526,#4527,
#4528,#4529,#4530,#4531,#4532,#4533,#4534,#4535,#4536,#4537,#4538,#4539,
#4540,#4541,#4542,#4543,#4544,#4545,#4546,#4547,#4548,#4549,#4550,#4551,
#4552,#4553,#4554,#4555,#4556,#4557,#4558,#4559,#4560,#4561,#4562,#4563,
#4564,#4565,#4566,#4567,#4568,#4569,#4570,#4571,#4572,#4573,#4574,#4575,
#4576,#4577,#4578,#4579,#4580,#4581,#4582,#4583,#4584,#4585,#4586,#4587,
#4588,#4589,#4590,#4591,#4592,#4593,#4594,#4595,#4596,#4597,#4598,#4599,
#4600,#4601,#4602,#4603,#4604,#4605,#4606,#4607,#4608,#4609,#4610,#4611,
#4612,#4613,#4614,#4615,#4616,#4617,#4618,#4619,#4620,#4621,#4622,#4623,
#4624,#4625,#4626,#4627,#4628,#4629,#4630,#4631,#4632,#4633,#4634,#4635,
#4636,#4637,#4638,#4639));
#4711=CLOSED_SHELL('',(#4640,#4641,#4642,#4643,#4644,#4645,#4646,#4647,
#4648,#4649,#4650,#4651,#4652,#4653,#4654,#4655,#4656,#4657,#4658,#4659,
#4660,#4661,#4662,#4663,#4664,#4665,#4666,#4667,#4668,#4669,#4670,#4671,
#4672,#4673,#4674,#4675,#4676,#4677,#4678,#4679,#4680,#4681,#4682,#4683,
#4684,#4685,#4686,#4687,#4688,#4689,#4690,#4691,#4692,#4693,#4694,#4695,
#4696,#4697,#4698,#4699,#4700,#4701,#4702,#4703,#4704,#4705,#4706,#4707,
#4708,#4709));
#4712=DERIVED_UNIT_ELEMENT(#4717,1.);
#4713=DERIVED_UNIT_ELEMENT(#7927,-3.);
#4714=DERIVED_UNIT_ELEMENT(#4717,1.);
#4715=DERIVED_UNIT_ELEMENT(#7927,-3.);
#4716=DIMENSIONAL_EXPONENTS(0.,1.,0.,0.,0.,0.,0.);
#4717=(
CONVERSION_BASED_UNIT('gram',#4719)
MASS_UNIT()
NAMED_UNIT(#4716)
);
#4718=(
MASS_UNIT()
NAMED_UNIT(*)
SI_UNIT(.KILO.,.GRAM.)
);
#4719=MASS_MEASURE_WITH_UNIT(MASS_MEASURE(0.001),#4718);
#4720=DERIVED_UNIT((#4712,#4713));
#4721=DERIVED_UNIT((#4714,#4715));
#4722=MEASURE_REPRESENTATION_ITEM('density measure',
POSITIVE_RATIO_MEASURE(1.425),#4720);
#4723=MEASURE_REPRESENTATION_ITEM('density measure',
POSITIVE_RATIO_MEASURE(2.7),#4721);
#4724=PROPERTY_DEFINITION_REPRESENTATION(#4734,#4728);
#4725=PROPERTY_DEFINITION_REPRESENTATION(#4735,#4729);
#4726=PROPERTY_DEFINITION_REPRESENTATION(#4736,#4730);
#4727=PROPERTY_DEFINITION_REPRESENTATION(#4737,#4731);
#4728=REPRESENTATION('material name',(#4732),#7923);
#4729=REPRESENTATION('density',(#4722),#7923);
#4730=REPRESENTATION('material name',(#4733),#7924);
#4731=REPRESENTATION('density',(#4723),#7924);
#4732=DESCRIPTIVE_REPRESENTATION_ITEM('Acetal Resin, White',
'Acetal Resin, White');
#4733=DESCRIPTIVE_REPRESENTATION_ITEM('Aluminum 6061','Aluminum 6061');
#4734=PROPERTY_DEFINITION('material property','material name',#7946);
#4735=PROPERTY_DEFINITION('material property','density of part',#7946);
#4736=PROPERTY_DEFINITION('material property','material name',#7947);
#4737=PROPERTY_DEFINITION('material property','density of part',#7947);
#4738=DATE_TIME_ROLE('creation_date');
#4739=DATE_TIME_ROLE('creation_date');
#4740=DATE_TIME_ROLE('creation_date');
#4741=APPLIED_DATE_AND_TIME_ASSIGNMENT(#4744,#4738,(#7945));
#4742=APPLIED_DATE_AND_TIME_ASSIGNMENT(#4745,#4739,(#7946));
#4743=APPLIED_DATE_AND_TIME_ASSIGNMENT(#4746,#4740,(#7947));
#4744=DATE_AND_TIME(#4747,#4750);
#4745=DATE_AND_TIME(#4748,#4751);
#4746=DATE_AND_TIME(#4749,#4752);
#4747=CALENDAR_DATE(2018,18,10);
#4748=CALENDAR_DATE(2018,18,10);
#4749=CALENDAR_DATE(2018,18,10);
#4750=LOCAL_TIME(0,0,0.,#4753);
#4751=LOCAL_TIME(0,0,0.,#4754);
#4752=LOCAL_TIME(0,0,0.,#4755);
#4753=COORDINATED_UNIVERSAL_TIME_OFFSET(0,0,.BEHIND.);
#4754=COORDINATED_UNIVERSAL_TIME_OFFSET(0,0,.BEHIND.);
#4755=COORDINATED_UNIVERSAL_TIME_OFFSET(0,0,.BEHIND.);
#4756=AXIS2_PLACEMENT_3D('',#6420,#5131,#5132);
#4757=AXIS2_PLACEMENT_3D('',#6421,#5133,#5134);
#4758=AXIS2_PLACEMENT_3D('',#6422,#5135,#5136);
#4759=AXIS2_PLACEMENT_3D('',#6431,#5141,#5142);
#4760=AXIS2_PLACEMENT_3D('',#6437,#5146,#5147);
#4761=AXIS2_PLACEMENT_3D('',#6440,#5150,#5151);
#4762=AXIS2_PLACEMENT_3D('',#6441,#5152,#5153);
#4763=AXIS2_PLACEMENT_3D('',#6490,#5178,#5179);
#4764=AXIS2_PLACEMENT_3D('',#6499,#5184,#5185);
#4765=AXIS2_PLACEMENT_3D('',#6505,#5189,#5190);
#4766=AXIS2_PLACEMENT_3D('',#6511,#5194,#5195);
#4767=AXIS2_PLACEMENT_3D('',#6514,#5198,#5199);
#4768=AXIS2_PLACEMENT_3D('',#6522,#5203,#5204);
#4769=AXIS2_PLACEMENT_3D('',#6526,#5206,#5207);
#4770=AXIS2_PLACEMENT_3D('',#6536,#5213,#5214);
#4771=AXIS2_PLACEMENT_3D('',#6548,#5220,#5221);
#4772=AXIS2_PLACEMENT_3D('',#6552,#5223,#5224);
#4773=AXIS2_PLACEMENT_3D('',#6558,#5228,#5229);
#4774=AXIS2_PLACEMENT_3D('',#6564,#5232,#5233);
#4775=AXIS2_PLACEMENT_3D('',#6568,#5235,#5236);
#4776=AXIS2_PLACEMENT_3D('',#6576,#5240,#5241);
#4777=AXIS2_PLACEMENT_3D('',#6580,#5243,#5244);
#4778=AXIS2_PLACEMENT_3D('',#6588,#5248,#5249);
#4779=AXIS2_PLACEMENT_3D('',#6592,#5251,#5252);
#4780=AXIS2_PLACEMENT_3D('',#6600,#5256,#5257);
#4781=AXIS2_PLACEMENT_3D('',#6604,#5259,#5260);
#4782=AXIS2_PLACEMENT_3D('',#6608,#5263,#5264);
#4783=AXIS2_PLACEMENT_3D('',#6612,#5266,#5267);
#4784=AXIS2_PLACEMENT_3D('',#6620,#5271,#5272);
#4785=AXIS2_PLACEMENT_3D('',#6624,#5274,#5275);
#4786=AXIS2_PLACEMENT_3D('',#6632,#5279,#5280);
#4787=AXIS2_PLACEMENT_3D('',#6636,#5282,#5283);
#4788=AXIS2_PLACEMENT_3D('',#6644,#5287,#5288);
#4789=AXIS2_PLACEMENT_3D('',#6648,#5290,#5291);
#4790=AXIS2_PLACEMENT_3D('',#6656,#5295,#5296);
#4791=AXIS2_PLACEMENT_3D('',#6658,#5298,#5299);
#4792=AXIS2_PLACEMENT_3D('',#6691,#5316,#5317);
#4793=AXIS2_PLACEMENT_3D('',#6697,#5321,#5322);
#4794=AXIS2_PLACEMENT_3D('',#6701,#5325,#5326);
#4795=AXIS2_PLACEMENT_3D('',#6705,#5329,#5330);
#4796=AXIS2_PLACEMENT_3D('',#6707,#5332,#5333);
#4797=AXIS2_PLACEMENT_3D('',#6713,#5337,#5338);
#4798=AXIS2_PLACEMENT_3D('',#6717,#5341,#5342);
#4799=AXIS2_PLACEMENT_3D('',#6721,#5345,#5346);
#4800=AXIS2_PLACEMENT_3D('',#6723,#5348,#5349);
#4801=AXIS2_PLACEMENT_3D('',#6729,#5353,#5354);
#4802=AXIS2_PLACEMENT_3D('',#6733,#5357,#5358);
#4803=AXIS2_PLACEMENT_3D('',#6737,#5361,#5362);
#4804=AXIS2_PLACEMENT_3D('',#6739,#5364,#5365);
#4805=AXIS2_PLACEMENT_3D('',#6745,#5369,#5370);
#4806=AXIS2_PLACEMENT_3D('',#6755,#5376,#5377);
#4807=AXIS2_PLACEMENT_3D('',#6759,#5380,#5381);
#4808=AXIS2_PLACEMENT_3D('',#6767,#5386,#5387);
#4809=AXIS2_PLACEMENT_3D('',#6773,#5391,#5392);
#4810=AXIS2_PLACEMENT_3D('',#6777,#5395,#5396);
#4811=AXIS2_PLACEMENT_3D('',#6781,#5399,#5400);
#4812=AXIS2_PLACEMENT_3D('',#6787,#5404,#5405);
#4813=AXIS2_PLACEMENT_3D('',#6791,#5408,#5409);
#4814=AXIS2_PLACEMENT_3D('',#6795,#5412,#5413);
#4815=AXIS2_PLACEMENT_3D('',#6805,#5419,#5420);
#4816=AXIS2_PLACEMENT_3D('',#6815,#5426,#5427);
#4817=AXIS2_PLACEMENT_3D('',#6821,#5431,#5432);
#4818=AXIS2_PLACEMENT_3D('',#6823,#5433,#5434);
#4819=AXIS2_PLACEMENT_3D('',#6825,#5436,#5437);
#4820=AXIS2_PLACEMENT_3D('',#6829,#5440,#5441);
#4821=AXIS2_PLACEMENT_3D('',#6835,#5445,#5446);
#4822=AXIS2_PLACEMENT_3D('',#6837,#5447,#5448);
#4823=AXIS2_PLACEMENT_3D('',#6839,#5450,#5451);
#4824=AXIS2_PLACEMENT_3D('',#6843,#5454,#5455);
#4825=AXIS2_PLACEMENT_3D('',#6849,#5459,#5460);
#4826=AXIS2_PLACEMENT_3D('',#6851,#5461,#5462);
#4827=AXIS2_PLACEMENT_3D('',#6853,#5464,#5465);
#4828=AXIS2_PLACEMENT_3D('',#6857,#5468,#5469);
#4829=AXIS2_PLACEMENT_3D('',#6863,#5473,#5474);
#4830=AXIS2_PLACEMENT_3D('',#6865,#5475,#5476);
#4831=AXIS2_PLACEMENT_3D('',#6867,#5478,#5479);
#4832=AXIS2_PLACEMENT_3D('',#6871,#5482,#5483);
#4833=AXIS2_PLACEMENT_3D('',#6873,#5484,#5485);
#4834=AXIS2_PLACEMENT_3D('',#6914,#5507,#5508);
#4835=AXIS2_PLACEMENT_3D('',#6917,#5510,#5511);
#4836=AXIS2_PLACEMENT_3D('',#6920,#5513,#5514);
#4837=AXIS2_PLACEMENT_3D('',#6922,#5515,#5516);
#4838=AXIS2_PLACEMENT_3D('',#6925,#5518,#5519);
#4839=AXIS2_PLACEMENT_3D('',#6927,#5520,#5521);
#4840=AXIS2_PLACEMENT_3D('',#6930,#5523,#5524);
#4841=AXIS2_PLACEMENT_3D('',#6932,#5526,#5527);
#4842=AXIS2_PLACEMENT_3D('',#6938,#5531,#5532);
#4843=AXIS2_PLACEMENT_3D('',#6956,#5541,#5542);
#4844=AXIS2_PLACEMENT_3D('',#6959,#5544,#5545);
#4845=AXIS2_PLACEMENT_3D('',#6960,#5546,#5547);
#4846=AXIS2_PLACEMENT_3D('',#6963,#5550,#5551);
#4847=AXIS2_PLACEMENT_3D('',#6972,#5556,#5557);
#4848=AXIS2_PLACEMENT_3D('',#6981,#5562,#5563);
#4849=AXIS2_PLACEMENT_3D('',#6983,#5564,#5565);
#4850=AXIS2_PLACEMENT_3D('',#6986,#5567,#5568);
#4851=AXIS2_PLACEMENT_3D('',#6987,#5569,#5570);
#4852=AXIS2_PLACEMENT_3D('',#6990,#5572,#5573);
#4853=AXIS2_PLACEMENT_3D('',#6992,#5575,#5576);
#4854=AXIS2_PLACEMENT_3D('',#7001,#5581,#5582);
#4855=AXIS2_PLACEMENT_3D('',#7007,#5586,#5587);
#4856=AXIS2_PLACEMENT_3D('',#7013,#5591,#5592);
#4857=AXIS2_PLACEMENT_3D('',#7016,#5595,#5596);
#4858=AXIS2_PLACEMENT_3D('',#7025,#5601,#5602);
#4859=AXIS2_PLACEMENT_3D('',#7031,#5606,#5607);
#4860=AXIS2_PLACEMENT_3D('',#7037,#5611,#5612);
#4861=AXIS2_PLACEMENT_3D('',#7040,#5615,#5616);
#4862=AXIS2_PLACEMENT_3D('',#7049,#5621,#5622);
#4863=AXIS2_PLACEMENT_3D('',#7055,#5626,#5627);
#4864=AXIS2_PLACEMENT_3D('',#7061,#5631,#5632);
#4865=AXIS2_PLACEMENT_3D('',#7064,#5635,#5636);
#4866=AXIS2_PLACEMENT_3D('',#7066,#5638,#5639);
#4867=AXIS2_PLACEMENT_3D('',#7068,#5640,#5641);
#4868=AXIS2_PLACEMENT_3D('',#7075,#5645,#5646);
#4869=AXIS2_PLACEMENT_3D('',#7076,#5647,#5648);
#4870=AXIS2_PLACEMENT_3D('',#7081,#5652,#5653);
#4871=AXIS2_PLACEMENT_3D('',#7084,#5655,#5656);
#4872=AXIS2_PLACEMENT_3D('',#7085,#5657,#5658);
#4873=AXIS2_PLACEMENT_3D('',#7089,#5661,#5662);
#4874=AXIS2_PLACEMENT_3D('',#7091,#5664,#5665);
#4875=AXIS2_PLACEMENT_3D('',#7093,#5667,#5668);
#4876=AXIS2_PLACEMENT_3D('',#7095,#5669,#5670);
#4877=AXIS2_PLACEMENT_3D('',#7098,#5672,#5673);
#4878=AXIS2_PLACEMENT_3D('',#7099,#5674,#5675);
#4879=AXIS2_PLACEMENT_3D('',#7105,#5679,#5680);
#4880=AXIS2_PLACEMENT_3D('',#7107,#5681,#5682);
#4881=AXIS2_PLACEMENT_3D('',#7112,#5686,#5687);
#4882=AXIS2_PLACEMENT_3D('',#7114,#5689,#5690);
#4883=AXIS2_PLACEMENT_3D('',#7115,#5691,#5692);
#4884=AXIS2_PLACEMENT_3D('',#7124,#5697,#5698);
#4885=AXIS2_PLACEMENT_3D('',#7133,#5703,#5704);
#4886=AXIS2_PLACEMENT_3D('',#7134,#5705,#5706);
#4887=AXIS2_PLACEMENT_3D('',#7135,#5707,#5708);
#4888=AXIS2_PLACEMENT_3D('',#7136,#5709,#5710);
#4889=AXIS2_PLACEMENT_3D('',#7138,#5711,#5712);
#4890=AXIS2_PLACEMENT_3D('',#7141,#5714,#5715);
#4891=AXIS2_PLACEMENT_3D('',#7142,#5716,#5717);
#4892=AXIS2_PLACEMENT_3D('',#7144,#5718,#5719);
#4893=AXIS2_PLACEMENT_3D('',#7147,#5721,#5722);
#4894=AXIS2_PLACEMENT_3D('',#7148,#5723,#5724);
#4895=AXIS2_PLACEMENT_3D('',#7151,#5727,#5728);
#4896=AXIS2_PLACEMENT_3D('',#7153,#5729,#5730);
#4897=AXIS2_PLACEMENT_3D('',#7156,#5732,#5733);
#4898=AXIS2_PLACEMENT_3D('',#7157,#5734,#5735);
#4899=AXIS2_PLACEMENT_3D('',#7163,#5739,#5740);
#4900=AXIS2_PLACEMENT_3D('',#7165,#5741,#5742);
#4901=AXIS2_PLACEMENT_3D('',#7167,#5743,#5744);
#4902=AXIS2_PLACEMENT_3D('',#7169,#5746,#5747);
#4903=AXIS2_PLACEMENT_3D('',#7175,#5751,#5752);
#4904=AXIS2_PLACEMENT_3D('',#7177,#5753,#5754);
#4905=AXIS2_PLACEMENT_3D('',#7180,#5756,#5757);
#4906=AXIS2_PLACEMENT_3D('',#7181,#5758,#5759);
#4907=AXIS2_PLACEMENT_3D('',#7183,#5760,#5761);
#4908=AXIS2_PLACEMENT_3D('',#7186,#5763,#5764);
#4909=AXIS2_PLACEMENT_3D('',#7187,#5765,#5766);
#4910=AXIS2_PLACEMENT_3D('',#7190,#5769,#5770);
#4911=AXIS2_PLACEMENT_3D('',#7192,#5772,#5773);
#4912=AXIS2_PLACEMENT_3D('',#7194,#5775,#5776);
#4913=AXIS2_PLACEMENT_3D('',#7196,#5778,#5779);
#4914=AXIS2_PLACEMENT_3D('',#7198,#5781,#5782);
#4915=AXIS2_PLACEMENT_3D('',#7200,#5784,#5785);
#4916=AXIS2_PLACEMENT_3D('',#7202,#5787,#5788);
#4917=AXIS2_PLACEMENT_3D('',#7204,#5790,#5791);
#4918=AXIS2_PLACEMENT_3D('',#7206,#5793,#5794);
#4919=AXIS2_PLACEMENT_3D('',#7208,#5796,#5797);
#4920=AXIS2_PLACEMENT_3D('',#7210,#5799,#5800);
#4921=AXIS2_PLACEMENT_3D('',#7212,#5802,#5803);
#4922=AXIS2_PLACEMENT_3D('',#7214,#5805,#5806);
#4923=AXIS2_PLACEMENT_3D('',#7216,#5808,#5809);
#4924=AXIS2_PLACEMENT_3D('',#7217,#5810,#5811);
#4925=AXIS2_PLACEMENT_3D('',#7221,#5814,#5815);
#4926=AXIS2_PLACEMENT_3D('',#7223,#5816,#5817);
#4927=AXIS2_PLACEMENT_3D('',#7225,#5819,#5820);
#4928=AXIS2_PLACEMENT_3D('',#7227,#5822,#5823);
#4929=AXIS2_PLACEMENT_3D('',#7229,#5825,#5826);
#4930=AXIS2_PLACEMENT_3D('',#7231,#5828,#5829);
#4931=AXIS2_PLACEMENT_3D('',#7233,#5831,#5832);
#4932=AXIS2_PLACEMENT_3D('',#7235,#5834,#5835);
#4933=AXIS2_PLACEMENT_3D('',#7237,#5837,#5838);
#4934=AXIS2_PLACEMENT_3D('',#7238,#5839,#5840);
#4935=AXIS2_PLACEMENT_3D('',#7240,#5841,#5842);
#4936=AXIS2_PLACEMENT_3D('',#7242,#5844,#5845);
#4937=AXIS2_PLACEMENT_3D('',#7245,#5847,#5848);
#4938=AXIS2_PLACEMENT_3D('',#7246,#5849,#5850);
#4939=AXIS2_PLACEMENT_3D('',#7248,#5851,#5852);
#4940=AXIS2_PLACEMENT_3D('',#7250,#5854,#5855);
#4941=AXIS2_PLACEMENT_3D('',#7252,#5857,#5858);
#4942=AXIS2_PLACEMENT_3D('',#7254,#5859,#5860);
#4943=AXIS2_PLACEMENT_3D('',#7256,#5862,#5863);
#4944=AXIS2_PLACEMENT_3D('',#7258,#5864,#5865);
#4945=AXIS2_PLACEMENT_3D('',#7262,#5868,#5869);
#4946=AXIS2_PLACEMENT_3D('',#7264,#5870,#5871);
#4947=AXIS2_PLACEMENT_3D('',#7266,#5873,#5874);
#4948=AXIS2_PLACEMENT_3D('',#7269,#5876,#5877);
#4949=AXIS2_PLACEMENT_3D('',#7270,#5878,#5879);
#4950=AXIS2_PLACEMENT_3D('',#7273,#5881,#5882);
#4951=AXIS2_PLACEMENT_3D('',#7278,#5885,#5886);
#4952=AXIS2_PLACEMENT_3D('',#7283,#5889,#5890);
#4953=AXIS2_PLACEMENT_3D('',#7288,#5893,#5894);
#4954=AXIS2_PLACEMENT_3D('',#7295,#5898,#5899);
#4955=AXIS2_PLACEMENT_3D('',#7297,#5901,#5902);
#4956=AXIS2_PLACEMENT_3D('',#7299,#5904,#5905);
#4957=AXIS2_PLACEMENT_3D('',#7302,#5908,#5909);
#4958=AXIS2_PLACEMENT_3D('',#7304,#5911,#5912);
#4959=AXIS2_PLACEMENT_3D('',#7313,#5917,#5918);
#4960=AXIS2_PLACEMENT_3D('',#7314,#5919,#5920);
#4961=AXIS2_PLACEMENT_3D('',#7316,#5922,#5923);
#4962=AXIS2_PLACEMENT_3D('',#7318,#5925,#5926);
#4963=AXIS2_PLACEMENT_3D('',#7319,#5927,#5928);
#4964=AXIS2_PLACEMENT_3D('',#7321,#5930,#5931);
#4965=AXIS2_PLACEMENT_3D('',#7323,#5933,#5934);
#4966=AXIS2_PLACEMENT_3D('',#7324,#5935,#5936);
#4967=AXIS2_PLACEMENT_3D('',#7326,#5938,#5939);
#4968=AXIS2_PLACEMENT_3D('',#7328,#5941,#5942);
#4969=AXIS2_PLACEMENT_3D('',#7329,#5943,#5944);
#4970=AXIS2_PLACEMENT_3D('',#7331,#5946,#5947);
#4971=AXIS2_PLACEMENT_3D('',#7333,#5949,#5950);
#4972=AXIS2_PLACEMENT_3D('',#7334,#5951,#5952);
#4973=AXIS2_PLACEMENT_3D('',#7335,#5953,#5954);
#4974=AXIS2_PLACEMENT_3D('',#7337,#5956,#5957);
#4975=AXIS2_PLACEMENT_3D('',#7339,#5959,#5960);
#4976=AXIS2_PLACEMENT_3D('',#7340,#5961,#5962);
#4977=AXIS2_PLACEMENT_3D('',#7342,#5964,#5965);
#4978=AXIS2_PLACEMENT_3D('',#7344,#5967,#5968);
#4979=AXIS2_PLACEMENT_3D('',#7345,#5969,#5970);
#4980=AXIS2_PLACEMENT_3D('',#7347,#5972,#5973);
#4981=AXIS2_PLACEMENT_3D('',#7349,#5975,#5976);
#4982=AXIS2_PLACEMENT_3D('',#7350,#5977,#5978);
#4983=AXIS2_PLACEMENT_3D('',#7352,#5980,#5981);
#4984=AXIS2_PLACEMENT_3D('',#7353,#5982,#5983);
#4985=AXIS2_PLACEMENT_3D('',#7355,#5985,#5986);
#4986=AXIS2_PLACEMENT_3D('',#7356,#5987,#5988);
#4987=AXIS2_PLACEMENT_3D('',#7362,#5992,#5993);
#4988=AXIS2_PLACEMENT_3D('',#7366,#5996,#5997);
#4989=AXIS2_PLACEMENT_3D('',#7370,#6000,#6001);
#4990=AXIS2_PLACEMENT_3D('',#7372,#6003,#6004);
#4991=AXIS2_PLACEMENT_3D('',#7376,#6007,#6008);
#4992=AXIS2_PLACEMENT_3D('',#7380,#6011,#6012);
#4993=AXIS2_PLACEMENT_3D('',#7382,#6014,#6015);
#4994=AXIS2_PLACEMENT_3D('',#7383,#6016,#6017);
#4995=AXIS2_PLACEMENT_3D('',#7384,#6018,#6019);
#4996=AXIS2_PLACEMENT_3D('',#7387,#6020,#6021);
#4997=AXIS2_PLACEMENT_3D('',#7423,#6024,#6025);
#4998=AXIS2_PLACEMENT_3D('',#7425,#6026,#6027);
#4999=AXIS2_PLACEMENT_3D('',#7427,#6028,#6029);
#5000=AXIS2_PLACEMENT_3D('',#7429,#6031,#6032);
#5001=AXIS2_PLACEMENT_3D('',#7431,#6033,#6034);
#5002=AXIS2_PLACEMENT_3D('',#7434,#6036,#6037);
#5003=AXIS2_PLACEMENT_3D('',#7435,#6038,#6039);
#5004=AXIS2_PLACEMENT_3D('',#7472,#6041,#6042);
#5005=AXIS2_PLACEMENT_3D('',#7474,#6044,#6045);
#5006=AXIS2_PLACEMENT_3D('',#7476,#6046,#6047);
#5007=AXIS2_PLACEMENT_3D('',#7478,#6048,#6049);
#5008=AXIS2_PLACEMENT_3D('',#7480,#6051,#6052);
#5009=AXIS2_PLACEMENT_3D('',#7482,#6053,#6054);
#5010=AXIS2_PLACEMENT_3D('',#7485,#6056,#6057);
#5011=AXIS2_PLACEMENT_3D('',#7486,#6058,#6059);
#5012=AXIS2_PLACEMENT_3D('',#7489,#6062,#6063);
#5013=AXIS2_PLACEMENT_3D('',#7491,#6065,#6066);
#5014=AXIS2_PLACEMENT_3D('',#7493,#6068,#6069);
#5015=AXIS2_PLACEMENT_3D('',#7497,#6071,#6072);
#5016=AXIS2_PLACEMENT_3D('',#7499,#6073,#6074);
#5017=AXIS2_PLACEMENT_3D('',#7503,#6076,#6077);
#5018=AXIS2_PLACEMENT_3D('',#7505,#6078,#6079);
#5019=AXIS2_PLACEMENT_3D('',#7507,#6080,#6081);
#5020=AXIS2_PLACEMENT_3D('',#7511,#6083,#6084);
#5021=AXIS2_PLACEMENT_3D('',#7513,#6085,#6086);
#5022=AXIS2_PLACEMENT_3D('',#7515,#6088,#6089);
#5023=AXIS2_PLACEMENT_3D('',#7525,#6094,#6095);
#5024=AXIS2_PLACEMENT_3D('',#7529,#6097,#6098);
#5025=AXIS2_PLACEMENT_3D('',#7536,#6102,#6103);
#5026=AXIS2_PLACEMENT_3D('',#7537,#6104,#6105);
#5027=AXIS2_PLACEMENT_3D('',#7541,#6107,#6108);
#5028=AXIS2_PLACEMENT_3D('',#7549,#6112,#6113);
#5029=AXIS2_PLACEMENT_3D('',#7553,#6115,#6116);
#5030=AXIS2_PLACEMENT_3D('',#7559,#6120,#6121);
#5031=AXIS2_PLACEMENT_3D('',#7563,#6123,#6124);
#5032=AXIS2_PLACEMENT_3D('',#7567,#6126,#6127);
#5033=AXIS2_PLACEMENT_3D('',#7571,#6129,#6130);
#5034=AXIS2_PLACEMENT_3D('',#7573,#6132,#6133);
#5035=AXIS2_PLACEMENT_3D('',#7575,#6134,#6135);
#5036=AXIS2_PLACEMENT_3D('',#7577,#6137,#6138);
#5037=AXIS2_PLACEMENT_3D('',#7581,#6141,#6142);
#5038=AXIS2_PLACEMENT_3D('',#7587,#6146,#6147);
#5039=AXIS2_PLACEMENT_3D('',#7589,#6148,#6149);
#5040=AXIS2_PLACEMENT_3D('',#7590,#6150,#6151);
#5041=AXIS2_PLACEMENT_3D('',#7591,#6152,#6153);
#5042=AXIS2_PLACEMENT_3D('',#7597,#6157,#6158);
#5043=AXIS2_PLACEMENT_3D('',#7599,#6160,#6161);
#5044=AXIS2_PLACEMENT_3D('',#7604,#6162,#6163);
#5045=AXIS2_PLACEMENT_3D('',#7606,#6164,#6165);
#5046=AXIS2_PLACEMENT_3D('',#7610,#6167,#6168);
#5047=AXIS2_PLACEMENT_3D('',#7611,#6169,#6170);
#5048=AXIS2_PLACEMENT_3D('',#7612,#6171,#6172);
#5049=AXIS2_PLACEMENT_3D('',#7618,#6174,#6175);
#5050=AXIS2_PLACEMENT_3D('',#7620,#6177,#6178);
#5051=AXIS2_PLACEMENT_3D('',#7622,#6180,#6181);
#5052=AXIS2_PLACEMENT_3D('',#7623,#6182,#6183);
#5053=AXIS2_PLACEMENT_3D('',#7628,#6185,#6186);
#5054=AXIS2_PLACEMENT_3D('',#7659,#6188,#6189);
#5055=AXIS2_PLACEMENT_3D('',#7662,#6190,#6191);
#5056=AXIS2_PLACEMENT_3D('',#7671,#6196,#6197);
#5057=AXIS2_PLACEMENT_3D('',#7677,#6201,#6202);
#5058=AXIS2_PLACEMENT_3D('',#7710,#6205,#6206);
#5059=AXIS2_PLACEMENT_3D('',#7714,#6208,#6209);
#5060=AXIS2_PLACEMENT_3D('',#7716,#6211,#6212);
#5061=AXIS2_PLACEMENT_3D('',#7722,#6215,#6216);
#5062=AXIS2_PLACEMENT_3D('',#7723,#6217,#6218);
#5063=AXIS2_PLACEMENT_3D('',#7729,#6221,#6222);
#5064=AXIS2_PLACEMENT_3D('',#7730,#6223,#6224);
#5065=AXIS2_PLACEMENT_3D('',#7735,#6226,#6227);
#5066=AXIS2_PLACEMENT_3D('',#7737,#6229,#6230);
#5067=AXIS2_PLACEMENT_3D('',#7742,#6232,#6233);
#5068=AXIS2_PLACEMENT_3D('',#7744,#6235,#6236);
#5069=AXIS2_PLACEMENT_3D('',#7745,#6237,#6238);
#5070=AXIS2_PLACEMENT_3D('',#7748,#6241,#6242);
#5071=AXIS2_PLACEMENT_3D('',#7751,#6243,#6244);
#5072=AXIS2_PLACEMENT_3D('',#7756,#6248,#6249);
#5073=AXIS2_PLACEMENT_3D('',#7765,#6251,#6252);
#5074=AXIS2_PLACEMENT_3D('',#7771,#6255,#6256);
#5075=AXIS2_PLACEMENT_3D('',#7773,#6258,#6259);
#5076=AXIS2_PLACEMENT_3D('',#7782,#6261,#6262);
#5077=AXIS2_PLACEMENT_3D('',#7788,#6265,#6266);
#5078=AXIS2_PLACEMENT_3D('',#7790,#6268,#6269);
#5079=AXIS2_PLACEMENT_3D('',#7793,#6271,#6272);
#5080=AXIS2_PLACEMENT_3D('',#7794,#6273,#6274);
#5081=AXIS2_PLACEMENT_3D('',#7801,#6278,#6279);
#5082=AXIS2_PLACEMENT_3D('',#7802,#6280,#6281);
#5083=AXIS2_PLACEMENT_3D('',#7804,#6282,#6283);
#5084=AXIS2_PLACEMENT_3D('',#7806,#6285,#6286);
#5085=AXIS2_PLACEMENT_3D('',#7810,#6289,#6290);
#5086=AXIS2_PLACEMENT_3D('',#7812,#6291,#6292);
#5087=AXIS2_PLACEMENT_3D('',#7814,#6294,#6295);
#5088=AXIS2_PLACEMENT_3D('',#7818,#6298,#6299);
#5089=AXIS2_PLACEMENT_3D('',#7820,#6300,#6301);
#5090=AXIS2_PLACEMENT_3D('',#7822,#6303,#6304);
#5091=AXIS2_PLACEMENT_3D('',#7826,#6307,#6308);
#5092=AXIS2_PLACEMENT_3D('',#7830,#6311,#6312);
#5093=AXIS2_PLACEMENT_3D('',#7831,#6313,#6314);
#5094=AXIS2_PLACEMENT_3D('',#7832,#6315,#6316);
#5095=AXIS2_PLACEMENT_3D('',#7834,#6318,#6319);
#5096=AXIS2_PLACEMENT_3D('',#7836,#6321,#6322);
#5097=AXIS2_PLACEMENT_3D('',#7840,#6324,#6325);
#5098=AXIS2_PLACEMENT_3D('',#7843,#6327,#6328);
#5099=AXIS2_PLACEMENT_3D('',#7844,#6329,#6330);
#5100=AXIS2_PLACEMENT_3D('',#7845,#6331,#6332);
#5101=AXIS2_PLACEMENT_3D('',#7849,#6335,#6336);
#5102=AXIS2_PLACEMENT_3D('',#7856,#6340,#6341);
#5103=AXIS2_PLACEMENT_3D('',#7858,#6343,#6344);
#5104=AXIS2_PLACEMENT_3D('',#7860,#6345,#6346);
#5105=AXIS2_PLACEMENT_3D('',#7861,#6347,#6348);
#5106=AXIS2_PLACEMENT_3D('',#7862,#6349,#6350);
#5107=AXIS2_PLACEMENT_3D('',#7865,#6353,#6354);
#5108=AXIS2_PLACEMENT_3D('',#7867,#6356,#6357);
#5109=AXIS2_PLACEMENT_3D('',#7869,#6359,#6360);
#5110=AXIS2_PLACEMENT_3D('',#7873,#6362,#6363);
#5111=AXIS2_PLACEMENT_3D('',#7875,#6365,#6366);
#5112=AXIS2_PLACEMENT_3D('',#7878,#6367,#6368);
#5113=AXIS2_PLACEMENT_3D('',#7881,#6371,#6372);
#5114=AXIS2_PLACEMENT_3D('',#7885,#6375,#6376);
#5115=AXIS2_PLACEMENT_3D('',#7887,#6377,#6378);
#5116=AXIS2_PLACEMENT_3D('',#7890,#6381,#6382);
#5117=AXIS2_PLACEMENT_3D('',#7894,#6385,#6386);
#5118=AXIS2_PLACEMENT_3D('',#7898,#6389,#6390);
#5119=AXIS2_PLACEMENT_3D('',#7899,#6391,#6392);
#5120=AXIS2_PLACEMENT_3D('',#7900,#6393,#6394);
#5121=AXIS2_PLACEMENT_3D('',#7901,#6395,#6396);
#5122=AXIS2_PLACEMENT_3D('',#7907,#6400,#6401);
#5123=AXIS2_PLACEMENT_3D('',#7910,#6404,#6405);
#5124=AXIS2_PLACEMENT_3D('',#7911,#6406,#6407);
#5125=AXIS2_PLACEMENT_3D('',#7912,#6408,#6409);
#5126=AXIS2_PLACEMENT_3D('',#7913,#6410,#6411);
#5127=AXIS2_PLACEMENT_3D('',#7914,#6412,#6413);
#5128=AXIS2_PLACEMENT_3D('',#7915,#6414,#6415);
#5129=AXIS2_PLACEMENT_3D('',#7916,#6416,#6417);
#5130=AXIS2_PLACEMENT_3D('',#7917,#6418,#6419);
#5131=DIRECTION('axis',(0.,0.,1.));
#5132=DIRECTION('refdir',(1.,0.,0.));
#5133=DIRECTION('axis',(0.,0.,1.));
#5134=DIRECTION('refdir',(1.,0.,0.));
#5135=DIRECTION('center_axis',(0.,0.866025403784439,0.5));
#5136=DIRECTION('ref_axis',(1.,0.,0.));
#5137=DIRECTION('',(-1.,0.,0.));
#5138=DIRECTION('',(0.,0.5,-0.866025403784438));
#5139=DIRECTION('',(-1.,0.,0.));
#5140=DIRECTION('',(0.,0.5,-0.866025403784438));
#5141=DIRECTION('center_axis',(0.,-0.866025403784438,0.500000000000001));
#5142=DIRECTION('ref_axis',(1.,0.,0.));
#5143=DIRECTION('',(-1.,0.,0.));
#5144=DIRECTION('',(0.,0.500000000000001,0.866025403784438));
#5145=DIRECTION('',(0.,0.500000000000001,0.866025403784438));
#5146=DIRECTION('center_axis',(0.,0.,-1.));
#5147=DIRECTION('ref_axis',(-1.,0.,0.));
#5148=DIRECTION('',(0.,-1.,0.));
#5149=DIRECTION('',(0.,-1.,0.));
#5150=DIRECTION('center_axis',(-1.,0.,0.));
#5151=DIRECTION('ref_axis',(0.,0.,1.));
#5152=DIRECTION('center_axis',(-1.,0.,0.));
#5153=DIRECTION('ref_axis',(0.,0.,1.));
#5154=DIRECTION('',(0.,0.,1.));
#5155=DIRECTION('',(0.,-1.,0.));
#5156=DIRECTION('',(0.,0.,1.));
#5157=DIRECTION('',(0.,-1.,0.));
#5158=DIRECTION('',(0.,0.,-1.));
#5159=DIRECTION('',(0.,-1.,0.));
#5160=DIRECTION('',(0.,0.,-1.));
#5161=DIRECTION('',(0.,-1.,0.));
#5162=DIRECTION('',(0.,0.,-1.));
#5163=DIRECTION('',(0.,1.,0.));
#5164=DIRECTION('',(0.,0.,1.));
#5165=DIRECTION('',(0.,-1.,0.));
#5166=DIRECTION('',(0.,0.,1.));
#5167=DIRECTION('',(0.,-1.,0.));
#5168=DIRECTION('',(0.,0.,-1.));
#5169=DIRECTION('',(0.,-1.,0.));
#5170=DIRECTION('',(0.,0.,1.));
#5171=DIRECTION('',(0.,-1.,0.));
#5172=DIRECTION('',(0.,0.,-1.));
#5173=DIRECTION('',(0.,-1.,0.));
#5174=DIRECTION('',(0.,0.,1.));
#5175=DIRECTION('',(0.,-1.,0.));
#5176=DIRECTION('',(0.,0.,-1.));
#5177=DIRECTION('',(0.,-1.,0.));
#5178=DIRECTION('center_axis',(-0.866025403784438,0.,-0.500000000000001));
#5179=DIRECTION('ref_axis',(-0.500000000000001,0.,0.866025403784438));
#5180=DIRECTION('',(-0.447213595499959,-0.447213595499957,0.774596669241483));
#5181=DIRECTION('',(0.,1.,0.));
#5182=DIRECTION('',(-0.447213595499957,0.447213595499968,0.774596669241478));
#5183=DIRECTION('',(0.,1.,0.));
#5184=DIRECTION('center_axis',(0.,0.866025403784437,-0.500000000000002));
#5185=DIRECTION('ref_axis',(-1.,0.,0.));
#5186=DIRECTION('',(1.,0.,0.));
#5187=DIRECTION('',(0.447213595499954,0.447213595499961,0.774596669241484));
#5188=DIRECTION('',(1.,0.,0.));
#5189=DIRECTION('center_axis',(0.86602540378444,0.,-0.499999999999998));
#5190=DIRECTION('ref_axis',(-0.499999999999998,0.,-0.86602540378444));
#5191=DIRECTION('',(0.,-1.,0.));
#5192=DIRECTION('',(0.447213595499958,-0.447213595499949,0.774596669241488));
#5193=DIRECTION('',(0.,-1.,0.));
#5194=DIRECTION('center_axis',(0.,-0.866025403784437,-0.500000000000002));
#5195=DIRECTION('ref_axis',(-1.,0.,0.));
#5196=DIRECTION('',(-1.,0.,0.));
#5197=DIRECTION('',(-1.,0.,0.));
#5198=DIRECTION('center_axis',(0.,1.,0.));
#5199=DIRECTION('ref_axis',(0.,0.,1.));
#5200=DIRECTION('',(0.,0.,-1.));
#5201=DIRECTION('',(-1.,0.,0.));
#5202=DIRECTION('',(0.,0.,-1.));
#5203=DIRECTION('center_axis',(0.,1.,0.));
#5204=DIRECTION('ref_axis',(-9.25185853854298E-16,0.,1.));
#5205=DIRECTION('',(1.,0.,0.));
#5206=DIRECTION('center_axis',(0.,1.,0.));
#5207=DIRECTION('ref_axis',(-1.,0.,0.));
#5208=DIRECTION('',(0.,0.,-1.));
#5209=DIRECTION('',(-1.,0.,0.));
#5210=DIRECTION('',(0.,0.,-1.));
#5211=DIRECTION('',(1.,0.,0.));
#5212=DIRECTION('',(0.,0.,-1.));
#5213=DIRECTION('center_axis',(0.,-1.,0.));
#5214=DIRECTION('ref_axis',(0.,0.,-1.));
#5215=DIRECTION('',(0.,0.,-1.));
#5216=DIRECTION('',(1.,0.,0.));
#5217=DIRECTION('',(0.,0.,-1.));
#5218=DIRECTION('',(1.,0.,0.));
#5219=DIRECTION('',(0.,0.,-1.));
#5220=DIRECTION('center_axis',(0.,-1.,0.));
#5221=DIRECTION('ref_axis',(9.25185853854298E-16,0.,1.));
#5222=DIRECTION('',(-1.,0.,0.));
#5223=DIRECTION('center_axis',(0.,-1.,0.));
#5224=DIRECTION('ref_axis',(1.,0.,0.));
#5225=DIRECTION('',(0.,0.,-1.));
#5226=DIRECTION('',(1.,0.,0.));
#5227=DIRECTION('',(0.,0.,-1.));
#5228=DIRECTION('center_axis',(1.,0.,0.));
#5229=DIRECTION('ref_axis',(0.,0.,-1.));
#5230=DIRECTION('',(0.,1.,0.));
#5231=DIRECTION('',(0.,0.,-1.));
#5232=DIRECTION('center_axis',(1.,0.,0.));
#5233=DIRECTION('ref_axis',(0.,-1.,-2.96059473233374E-15));
#5234=DIRECTION('',(0.,-1.,0.));
#5235=DIRECTION('center_axis',(1.,0.,0.));
#5236=DIRECTION('ref_axis',(0.,2.96059473233374E-15,-1.));
#5237=DIRECTION('',(0.,0.,-1.));
#5238=DIRECTION('',(0.,1.,0.));
#5239=DIRECTION('',(0.,0.,-1.));
#5240=DIRECTION('center_axis',(1.,0.,0.));
#5241=DIRECTION('ref_axis',(0.,-1.,-2.96059473233374E-15));
#5242=DIRECTION('',(0.,-1.,0.));
#5243=DIRECTION('center_axis',(1.,0.,0.));
#5244=DIRECTION('ref_axis',(0.,2.96059473233374E-15,-1.));
#5245=DIRECTION('',(0.,0.,-1.));
#5246=DIRECTION('',(0.,1.,0.));
#5247=DIRECTION('',(0.,0.,-1.));
#5248=DIRECTION('center_axis',(1.,0.,0.));
#5249=DIRECTION('ref_axis',(0.,-1.,0.));
#5250=DIRECTION('',(0.,-1.,0.));
#5251=DIRECTION('center_axis',(1.,0.,0.));
#5252=DIRECTION('ref_axis',(0.,0.,-1.));
#5253=DIRECTION('',(0.,0.,-1.));
#5254=DIRECTION('',(0.,1.,0.));
#5255=DIRECTION('',(0.,0.,-1.));
#5256=DIRECTION('center_axis',(1.,0.,0.));
#5257=DIRECTION('ref_axis',(0.,-1.,-2.96059473233375E-15));
#5258=DIRECTION('',(0.,-1.,0.));
#5259=DIRECTION('center_axis',(1.,0.,0.));
#5260=DIRECTION('ref_axis',(0.,2.22044604925031E-15,-1.));
#5261=DIRECTION('',(0.,0.,-1.));
#5262=DIRECTION('',(0.,1.,0.));
#5263=DIRECTION('center_axis',(-1.,0.,0.));
#5264=DIRECTION('ref_axis',(0.,0.,1.));
#5265=DIRECTION('',(0.,-1.,0.));
#5266=DIRECTION('center_axis',(1.,0.,0.));
#5267=DIRECTION('ref_axis',(0.,-1.,2.96059473233376E-15));
#5268=DIRECTION('',(0.,0.,-1.));
#5269=DIRECTION('',(0.,1.,0.));
#5270=DIRECTION('',(0.,0.,1.));
#5271=DIRECTION('center_axis',(1.,0.,0.));
#5272=DIRECTION('ref_axis',(0.,5.92118946466745E-15,-1.));
#5273=DIRECTION('',(0.,-1.,0.));
#5274=DIRECTION('center_axis',(1.,0.,0.));
#5275=DIRECTION('ref_axis',(0.,-1.,2.96059473233376E-15));
#5276=DIRECTION('',(0.,0.,-1.));
#5277=DIRECTION('',(0.,1.,0.));
#5278=DIRECTION('',(0.,0.,1.));
#5279=DIRECTION('center_axis',(1.,0.,0.));
#5280=DIRECTION('ref_axis',(0.,2.96059473233374E-15,-1.));
#5281=DIRECTION('',(0.,-1.,0.));
#5282=DIRECTION('center_axis',(1.,0.,0.));
#5283=DIRECTION('ref_axis',(0.,-1.,-2.96059473233374E-15));
#5284=DIRECTION('',(0.,0.,-1.));
#5285=DIRECTION('',(0.,1.,0.));
#5286=DIRECTION('',(0.,0.,1.));
#5287=DIRECTION('center_axis',(1.,0.,0.));
#5288=DIRECTION('ref_axis',(0.,2.96059473233374E-15,-1.));
#5289=DIRECTION('',(0.,-1.,0.));
#5290=DIRECTION('center_axis',(1.,0.,0.));
#5291=DIRECTION('ref_axis',(0.,-1.,-2.96059473233374E-15));
#5292=DIRECTION('',(0.,0.,-1.));
#5293=DIRECTION('',(0.,-1.,0.));
#5294=DIRECTION('',(0.,0.,1.));
#5295=DIRECTION('center_axis',(1.,0.,0.));
#5296=DIRECTION('ref_axis',(0.,2.96059473233374E-15,-1.));
#5297=DIRECTION('',(0.,-1.,0.));
#5298=DIRECTION('center_axis',(0.,0.,1.));
#5299=DIRECTION('ref_axis',(1.,0.,0.));
#5300=DIRECTION('',(0.,1.,0.));
#5301=DIRECTION('',(1.,0.,0.));
#5302=DIRECTION('',(0.,-1.,0.));
#5303=DIRECTION('',(-1.,0.,0.));
#5304=DIRECTION('',(0.,1.,0.));
#5305=DIRECTION('',(1.,0.,0.));
#5306=DIRECTION('',(0.,-1.,0.));
#5307=DIRECTION('',(-1.,0.,0.));
#5308=DIRECTION('',(0.,1.,0.));
#5309=DIRECTION('',(1.,0.,0.));
#5310=DIRECTION('',(0.,-1.,0.));
#5311=DIRECTION('',(-1.,0.,0.));
#5312=DIRECTION('',(0.,1.,0.));
#5313=DIRECTION('',(1.,0.,0.));
#5314=DIRECTION('',(0.,-1.,0.));
#5315=DIRECTION('',(-1.,0.,0.));
#5316=DIRECTION('center_axis',(0.,1.,0.));
#5317=DIRECTION('ref_axis',(0.,0.,1.));
#5318=DIRECTION('',(1.,0.,0.));
#5319=DIRECTION('',(0.,0.,-1.));
#5320=DIRECTION('',(0.,0.,-1.));
#5321=DIRECTION('center_axis',(-1.,0.,0.));
#5322=DIRECTION('ref_axis',(0.,0.,1.));
#5323=DIRECTION('',(0.,0.,-1.));
#5324=DIRECTION('',(0.,1.,0.));
#5325=DIRECTION('center_axis',(0.,-1.,0.));
#5326=DIRECTION('ref_axis',(0.,0.,-1.));
#5327=DIRECTION('',(-1.,0.,0.));
#5328=DIRECTION('',(0.,0.,-1.));
#5329=DIRECTION('center_axis',(1.,0.,0.));
#5330=DIRECTION('ref_axis',(0.,0.,-1.));
#5331=DIRECTION('',(0.,-1.,0.));
#5332=DIRECTION('center_axis',(0.,1.,0.));
#5333=DIRECTION('ref_axis',(0.,0.,1.));
#5334=DIRECTION('',(1.,0.,0.));
#5335=DIRECTION('',(0.,0.,-1.));
#5336=DIRECTION('',(0.,0.,-1.));
#5337=DIRECTION('center_axis',(-1.,0.,0.));
#5338=DIRECTION('ref_axis',(0.,0.,1.));
#5339=DIRECTION('',(0.,0.,-1.));
#5340=DIRECTION('',(0.,1.,0.));
#5341=DIRECTION('center_axis',(0.,-1.,0.));
#5342=DIRECTION('ref_axis',(0.,0.,-1.));
#5343=DIRECTION('',(-1.,0.,0.));
#5344=DIRECTION('',(0.,0.,-1.));
#5345=DIRECTION('center_axis',(1.,0.,0.));
#5346=DIRECTION('ref_axis',(0.,0.,-1.));
#5347=DIRECTION('',(0.,-1.,0.));
#5348=DIRECTION('center_axis',(0.,1.,0.));
#5349=DIRECTION('ref_axis',(0.,0.,1.));
#5350=DIRECTION('',(1.,0.,0.));
#5351=DIRECTION('',(0.,0.,-1.));
#5352=DIRECTION('',(0.,0.,-1.));
#5353=DIRECTION('center_axis',(-1.,0.,0.));
#5354=DIRECTION('ref_axis',(0.,0.,1.));
#5355=DIRECTION('',(0.,0.,-1.));
#5356=DIRECTION('',(0.,1.,0.));
#5357=DIRECTION('center_axis',(0.,-1.,0.));
#5358=DIRECTION('ref_axis',(0.,0.,-1.));
#5359=DIRECTION('',(-1.,0.,0.));
#5360=DIRECTION('',(0.,0.,-1.));
#5361=DIRECTION('center_axis',(1.,0.,0.));
#5362=DIRECTION('ref_axis',(0.,0.,-1.));
#5363=DIRECTION('',(0.,-1.,0.));
#5364=DIRECTION('center_axis',(-1.,0.,0.));
#5365=DIRECTION('ref_axis',(0.,0.,1.));
#5366=DIRECTION('',(0.,0.,-1.));
#5367=DIRECTION('',(0.,0.,-1.));
#5368=DIRECTION('',(0.,1.,0.));
#5369=DIRECTION('center_axis',(0.,-1.,0.));
#5370=DIRECTION('ref_axis',(0.,0.,-1.));
#5371=DIRECTION('',(0.,0.,-1.));
#5372=DIRECTION('',(1.,0.,0.));
#5373=DIRECTION('',(0.,0.,-1.));
#5374=DIRECTION('',(1.,0.,0.));
#5375=DIRECTION('',(1.,0.,0.));
#5376=DIRECTION('center_axis',(0.,0.,1.));
#5377=DIRECTION('ref_axis',(1.,0.,0.));
#5378=DIRECTION('',(0.,1.,0.));
#5379=DIRECTION('',(1.,0.,0.));
#5380=DIRECTION('center_axis',(0.,1.,0.));
#5381=DIRECTION('ref_axis',(0.,0.,1.));
#5382=DIRECTION('',(0.,0.,1.));
#5383=DIRECTION('',(1.,0.,0.));
#5384=DIRECTION('',(0.,0.,1.));
#5385=DIRECTION('',(1.,0.,0.));
#5386=DIRECTION('center_axis',(0.,-1.,0.));
#5387=DIRECTION('ref_axis',(0.,0.,-1.));
#5388=DIRECTION('',(0.,0.,-1.));
#5389=DIRECTION('',(1.,0.,0.));
#5390=DIRECTION('',(1.,0.,0.));
#5391=DIRECTION('center_axis',(0.,0.,1.));
#5392=DIRECTION('ref_axis',(1.,0.,0.));
#5393=DIRECTION('',(0.,1.,0.));
#5394=DIRECTION('',(1.,0.,0.));
#5395=DIRECTION('center_axis',(0.,1.,0.));
#5396=DIRECTION('ref_axis',(0.,0.,1.));
#5397=DIRECTION('',(0.,0.,1.));
#5398=DIRECTION('',(1.,0.,0.));
#5399=DIRECTION('center_axis',(0.,-1.,0.));
#5400=DIRECTION('ref_axis',(0.,0.,-1.));
#5401=DIRECTION('',(0.,0.,-1.));
#5402=DIRECTION('',(1.,0.,0.));
#5403=DIRECTION('',(1.,0.,0.));
#5404=DIRECTION('center_axis',(0.,0.,1.));
#5405=DIRECTION('ref_axis',(1.,0.,0.));
#5406=DIRECTION('',(1.,0.,0.));
#5407=DIRECTION('',(0.,1.,0.));
#5408=DIRECTION('center_axis',(0.,1.,0.));
#5409=DIRECTION('ref_axis',(0.,0.,1.));
#5410=DIRECTION('',(0.,0.,1.));
#5411=DIRECTION('',(1.,0.,0.));
#5412=DIRECTION('center_axis',(0.,-1.,0.));
#5413=DIRECTION('ref_axis',(0.,0.,-1.));
#5414=DIRECTION('',(0.,0.,-1.));
#5415=DIRECTION('',(1.,0.,0.));
#5416=DIRECTION('',(0.,0.,1.));
#5417=DIRECTION('',(1.,0.,0.));
#5418=DIRECTION('',(1.,0.,0.));
#5419=DIRECTION('center_axis',(0.,1.,0.));
#5420=DIRECTION('ref_axis',(0.,0.,1.));
#5421=DIRECTION('',(1.,0.,0.));
#5422=DIRECTION('',(0.,0.,-1.));
#5423=DIRECTION('',(1.,0.,0.));
#5424=DIRECTION('',(0.,0.,1.));
#5425=DIRECTION('',(1.,0.,0.));
#5426=DIRECTION('center_axis',(0.,0.,1.));
#5427=DIRECTION('ref_axis',(1.,0.,0.));
#5428=DIRECTION('',(0.,1.,0.));
#5429=DIRECTION('',(1.,0.,0.));
#5430=DIRECTION('',(-1.,0.,0.));
#5431=DIRECTION('center_axis',(1.,0.,0.));
#5432=DIRECTION('ref_axis',(0.,1.,0.));
#5433=DIRECTION('center_axis',(-1.,0.,0.));
#5434=DIRECTION('ref_axis',(0.,1.,0.));
#5435=DIRECTION('',(1.,0.,0.));
#5436=DIRECTION('center_axis',(0.,1.,0.));
#5437=DIRECTION('ref_axis',(0.,0.,1.));
#5438=DIRECTION('',(0.,0.,-1.));
#5439=DIRECTION('',(-1.,0.,0.));
#5440=DIRECTION('center_axis',(0.,0.,1.));
#5441=DIRECTION('ref_axis',(1.,0.,0.));
#5442=DIRECTION('',(-1.,0.,0.));
#5443=DIRECTION('',(0.,1.,0.));
#5444=DIRECTION('',(1.,0.,0.));
#5445=DIRECTION('center_axis',(1.,0.,0.));
#5446=DIRECTION('ref_axis',(0.,1.,0.));
#5447=DIRECTION('center_axis',(-1.,0.,0.));
#5448=DIRECTION('ref_axis',(0.,1.,0.));
#5449=DIRECTION('',(1.,0.,0.));
#5450=DIRECTION('center_axis',(0.,1.,0.));
#5451=DIRECTION('ref_axis',(0.,0.,1.));
#5452=DIRECTION('',(0.,0.,-1.));
#5453=DIRECTION('',(-1.,0.,0.));
#5454=DIRECTION('center_axis',(0.,0.,1.));
#5455=DIRECTION('ref_axis',(1.,0.,0.));
#5456=DIRECTION('',(-1.,0.,0.));
#5457=DIRECTION('',(0.,1.,0.));
#5458=DIRECTION('',(1.,0.,0.));
#5459=DIRECTION('center_axis',(1.,0.,0.));
#5460=DIRECTION('ref_axis',(0.,1.,0.));
#5461=DIRECTION('center_axis',(-1.,0.,0.));
#5462=DIRECTION('ref_axis',(0.,1.,-5.92118946466747E-15));
#5463=DIRECTION('',(1.,0.,0.));
#5464=DIRECTION('center_axis',(0.,1.,0.));
#5465=DIRECTION('ref_axis',(0.,0.,1.));
#5466=DIRECTION('',(0.,0.,-1.));
#5467=DIRECTION('',(-1.,0.,0.));
#5468=DIRECTION('center_axis',(0.,0.,1.));
#5469=DIRECTION('ref_axis',(1.,0.,0.));
#5470=DIRECTION('',(-1.,0.,0.));
#5471=DIRECTION('',(0.,1.,0.));
#5472=DIRECTION('',(1.,0.,0.));
#5473=DIRECTION('center_axis',(1.,0.,0.));
#5474=DIRECTION('ref_axis',(0.,1.,0.));
#5475=DIRECTION('center_axis',(-1.,0.,0.));
#5476=DIRECTION('ref_axis',(0.,1.,-5.92118946466747E-15));
#5477=DIRECTION('',(1.,0.,0.));
#5478=DIRECTION('center_axis',(0.,1.,0.));
#5479=DIRECTION('ref_axis',(0.,0.,1.));
#5480=DIRECTION('',(0.,0.,-1.));
#5481=DIRECTION('',(-1.,0.,0.));
#5482=DIRECTION('center_axis',(-1.,0.,0.));
#5483=DIRECTION('ref_axis',(0.,0.,1.));
#5484=DIRECTION('center_axis',(-1.,0.,0.));
#5485=DIRECTION('ref_axis',(0.,0.,-1.));
#5486=DIRECTION('',(0.,1.,0.));
#5487=DIRECTION('',(0.,0.,1.));
#5488=DIRECTION('',(0.,1.,0.));
#5489=DIRECTION('',(0.,0.,-1.));
#5490=DIRECTION('',(0.,-1.,0.));
#5491=DIRECTION('',(0.,0.,-1.));
#5492=DIRECTION('',(0.,-1.,0.));
#5493=DIRECTION('',(0.,0.,1.));
#5494=DIRECTION('',(0.,-1.,0.));
#5495=DIRECTION('',(0.,0.,-1.));
#5496=DIRECTION('',(0.,-1.,0.));
#5497=DIRECTION('',(0.,0.,1.));
#5498=DIRECTION('',(0.,-1.,0.));
#5499=DIRECTION('',(0.,0.,-1.));
#5500=DIRECTION('',(0.,-1.,0.));
#5501=DIRECTION('',(0.,0.,1.));
#5502=DIRECTION('',(0.,-1.,0.));
#5503=DIRECTION('',(0.,0.,-1.));
#5504=DIRECTION('',(0.,-1.,0.));
#5505=DIRECTION('',(0.,0.,1.));
#5506=DIRECTION('',(0.,1.,0.));
#5507=DIRECTION('center_axis',(-1.,0.,0.));
#5508=DIRECTION('ref_axis',(0.,1.,2.96059473233375E-15));
#5509=DIRECTION('',(0.,1.,0.));
#5510=DIRECTION('center_axis',(-1.,0.,0.));
#5511=DIRECTION('ref_axis',(0.,0.,-1.));
#5512=DIRECTION('',(0.,1.,0.));
#5513=DIRECTION('center_axis',(-1.,0.,0.));
#5514=DIRECTION('ref_axis',(0.,1.,0.));
#5515=DIRECTION('center_axis',(-1.,0.,0.));
#5516=DIRECTION('ref_axis',(0.,-2.03540887847945E-15,-1.));
#5517=DIRECTION('',(0.,1.,0.));
#5518=DIRECTION('center_axis',(-1.,0.,0.));
#5519=DIRECTION('ref_axis',(0.,1.,0.));
#5520=DIRECTION('center_axis',(-1.,0.,0.));
#5521=DIRECTION('ref_axis',(0.,-2.22044604925031E-15,-1.));
#5522=DIRECTION('',(0.,1.,0.));
#5523=DIRECTION('center_axis',(-1.,0.,0.));
#5524=DIRECTION('ref_axis',(0.,1.,0.));
#5525=DIRECTION('',(0.,1.,0.));
#5526=DIRECTION('center_axis',(1.,0.,0.));
#5527=DIRECTION('ref_axis',(0.,0.,-1.));
#5528=DIRECTION('',(0.,0.,-1.));
#5529=DIRECTION('',(0.,1.,0.));
#5530=DIRECTION('',(0.,1.,0.));
#5531=DIRECTION('center_axis',(0.,1.,0.));
#5532=DIRECTION('ref_axis',(0.,0.,1.));
#5533=DIRECTION('',(0.,0.,-1.));
#5534=DIRECTION('',(1.,0.,0.));
#5535=DIRECTION('',(0.,0.,-1.));
#5536=DIRECTION('',(1.,0.,0.));
#5537=DIRECTION('',(0.,0.,-1.));
#5538=DIRECTION('',(1.,0.,0.));
#5539=DIRECTION('',(1.,0.,0.));
#5540=DIRECTION('',(0.,0.,-1.));
#5541=DIRECTION('center_axis',(0.,-1.,0.));
#5542=DIRECTION('ref_axis',(1.48029736616688E-15,0.,1.));
#5543=DIRECTION('',(-1.,0.,0.));
#5544=DIRECTION('center_axis',(0.,-1.,0.));
#5545=DIRECTION('ref_axis',(1.,0.,-1.48029736616688E-15));
#5546=DIRECTION('center_axis',(1.,0.,0.));
#5547=DIRECTION('ref_axis',(0.,0.,-1.));
#5548=DIRECTION('',(0.,1.,0.));
#5549=DIRECTION('',(0.,1.,0.));
#5550=DIRECTION('center_axis',(0.,1.,0.));
#5551=DIRECTION('ref_axis',(0.,0.,1.));
#5552=DIRECTION('',(1.,0.,0.));
#5553=DIRECTION('',(0.,0.,-1.));
#5554=DIRECTION('',(1.,0.,0.));
#5555=DIRECTION('',(0.,0.,1.));
#5556=DIRECTION('center_axis',(0.,-1.,0.));
#5557=DIRECTION('ref_axis',(0.,0.,-1.));
#5558=DIRECTION('',(-1.,0.,0.));
#5559=DIRECTION('',(0.,0.,-1.));
#5560=DIRECTION('',(1.,0.,0.));
#5561=DIRECTION('',(0.,0.,1.));
#5562=DIRECTION('center_axis',(0.,0.,-1.));
#5563=DIRECTION('ref_axis',(0.,1.,0.));
#5564=DIRECTION('center_axis',(1.78687698887262E-15,-1.78687698887262E-15,
1.));
#5565=DIRECTION('ref_axis',(-7.40148683083438E-16,1.,1.78687698887263E-15));
#5566=DIRECTION('',(0.,0.,-1.));
#5567=DIRECTION('center_axis',(0.,0.,-1.));
#5568=DIRECTION('ref_axis',(-1.,0.,0.));
#5569=DIRECTION('center_axis',(-1.,0.,0.));
#5570=DIRECTION('ref_axis',(0.,0.,1.));
#5571=DIRECTION('',(0.,-1.,0.));
#5572=DIRECTION('center_axis',(1.,0.,0.));
#5573=DIRECTION('ref_axis',(0.,-1.,-6.84637531852174E-15));
#5574=DIRECTION('',(0.,-1.,0.));
#5575=DIRECTION('center_axis',(0.,-1.,0.));
#5576=DIRECTION('ref_axis',(0.,0.,-1.));
#5577=DIRECTION('',(-1.,0.,0.));
#5578=DIRECTION('',(0.,0.,1.));
#5579=DIRECTION('',(-1.,0.,0.));
#5580=DIRECTION('',(0.,0.,1.));
#5581=DIRECTION('center_axis',(1.,0.,0.));
#5582=DIRECTION('ref_axis',(0.,0.,-1.));
#5583=DIRECTION('',(0.,1.,0.));
#5584=DIRECTION('',(0.,0.,1.));
#5585=DIRECTION('',(0.,1.,0.));
#5586=DIRECTION('center_axis',(0.,1.,0.));
#5587=DIRECTION('ref_axis',(0.,0.,1.));
#5588=DIRECTION('',(1.,0.,0.));
#5589=DIRECTION('',(1.,0.,0.));
#5590=DIRECTION('',(0.,0.,1.));
#5591=DIRECTION('center_axis',(-1.,0.,0.));
#5592=DIRECTION('ref_axis',(0.,0.,1.));
#5593=DIRECTION('',(0.,-1.,0.));
#5594=DIRECTION('',(0.,-1.,0.));
#5595=DIRECTION('center_axis',(0.,-1.,0.));
#5596=DIRECTION('ref_axis',(0.,0.,-1.));
#5597=DIRECTION('',(0.,0.,1.));
#5598=DIRECTION('',(-1.,0.,0.));
#5599=DIRECTION('',(0.,0.,1.));
#5600=DIRECTION('',(-1.,0.,0.));
#5601=DIRECTION('center_axis',(1.,0.,0.));
#5602=DIRECTION('ref_axis',(0.,0.,-1.));
#5603=DIRECTION('',(0.,1.,0.));
#5604=DIRECTION('',(0.,0.,1.));
#5605=DIRECTION('',(0.,1.,0.));
#5606=DIRECTION('center_axis',(0.,1.,0.));
#5607=DIRECTION('ref_axis',(0.,0.,1.));
#5608=DIRECTION('',(1.,0.,0.));
#5609=DIRECTION('',(0.,0.,1.));
#5610=DIRECTION('',(1.,0.,0.));
#5611=DIRECTION('center_axis',(-1.,0.,0.));
#5612=DIRECTION('ref_axis',(0.,0.,1.));
#5613=DIRECTION('',(0.,-1.,0.));
#5614=DIRECTION('',(0.,-1.,0.));
#5615=DIRECTION('center_axis',(0.,-1.,0.));
#5616=DIRECTION('ref_axis',(0.,0.,-1.));
#5617=DIRECTION('',(0.,0.,1.));
#5618=DIRECTION('',(-1.,0.,0.));
#5619=DIRECTION('',(0.,0.,1.));
#5620=DIRECTION('',(-1.,0.,0.));
#5621=DIRECTION('center_axis',(1.,0.,0.));
#5622=DIRECTION('ref_axis',(0.,0.,-1.));
#5623=DIRECTION('',(0.,1.,0.));
#5624=DIRECTION('',(0.,0.,1.));
#5625=DIRECTION('',(0.,1.,0.));
#5626=DIRECTION('center_axis',(0.,1.,0.));
#5627=DIRECTION('ref_axis',(0.,0.,1.));
#5628=DIRECTION('',(1.,0.,0.));
#5629=DIRECTION('',(0.,0.,1.));
#5630=DIRECTION('',(1.,0.,0.));
#5631=DIRECTION('center_axis',(-1.,0.,0.));
#5632=DIRECTION('ref_axis',(0.,0.,1.));
#5633=DIRECTION('',(0.,-1.,0.));
#5634=DIRECTION('',(0.,-1.,0.));
#5635=DIRECTION('center_axis',(0.,0.,1.));
#5636=DIRECTION('ref_axis',(1.,0.,0.));
#5637=DIRECTION('',(0.,1.,0.));
#5638=DIRECTION('center_axis',(0.,0.,1.));
#5639=DIRECTION('ref_axis',(1.,0.,0.));
#5640=DIRECTION('center_axis',(0.,0.,-1.));
#5641=DIRECTION('ref_axis',(1.,0.,0.));
#5642=DIRECTION('',(0.,1.,0.));
#5643=DIRECTION('',(1.,0.,0.));
#5644=DIRECTION('',(0.,1.,0.));
#5645=DIRECTION('center_axis',(0.,0.,-1.));
#5646=DIRECTION('ref_axis',(-7.40148683083438E-16,-1.,0.));
#5647=DIRECTION('center_axis',(0.,0.,1.));
#5648=DIRECTION('ref_axis',(1.,0.,0.));
#5649=DIRECTION('',(1.,0.,0.));
#5650=DIRECTION('',(1.,0.,0.));
#5651=DIRECTION('',(0.,-1.,0.));
#5652=DIRECTION('center_axis',(0.,-1.,0.));
#5653=DIRECTION('ref_axis',(1.,0.,0.));
#5654=DIRECTION('',(0.,1.,0.));
#5655=DIRECTION('center_axis',(-7.14750795549054E-15,1.,-7.14750795549052E-15));
#5656=DIRECTION('ref_axis',(6.66133814775088E-15,5.92118946466745E-15,1.));
#5657=DIRECTION('center_axis',(0.,0.,1.));
#5658=DIRECTION('ref_axis',(1.,0.,0.));
#5659=DIRECTION('',(0.,-1.,0.));
#5660=DIRECTION('',(1.,0.,0.));
#5661=DIRECTION('center_axis',(0.,1.,0.));
#5662=DIRECTION('ref_axis',(1.,0.,0.));
#5663=DIRECTION('',(0.,1.,0.));
#5664=DIRECTION('center_axis',(0.,0.,1.));
#5665=DIRECTION('ref_axis',(1.,0.,0.));
#5666=DIRECTION('',(0.,-1.,0.));
#5667=DIRECTION('center_axis',(0.,-1.,0.));
#5668=DIRECTION('ref_axis',(-1.,0.,0.));
#5669=DIRECTION('center_axis',(0.,1.,0.));
#5670=DIRECTION('ref_axis',(-1.,0.,-7.40148683083461E-15));
#5671=DIRECTION('',(0.,-1.,0.));
#5672=DIRECTION('center_axis',(-8.24679881223109E-14,-1.,2.22951497777266E-14));
#5673=DIRECTION('ref_axis',(-0.863778900898428,8.28966525053477E-14,0.503871025524095));
#5674=DIRECTION('center_axis',(0.863778900898433,0.,-0.503871025524088));
#5675=DIRECTION('ref_axis',(-0.503871025524088,0.,-0.863778900898433));
#5676=DIRECTION('',(0.503871025524088,0.,0.863778900898432));
#5677=DIRECTION('',(0.,1.,0.));
#5678=DIRECTION('',(-0.503871025524088,0.,-0.863778900898432));
#5679=DIRECTION('center_axis',(0.,-1.,0.));
#5680=DIRECTION('ref_axis',(0.,0.,-1.));
#5681=DIRECTION('center_axis',(0.,1.,0.));
#5682=DIRECTION('ref_axis',(1.,0.,-2.96059473233372E-15));
#5683=DIRECTION('',(1.,0.,0.));
#5684=DIRECTION('',(-1.,0.,0.));
#5685=DIRECTION('',(0.,0.,-1.));
#5686=DIRECTION('center_axis',(0.,0.,1.));
#5687=DIRECTION('ref_axis',(1.,0.,0.));
#5688=DIRECTION('',(0.,-1.,0.));
#5689=DIRECTION('center_axis',(-1.,0.,0.));
#5690=DIRECTION('ref_axis',(0.,0.,1.));
#5691=DIRECTION('center_axis',(-1.,0.,0.));
#5692=DIRECTION('ref_axis',(0.,0.,1.));
#5693=DIRECTION('',(0.,0.,1.));
#5694=DIRECTION('',(0.,-1.,0.));
#5695=DIRECTION('',(0.,0.,-1.));
#5696=DIRECTION('',(0.,1.,0.));
#5697=DIRECTION('center_axis',(-1.,0.,0.));
#5698=DIRECTION('ref_axis',(0.,0.,1.));
#5699=DIRECTION('',(0.,0.,1.));
#5700=DIRECTION('',(0.,-1.,0.));
#5701=DIRECTION('',(0.,0.,-1.));
#5702=DIRECTION('',(0.,1.,0.));
#5703=DIRECTION('center_axis',(0.,0.,1.));
#5704=DIRECTION('ref_axis',(1.,0.,0.));
#5705=DIRECTION('center_axis',(0.,0.,1.));
#5706=DIRECTION('ref_axis',(1.,0.,0.));
#5707=DIRECTION('center_axis',(0.,0.,1.));
#5708=DIRECTION('ref_axis',(1.,0.,0.));
#5709=DIRECTION('center_axis',(0.,-1.,0.));
#5710=DIRECTION('ref_axis',(-1.,0.,0.));
#5711=DIRECTION('center_axis',(-8.24679881223109E-14,1.,2.22951497777266E-14));
#5712=DIRECTION('ref_axis',(-1.,-8.28966525053477E-14,-7.40148683083461E-15));
#5713=DIRECTION('',(0.,-1.,0.));
#5714=DIRECTION('center_axis',(0.,-1.,0.));
#5715=DIRECTION('ref_axis',(-0.863778900898428,0.,0.503871025524095));
#5716=DIRECTION('center_axis',(0.,-1.,0.));
#5717=DIRECTION('ref_axis',(0.863778900898433,0.,-0.503871025524088));
#5718=DIRECTION('center_axis',(0.,-1.,0.));
#5719=DIRECTION('ref_axis',(0.863778900898435,0.,-0.503871025524083));
#5720=DIRECTION('',(0.,1.,0.));
#5721=DIRECTION('center_axis',(0.,1.,0.));
#5722=DIRECTION('ref_axis',(1.,0.,-4.44089209850054E-15));
#5723=DIRECTION('center_axis',(0.863778900898433,0.,-0.503871025524088));
#5724=DIRECTION('ref_axis',(-0.503871025524088,0.,-0.863778900898433));
#5725=DIRECTION('',(0.503871025524088,0.,0.863778900898432));
#5726=DIRECTION('',(-0.503871025524088,0.,-0.863778900898432));
#5727=DIRECTION('center_axis',(0.,-1.,0.));
#5728=DIRECTION('ref_axis',(-1.,0.,0.));
#5729=DIRECTION('center_axis',(-2.06169970305777E-13,1.,5.57378744443166E-14));
#5730=DIRECTION('ref_axis',(-1.,-2.06501482580286E-13,-7.40148683083461E-15));
#5731=DIRECTION('',(0.,-1.,0.));
#5732=DIRECTION('center_axis',(-5.66967418340888E-14,-1.,1.53279154721871E-14));
#5733=DIRECTION('ref_axis',(-0.863778900898428,5.67138928412702E-14,0.503871025524095));
#5734=DIRECTION('center_axis',(0.863778900898433,0.,-0.503871025524088));
#5735=DIRECTION('ref_axis',(-0.503871025524088,0.,-0.863778900898433));
#5736=DIRECTION('',(0.503871025524088,0.,0.863778900898432));
#5737=DIRECTION('',(0.503871025524088,0.,0.863778900898432));
#5738=DIRECTION('',(0.,1.,0.));
#5739=DIRECTION('center_axis',(0.,-1.,0.));
#5740=DIRECTION('ref_axis',(0.863778900898433,0.,-0.503871025524088));
#5741=DIRECTION('center_axis',(1.5462747772934E-14,-1.,-4.18034058332393E-15));
#5742=DIRECTION('ref_axis',(0.863778900898435,1.54506037593665E-14,-0.503871025524083));
#5743=DIRECTION('center_axis',(4.12339940611574E-14,1.,-1.11475748888638E-14));
#5744=DIRECTION('ref_axis',(1.,-4.14483262526717E-14,-4.44089209850054E-15));
#5745=DIRECTION('',(0.,1.,0.));
#5746=DIRECTION('center_axis',(-1.,0.,0.));
#5747=DIRECTION('ref_axis',(0.,0.,1.));
#5748=DIRECTION('',(0.,0.,-1.));
#5749=DIRECTION('',(0.,-1.,0.));
#5750=DIRECTION('',(0.,0.,1.));
#5751=DIRECTION('center_axis',(0.,-1.,0.));
#5752=DIRECTION('ref_axis',(-1.,0.,0.));
#5753=DIRECTION('center_axis',(-1.391647299564E-13,1.,3.76230652499137E-14));
#5754=DIRECTION('ref_axis',(-1.,-1.39147952419691E-13,-7.40148683083461E-15));
#5755=DIRECTION('',(0.,-1.,0.));
#5756=DIRECTION('center_axis',(-4.12339940611555E-14,-1.,1.11475748888633E-14));
#5757=DIRECTION('ref_axis',(-0.863778900898428,4.14483262526738E-14,0.503871025524095));
#5758=DIRECTION('center_axis',(0.,-1.,0.));
#5759=DIRECTION('ref_axis',(0.863778900898433,0.,-0.503871025524088));
#5760=DIRECTION('center_axis',(-4.12339940611574E-14,-1.,1.11475748888638E-14));
#5761=DIRECTION('ref_axis',(0.863778900898435,-4.14483262526717E-14,-0.503871025524083));
#5762=DIRECTION('',(0.,1.,0.));
#5763=DIRECTION('center_axis',(5.15424925764468E-15,1.,-1.39344686110798E-15));
#5764=DIRECTION('ref_axis',(1.,-5.18104078158396E-15,-4.44089209850054E-15));
#5765=DIRECTION('center_axis',(0.863778900898433,0.,-0.503871025524088));
#5766=DIRECTION('ref_axis',(-0.503871025524088,0.,-0.863778900898433));
#5767=DIRECTION('',(0.503871025524088,0.,0.863778900898432));
#5768=DIRECTION('',(0.503871025524088,0.,0.863778900898432));
#5769=DIRECTION('center_axis',(0.,1.,0.));
#5770=DIRECTION('ref_axis',(0.,0.,1.));
#5771=DIRECTION('',(1.,0.,0.));
#5772=DIRECTION('center_axis',(0.,0.,-1.));
#5773=DIRECTION('ref_axis',(-1.,0.,0.));
#5774=DIRECTION('',(1.,0.,0.));
#5775=DIRECTION('center_axis',(0.,1.,0.));
#5776=DIRECTION('ref_axis',(0.,0.,1.));
#5777=DIRECTION('',(1.,0.,0.));
#5778=DIRECTION('center_axis',(0.,0.,-1.));
#5779=DIRECTION('ref_axis',(-1.,0.,0.));
#5780=DIRECTION('',(-1.,1.77635683940025E-15,0.));
#5781=DIRECTION('center_axis',(0.,1.,0.));
#5782=DIRECTION('ref_axis',(0.,0.,1.));
#5783=DIRECTION('',(1.,0.,0.));
#5784=DIRECTION('center_axis',(0.,0.,-1.));
#5785=DIRECTION('ref_axis',(-1.,0.,0.));
#5786=DIRECTION('',(1.,0.,0.));
#5787=DIRECTION('center_axis',(0.,-1.,0.));
#5788=DIRECTION('ref_axis',(0.,0.,-1.));
#5789=DIRECTION('',(-1.,0.,0.));
#5790=DIRECTION('center_axis',(0.,0.,-1.));
#5791=DIRECTION('ref_axis',(-1.,0.,0.));
#5792=DIRECTION('',(-1.,1.77635683940025E-15,0.));
#5793=DIRECTION('center_axis',(0.,1.,0.));
#5794=DIRECTION('ref_axis',(0.,0.,1.));
#5795=DIRECTION('',(1.,0.,0.));
#5796=DIRECTION('center_axis',(0.,0.,-1.));
#5797=DIRECTION('ref_axis',(-1.,0.,0.));
#5798=DIRECTION('',(1.,0.,0.));
#5799=DIRECTION('center_axis',(0.,-1.,0.));
#5800=DIRECTION('ref_axis',(0.,0.,-1.));
#5801=DIRECTION('',(-1.,0.,0.));
#5802=DIRECTION('center_axis',(0.,0.,-1.));
#5803=DIRECTION('ref_axis',(-1.,0.,0.));
#5804=DIRECTION('',(-1.,3.5527136788005E-15,0.));
#5805=DIRECTION('center_axis',(0.,1.,0.));
#5806=DIRECTION('ref_axis',(0.,0.,1.));
#5807=DIRECTION('',(1.,0.,0.));
#5808=DIRECTION('center_axis',(0.,0.,-1.));
#5809=DIRECTION('ref_axis',(-1.,0.,0.));
#5810=DIRECTION('center_axis',(0.,0.,-1.));
#5811=DIRECTION('ref_axis',(-1.,0.,0.));
#5812=DIRECTION('',(1.,0.,0.));
#5813=DIRECTION('',(0.,-1.,0.));
#5814=DIRECTION('center_axis',(0.,-1.,0.));
#5815=DIRECTION('ref_axis',(0.863778900898433,0.,-0.503871025524088));
#5816=DIRECTION('center_axis',(0.,-1.,0.));
#5817=DIRECTION('ref_axis',(0.863778900898435,0.,-0.503871025524083));
#5818=DIRECTION('',(0.,1.,0.));
#5819=DIRECTION('center_axis',(-1.,0.,0.));
#5820=DIRECTION('ref_axis',(0.,0.,1.));
#5821=DIRECTION('',(0.,0.,1.));
#5822=DIRECTION('center_axis',(0.,1.,0.));
#5823=DIRECTION('ref_axis',(0.,0.,1.));
#5824=DIRECTION('',(1.,0.,0.));
#5825=DIRECTION('center_axis',(0.,0.,-1.));
#5826=DIRECTION('ref_axis',(-1.,0.,0.));
#5827=DIRECTION('',(1.,0.,0.));
#5828=DIRECTION('center_axis',(0.,1.,0.));
#5829=DIRECTION('ref_axis',(0.,0.,1.));
#5830=DIRECTION('',(1.,0.,0.));
#5831=DIRECTION('center_axis',(0.,0.,1.));
#5832=DIRECTION('ref_axis',(1.,0.,0.));
#5833=DIRECTION('',(0.,-1.,0.));
#5834=DIRECTION('center_axis',(0.,-1.,0.));
#5835=DIRECTION('ref_axis',(-1.,0.,0.));
#5836=DIRECTION('',(0.,-1.,0.));
#5837=DIRECTION('center_axis',(-1.,0.,0.));
#5838=DIRECTION('ref_axis',(0.,0.,1.));
#5839=DIRECTION('center_axis',(1.,0.,0.));
#5840=DIRECTION('ref_axis',(0.,0.,-1.));
#5841=DIRECTION('center_axis',(-1.,0.,0.));
#5842=DIRECTION('ref_axis',(0.,-5.92118946466747E-15,-1.));
#5843=DIRECTION('',(1.,0.,0.));
#5844=DIRECTION('center_axis',(0.,0.,1.));
#5845=DIRECTION('ref_axis',(1.,0.,0.));
#5846=DIRECTION('',(0.,-1.,0.));
#5847=DIRECTION('center_axis',(0.,0.,-1.));
#5848=DIRECTION('ref_axis',(0.,1.,0.));
#5849=DIRECTION('center_axis',(0.,1.,0.));
#5850=DIRECTION('ref_axis',(-1.,0.,0.));
#5851=DIRECTION('center_axis',(7.14750795549053E-15,1.,-7.14750795549051E-15));
#5852=DIRECTION('ref_axis',(-1.,5.92118946466747E-15,0.));
#5853=DIRECTION('',(0.,-1.,0.));
#5854=DIRECTION('center_axis',(-1.,0.,0.));
#5855=DIRECTION('ref_axis',(0.,0.,1.));
#5856=DIRECTION('',(0.,0.,-1.));
#5857=DIRECTION('center_axis',(0.,0.,-1.));
#5858=DIRECTION('ref_axis',(-1.,0.,0.));
#5859=DIRECTION('center_axis',(-5.36063096661787E-15,-5.36063096661787E-15,
1.));
#5860=DIRECTION('ref_axis',(-1.,0.,-5.36063096661788E-15));
#5861=DIRECTION('',(0.,0.,-1.));
#5862=DIRECTION('center_axis',(-1.,0.,0.));
#5863=DIRECTION('ref_axis',(0.,0.,1.));
#5864=DIRECTION('center_axis',(1.,0.,0.));
#5865=DIRECTION('ref_axis',(0.,0.,-1.));
#5866=DIRECTION('',(0.,0.,1.));
#5867=DIRECTION('',(0.,1.,0.));
#5868=DIRECTION('center_axis',(0.,0.,1.));
#5869=DIRECTION('ref_axis',(1.,0.,0.));
#5870=DIRECTION('center_axis',(1.78687698887262E-15,-1.78687698887262E-15,
1.));
#5871=DIRECTION('ref_axis',(0.,-1.,-1.78687698887263E-15));
#5872=DIRECTION('',(0.,0.,1.));
#5873=DIRECTION('center_axis',(0.,0.,1.));
#5874=DIRECTION('ref_axis',(0.,1.,0.));
#5875=DIRECTION('',(0.,0.,1.));
#5876=DIRECTION('center_axis',(0.,0.,1.));
#5877=DIRECTION('ref_axis',(1.,0.,0.));
#5878=DIRECTION('center_axis',(1.,0.,0.));
#5879=DIRECTION('ref_axis',(0.,0.,-1.));
#5880=DIRECTION('',(0.,1.,0.));
#5881=DIRECTION('center_axis',(-1.,0.,0.));
#5882=DIRECTION('ref_axis',(0.,-5.92118946466747E-15,-1.));
#5883=DIRECTION('',(0.,0.,-1.));
#5884=DIRECTION('',(0.,1.,0.));
#5885=DIRECTION('center_axis',(-1.,0.,0.));
#5886=DIRECTION('ref_axis',(0.,0.,-1.));
#5887=DIRECTION('',(0.,0.,-1.));
#5888=DIRECTION('',(0.,1.,0.));
#5889=DIRECTION('center_axis',(-1.,0.,0.));
#5890=DIRECTION('ref_axis',(0.,0.,-1.));
#5891=DIRECTION('',(0.,0.,-1.));
#5892=DIRECTION('',(0.,1.,0.));
#5893=DIRECTION('center_axis',(-1.,0.,0.));
#5894=DIRECTION('ref_axis',(0.,1.48029736616688E-15,-1.));
#5895=DIRECTION('',(0.,0.,-1.));
#5896=DIRECTION('',(0.,1.,0.));
#5897=DIRECTION('',(0.,0.,-1.));
#5898=DIRECTION('center_axis',(-1.,0.,0.));
#5899=DIRECTION('ref_axis',(0.,1.,0.));
#5900=DIRECTION('',(0.,1.,0.));
#5901=DIRECTION('center_axis',(1.,0.,0.));
#5902=DIRECTION('ref_axis',(0.,1.,0.));
#5903=DIRECTION('',(1.,0.,0.));
#5904=DIRECTION('center_axis',(0.,1.,0.));
#5905=DIRECTION('ref_axis',(0.,0.,1.));
#5906=DIRECTION('',(1.,0.,0.));
#5907=DIRECTION('',(1.,0.,0.));
#5908=DIRECTION('center_axis',(-1.,0.,0.));
#5909=DIRECTION('ref_axis',(0.,0.,1.));
#5910=DIRECTION('',(0.,-1.,0.));
#5911=DIRECTION('center_axis',(0.,0.,1.));
#5912=DIRECTION('ref_axis',(1.,0.,0.));
#5913=DIRECTION('',(-1.,0.,0.));
#5914=DIRECTION('',(0.,-1.,0.));
#5915=DIRECTION('',(1.,0.,0.));
#5916=DIRECTION('',(0.,1.,0.));
#5917=DIRECTION('center_axis',(0.,0.,1.));
#5918=DIRECTION('ref_axis',(1.,0.,0.));
#5919=DIRECTION('center_axis',(-1.,0.,0.));
#5920=DIRECTION('ref_axis',(0.,-1.,0.));
#5921=DIRECTION('',(-1.,0.,0.));
#5922=DIRECTION('center_axis',(0.,-1.,0.));
#5923=DIRECTION('ref_axis',(0.,0.,-1.));
#5924=DIRECTION('',(1.,0.,0.));
#5925=DIRECTION('center_axis',(0.,0.,1.));
#5926=DIRECTION('ref_axis',(1.,0.,0.));
#5927=DIRECTION('center_axis',(-1.,0.,0.));
#5928=DIRECTION('ref_axis',(0.,-1.,0.));
#5929=DIRECTION('',(-1.,0.,0.));
#5930=DIRECTION('center_axis',(0.,-1.,0.));
#5931=DIRECTION('ref_axis',(0.,0.,-1.));
#5932=DIRECTION('',(1.,0.,0.));
#5933=DIRECTION('center_axis',(0.,0.,1.));
#5934=DIRECTION('ref_axis',(1.,0.,0.));
#5935=DIRECTION('center_axis',(-1.,0.,0.));
#5936=DIRECTION('ref_axis',(0.,-1.,0.));
#5937=DIRECTION('',(-1.,0.,0.));
#5938=DIRECTION('center_axis',(0.,-1.,0.));
#5939=DIRECTION('ref_axis',(0.,0.,-1.));
#5940=DIRECTION('',(1.,0.,0.));
#5941=DIRECTION('center_axis',(0.,0.,1.));
#5942=DIRECTION('ref_axis',(1.,0.,0.));
#5943=DIRECTION('center_axis',(-1.,0.,0.));
#5944=DIRECTION('ref_axis',(0.,-1.,0.));
#5945=DIRECTION('',(-1.,0.,0.));
#5946=DIRECTION('center_axis',(0.,-1.,0.));
#5947=DIRECTION('ref_axis',(0.,0.,-1.));
#5948=DIRECTION('',(1.,0.,0.));
#5949=DIRECTION('center_axis',(0.,0.,1.));
#5950=DIRECTION('ref_axis',(1.,0.,0.));
#5951=DIRECTION('center_axis',(0.,0.,1.));
#5952=DIRECTION('ref_axis',(1.,0.,0.));
#5953=DIRECTION('center_axis',(1.,0.,0.));
#5954=DIRECTION('ref_axis',(0.,1.,0.));
#5955=DIRECTION('',(1.,0.,0.));
#5956=DIRECTION('center_axis',(1.,0.,0.));
#5957=DIRECTION('ref_axis',(0.,0.,-1.));
#5958=DIRECTION('',(1.,0.,0.));
#5959=DIRECTION('center_axis',(0.,0.,1.));
#5960=DIRECTION('ref_axis',(1.,0.,0.));
#5961=DIRECTION('center_axis',(1.,0.,0.));
#5962=DIRECTION('ref_axis',(0.,1.,0.));
#5963=DIRECTION('',(1.,0.,0.));
#5964=DIRECTION('center_axis',(1.,0.,0.));
#5965=DIRECTION('ref_axis',(0.,0.,-1.));
#5966=DIRECTION('',(1.,0.,0.));
#5967=DIRECTION('center_axis',(0.,0.,1.));
#5968=DIRECTION('ref_axis',(1.,0.,0.));
#5969=DIRECTION('center_axis',(1.,0.,0.));
#5970=DIRECTION('ref_axis',(0.,1.,0.));
#5971=DIRECTION('',(1.,0.,0.));
#5972=DIRECTION('center_axis',(1.,0.,0.));
#5973=DIRECTION('ref_axis',(0.,0.,-1.));
#5974=DIRECTION('',(1.,0.,0.));
#5975=DIRECTION('center_axis',(0.,0.,1.));
#5976=DIRECTION('ref_axis',(1.,0.,0.));
#5977=DIRECTION('center_axis',(1.,0.,0.));
#5978=DIRECTION('ref_axis',(0.,0.,-1.));
#5979=DIRECTION('',(1.,0.,0.));
#5980=DIRECTION('center_axis',(0.,0.,1.));
#5981=DIRECTION('ref_axis',(1.,0.,0.));
#5982=DIRECTION('center_axis',(1.,0.,0.));
#5983=DIRECTION('ref_axis',(0.,1.,0.));
#5984=DIRECTION('',(1.,0.,0.));
#5985=DIRECTION('center_axis',(0.,0.,1.));
#5986=DIRECTION('ref_axis',(1.,0.,0.));
#5987=DIRECTION('center_axis',(0.,-1.,0.));
#5988=DIRECTION('ref_axis',(0.,0.,-1.));
#5989=DIRECTION('',(0.,0.,1.));
#5990=DIRECTION('',(0.,0.,1.));
#5991=DIRECTION('',(-1.,0.,0.));
#5992=DIRECTION('center_axis',(-1.,0.,0.));
#5993=DIRECTION('ref_axis',(0.,0.,1.));
#5994=DIRECTION('',(0.,0.,1.));
#5995=DIRECTION('',(0.,-1.,0.));
#5996=DIRECTION('center_axis',(0.,1.,0.));
#5997=DIRECTION('ref_axis',(0.,0.,1.));
#5998=DIRECTION('',(0.,0.,1.));
#5999=DIRECTION('',(1.,0.,0.));
#6000=DIRECTION('center_axis',(1.,0.,0.));
#6001=DIRECTION('ref_axis',(0.,0.,-1.));
#6002=DIRECTION('',(0.,1.,0.));
#6003=DIRECTION('center_axis',(0.,-1.,0.));
#6004=DIRECTION('ref_axis',(0.,0.,-1.));
#6005=DIRECTION('',(-1.,0.,0.));
#6006=DIRECTION('',(0.,0.,-1.));
#6007=DIRECTION('center_axis',(0.,0.,1.));
#6008=DIRECTION('ref_axis',(1.,0.,0.));
#6009=DIRECTION('',(1.,0.,0.));
#6010=DIRECTION('',(0.,-1.,0.));
#6011=DIRECTION('center_axis',(1.,0.,0.));
#6012=DIRECTION('ref_axis',(0.,0.,-1.));
#6013=DIRECTION('',(0.,0.,-1.));
#6014=DIRECTION('center_axis',(0.,1.,0.));
#6015=DIRECTION('ref_axis',(0.,0.,1.));
#6016=DIRECTION('axis',(0.,0.,1.));
#6017=DIRECTION('refdir',(1.,0.,0.));
#6018=DIRECTION('center_axis',(1.,0.,0.));
#6019=DIRECTION('ref_axis',(0.,1.,0.));
#6020=DIRECTION('center_axis',(-1.,0.,0.));
#6021=DIRECTION('ref_axis',(0.,0.75,-0.661437827766148));
#6022=DIRECTION('',(-1.,0.,0.));
#6023=DIRECTION('',(-1.,0.,0.));
#6024=DIRECTION('center_axis',(-1.,0.,0.));
#6025=DIRECTION('ref_axis',(0.,-1.,0.));
#6026=DIRECTION('center_axis',(0.999935165118496,-0.00402585141996747,0.0106516702817172));
#6027=DIRECTION('ref_axis',(0.00402047455370585,-0.750352879894953,-0.661025257775914));
#6028=DIRECTION('center_axis',(-1.,0.,0.));
#6029=DIRECTION('ref_axis',(0.,-0.749999999999999,-0.661437827766148));
#6030=DIRECTION('',(-1.,0.,0.));
#6031=DIRECTION('center_axis',(-1.,0.,0.));
#6032=DIRECTION('ref_axis',(0.,0.75,-0.661437827766148));
#6033=DIRECTION('center_axis',(0.999935165118496,0.00402585141998917,0.0106516702817132));
#6034=DIRECTION('ref_axis',(-0.00402620089739056,0.999991894755723,1.13662598423875E-5));
#6035=DIRECTION('',(-1.,0.,0.));
#6036=DIRECTION('center_axis',(-1.,6.4318838137946E-14,-2.43102357613745E-14));
#6037=DIRECTION('ref_axis',(6.4318838137946E-14,1.,2.22044604925032E-15));
#6038=DIRECTION('center_axis',(1.,0.,0.));
#6039=DIRECTION('ref_axis',(0.,1.,0.));
#6040=DIRECTION('',(-1.,0.,0.));
#6041=DIRECTION('center_axis',(-0.970142500145332,0.,0.242535625036334));
#6042=DIRECTION('ref_axis',(0.242535625036334,0.,0.970142500145331));
#6043=DIRECTION('',(-1.,0.,0.));
#6044=DIRECTION('center_axis',(-1.,0.,0.));
#6045=DIRECTION('ref_axis',(0.,-1.,0.));
#6046=DIRECTION('center_axis',(0.970135783575168,-7.56338391669874E-5,-0.242562477944377));
#6047=DIRECTION('ref_axis',(0.242522056541833,-0.0179555876833888,0.969979715747532));
#6048=DIRECTION('center_axis',(0.999516408462684,-0.0109490778841171,0.0291044138807903));
#6049=DIRECTION('ref_axis',(0.0110441811697652,-0.749941478613461,-0.661411978057054));
#6050=DIRECTION('',(-1.,0.,0.));
#6051=DIRECTION('center_axis',(-1.,0.,0.));
#6052=DIRECTION('ref_axis',(0.,0.75,-0.661437827766148));
#6053=DIRECTION('center_axis',(-0.970135724548635,-7.68099868765912E-5,
0.242562713653028));
#6054=DIRECTION('ref_axis',(0.242522220681849,0.0179671095765786,0.969979461354212));
#6055=DIRECTION('',(-1.,0.,0.));
#6056=DIRECTION('center_axis',(0.999516373557182,0.0109494729042411,0.0291054639924967));
#6057=DIRECTION('ref_axis',(-0.0109455390141092,0.999940052431037,-0.000294482436412562));
#6058=DIRECTION('center_axis',(0.9989685402103,0.,0.04540766091865));
#6059=DIRECTION('ref_axis',(0.,1.,0.));
#6060=DIRECTION('',(-0.998968540210299,0.,-0.04540766091865));
#6061=DIRECTION('',(-0.9989685402103,0.,-0.04540766091865));
#6062=DIRECTION('center_axis',(-0.9989685402103,0.,-0.0454076609186499));
#6063=DIRECTION('ref_axis',(0.,-1.,0.));
#6064=DIRECTION('',(-0.9989685402103,0.,-0.0454076609186499));
#6065=DIRECTION('center_axis',(-0.9989685402103,-1.21430643318376E-16,-0.0454076609186499));
#6066=DIRECTION('ref_axis',(0.0300343446019735,0.75,-0.660755581243421));
#6067=DIRECTION('',(-0.9989685402103,-1.26031576615643E-16,-0.0454076609186499));
#6068=DIRECTION('center_axis',(1.,0.,0.));
#6069=DIRECTION('ref_axis',(0.,0.,-1.));
#6070=DIRECTION('',(0.,0.,1.));
#6071=DIRECTION('center_axis',(-1.,0.,0.));
#6072=DIRECTION('ref_axis',(0.,0.388888888888817,0.921284663987642));
#6073=DIRECTION('center_axis',(-1.,0.,0.));
#6074=DIRECTION('ref_axis',(0.,-1.,4.44089209850062E-15));
#6075=DIRECTION('',(0.,0.,1.));
#6076=DIRECTION('center_axis',(-1.,0.,0.));
#6077=DIRECTION('ref_axis',(0.,-0.214285714285713,-0.976771023655525));
#6078=DIRECTION('center_axis',(1.,0.,0.));
#6079=DIRECTION('ref_axis',(0.,1.,-3.70074341541719E-16));
#6080=DIRECTION('center_axis',(-1.,0.,0.));
#6081=DIRECTION('ref_axis',(0.,1.,0.));
#6082=DIRECTION('',(0.,0.,-1.));
#6083=DIRECTION('center_axis',(-1.,0.,0.));
#6084=DIRECTION('ref_axis',(0.,-0.388888888888816,0.921284663987642));
#6085=DIRECTION('center_axis',(-1.,0.,0.));
#6086=DIRECTION('ref_axis',(0.,-1.,-2.22044604924994E-16));
#6087=DIRECTION('',(0.,0.,-1.));
#6088=DIRECTION('center_axis',(0.,1.,0.));
#6089=DIRECTION('ref_axis',(0.,0.,1.));
#6090=DIRECTION('',(0.242535625036331,0.,0.970142500145332));
#6091=DIRECTION('',(-1.,0.,0.));
#6092=DIRECTION('',(0.984807753012208,0.,0.17364817766693));
#6093=DIRECTION('',(0.,0.,-1.));
#6094=DIRECTION('center_axis',(0.,1.,0.));
#6095=DIRECTION('ref_axis',(-1.,0.,-1.44328993201275E-14));
#6096=DIRECTION('',(-0.64278760968654,0.,-0.766044443118978));
#6097=DIRECTION('center_axis',(0.,1.,0.));
#6098=DIRECTION('ref_axis',(1.,0.,-3.88578058618803E-15));
#6099=DIRECTION('',(0.,0.,-1.));
#6100=DIRECTION('',(-1.,0.,0.));
#6101=DIRECTION('',(0.110431526074846,0.,-0.993883734673619));
#6102=DIRECTION('center_axis',(0.,1.,0.));
#6103=DIRECTION('ref_axis',(0.993883734673621,0.,0.110431526074826));
#6104=DIRECTION('center_axis',(0.,-1.,0.));
#6105=DIRECTION('ref_axis',(0.,0.,-1.));
#6106=DIRECTION('',(-0.242535625036334,0.,-0.970142500145332));
#6107=DIRECTION('center_axis',(0.,-1.,0.));
#6108=DIRECTION('ref_axis',(0.970142500145334,0.,-0.242535625036325));
#6109=DIRECTION('',(0.110431526074846,0.,-0.993883734673619));
#6110=DIRECTION('',(-1.,0.,0.));
#6111=DIRECTION('',(0.,0.,1.));
#6112=DIRECTION('center_axis',(0.,-1.,0.));
#6113=DIRECTION('ref_axis',(0.766044443118976,0.,-0.642787609686541));
#6114=DIRECTION('',(0.64278760968654,0.,0.766044443118978));
#6115=DIRECTION('center_axis',(0.,-1.,0.));
#6116=DIRECTION('ref_axis',(-0.766044443118972,0.,0.642787609686547));
#6117=DIRECTION('',(0.,0.,1.));
#6118=DIRECTION('',(-0.984807753012208,0.,-0.17364817766693));
#6119=DIRECTION('',(-1.,0.,0.));
#6120=DIRECTION('center_axis',(1.,0.,0.));
#6121=DIRECTION('ref_axis',(0.,-1.83697019872103E-16,-1.));
#6122=DIRECTION('',(-1.,0.,0.));
#6123=DIRECTION('center_axis',(1.,0.,0.));
#6124=DIRECTION('ref_axis',(0.,0.892992835882844,0.450070877820279));
#6125=DIRECTION('',(1.,0.,0.));
#6126=DIRECTION('center_axis',(1.,0.,0.));
#6127=DIRECTION('ref_axis',(0.,-0.892992835882844,0.450070877820279));
#6128=DIRECTION('',(1.,0.,0.));
#6129=DIRECTION('center_axis',(1.,0.,0.));
#6130=DIRECTION('ref_axis',(0.,-0.214285714285714,0.976771023655525));
#6131=DIRECTION('',(-1.,0.,0.));
#6132=DIRECTION('center_axis',(-1.,0.,0.));
#6133=DIRECTION('ref_axis',(0.,0.214285714285714,-0.976771023655524));
#6134=DIRECTION('center_axis',(1.,1.56712720494471E-14,-1.26059660108304E-14));
#6135=DIRECTION('ref_axis',(-1.55431223447522E-14,0.214285714285715,-0.976771023655524));
#6136=DIRECTION('',(-1.,0.,0.));
#6137=DIRECTION('center_axis',(0.,1.,0.));
#6138=DIRECTION('ref_axis',(0.,0.,1.));
#6139=DIRECTION('',(0.,0.,-1.));
#6140=DIRECTION('',(-1.,0.,0.));
#6141=DIRECTION('center_axis',(0.,0.,-1.));
#6142=DIRECTION('ref_axis',(-1.,0.,0.));
#6143=DIRECTION('',(0.,-1.,0.));
#6144=DIRECTION('',(-0.999999999999982,1.87831368977002E-7,0.));
#6145=DIRECTION('',(0.,-1.,0.));
#6146=DIRECTION('center_axis',(1.,0.,0.));
#6147=DIRECTION('ref_axis',(0.,0.,-1.));
#6148=DIRECTION('center_axis',(1.,0.,0.));
#6149=DIRECTION('ref_axis',(0.,-0.388888888888818,0.921284663987641));
#6150=DIRECTION('center_axis',(1.,0.,0.));
#6151=DIRECTION('ref_axis',(0.,1.,-1.11022302462516E-15));
#6152=DIRECTION('center_axis',(0.,0.,-1.));
#6153=DIRECTION('ref_axis',(-1.,0.,0.));
#6154=DIRECTION('',(0.,-1.,0.));
#6155=DIRECTION('',(0.999999999999982,1.87831368884484E-7,0.));
#6156=DIRECTION('',(0.,-1.,0.));
#6157=DIRECTION('center_axis',(1.,0.,0.));
#6158=DIRECTION('ref_axis',(0.,1.,0.));
#6159=DIRECTION('',(-1.,0.,0.));
#6160=DIRECTION('center_axis',(-1.,5.55111512312394E-17,-2.1499376424743E-16));
#6161=DIRECTION('ref_axis',(-2.22044604924995E-16,-0.249999999999959,0.968245836551865));
#6162=DIRECTION('center_axis',(1.,0.,0.));
#6163=DIRECTION('ref_axis',(0.,0.,-1.));
#6164=DIRECTION('center_axis',(1.,0.,0.));
#6165=DIRECTION('ref_axis',(0.,-1.,1.11022302462516E-15));
#6166=DIRECTION('',(0.,0.,-1.));
#6167=DIRECTION('center_axis',(1.,0.,0.));
#6168=DIRECTION('ref_axis',(0.,0.388888888888816,0.921284663987642));
#6169=DIRECTION('center_axis',(1.,0.,0.));
#6170=DIRECTION('ref_axis',(0.,0.971194560758862,0.238287903915414));
#6171=DIRECTION('center_axis',(1.,0.,0.));
#6172=DIRECTION('ref_axis',(0.,0.249999999999959,0.968245836551865));
#6173=DIRECTION('',(-1.,0.,0.));
#6174=DIRECTION('center_axis',(-1.,0.,0.));
#6175=DIRECTION('ref_axis',(0.,-1.,0.));
#6176=DIRECTION('',(-1.,0.,0.));
#6177=DIRECTION('center_axis',(1.,0.,0.));
#6178=DIRECTION('ref_axis',(0.,0.388888888888817,0.921284663987642));
#6179=DIRECTION('',(-1.,0.,0.));
#6180=DIRECTION('center_axis',(0.,-1.,0.));
#6181=DIRECTION('ref_axis',(0.,0.,-1.));
#6182=DIRECTION('center_axis',(1.,0.,0.));
#6183=DIRECTION('ref_axis',(0.,1.,0.));
#6184=DIRECTION('',(1.,0.,0.));
#6185=DIRECTION('center_axis',(1.,0.,0.));
#6186=DIRECTION('ref_axis',(0.,-0.75,-0.661437827766147));
#6187=DIRECTION('',(-1.,0.,0.));
#6188=DIRECTION('center_axis',(1.,0.,0.));
#6189=DIRECTION('ref_axis',(0.,0.,-1.));
#6190=DIRECTION('center_axis',(-1.,-3.38662105154019E-11,-3.33517066807114E-11));
#6191=DIRECTION('ref_axis',(3.33652986967156E-11,-0.000401423807457568,
-0.99999991942946));
#6192=DIRECTION('',(0.,1.,0.));
#6193=DIRECTION('',(0.,0.,-1.));
#6194=DIRECTION('',(0.,0.,1.));
#6195=DIRECTION('',(0.,1.,0.));
#6196=DIRECTION('center_axis',(1.,-3.38461078973669E-11,3.33319094666146E-11));
#6197=DIRECTION('ref_axis',(-3.33454934145271E-11,-0.000401423806943174,
0.99999991942946));
#6198=DIRECTION('',(0.,2.46005154500292E-15,-1.));
#6199=DIRECTION('',(0.,1.,0.));
#6200=DIRECTION('',(0.,0.,1.));
#6201=DIRECTION('center_axis',(0.9989685402103,0.,0.04540766091865));
#6202=DIRECTION('ref_axis',(0.,1.,0.));
#6203=DIRECTION('',(0.9989685402103,0.,0.04540766091865));
#6204=DIRECTION('',(0.9989685402103,0.,0.04540766091865));
#6205=DIRECTION('center_axis',(1.,0.,0.));
#6206=DIRECTION('ref_axis',(0.,1.,0.));
#6207=DIRECTION('',(1.,0.,0.));
#6208=DIRECTION('center_axis',(-0.970142500145332,0.,0.242535625036334));
#6209=DIRECTION('ref_axis',(0.242535625036334,0.,0.970142500145332));
#6210=DIRECTION('',(1.,0.,0.));
#6211=DIRECTION('center_axis',(-1.,0.,0.));
#6212=DIRECTION('ref_axis',(0.,0.,1.));
#6213=DIRECTION('',(0.,0.,-1.));
#6214=DIRECTION('',(0.,-1.,0.));
#6215=DIRECTION('center_axis',(-1.,0.,0.));
#6216=DIRECTION('ref_axis',(0.,1.,4.16333634234434E-16));
#6217=DIRECTION('center_axis',(-1.,0.,0.));
#6218=DIRECTION('ref_axis',(0.,0.,1.));
#6219=DIRECTION('',(0.,-1.,0.));
#6220=DIRECTION('',(0.,0.,-1.));
#6221=DIRECTION('center_axis',(-1.,0.,0.));
#6222=DIRECTION('ref_axis',(0.,-0.682822263302211,-0.730584530864736));
#6223=DIRECTION('center_axis',(-0.993883734673619,0.,-0.110431526074847));
#6224=DIRECTION('ref_axis',(-0.110431526074847,0.,0.993883734673619));
#6225=DIRECTION('',(0.110431526074847,0.,-0.993883734673619));
#6226=DIRECTION('center_axis',(-0.993885780130352,-0.000101512321732673,
-0.110413068746099));
#6227=DIRECTION('ref_axis',(0.0390002038994759,0.935216847651683,-0.351921059279276));
#6228=DIRECTION('',(0.,-1.,0.));
#6229=DIRECTION('center_axis',(-0.993883734673619,0.,-0.110431526074847));
#6230=DIRECTION('ref_axis',(-0.110431526074847,0.,0.993883734673619));
#6231=DIRECTION('',(0.,-1.,0.));
#6232=DIRECTION('center_axis',(0.993885780130352,-0.000101512321727355,
0.1104130687461));
#6233=DIRECTION('ref_axis',(0.0390002038994813,-0.935216847651683,-0.351921059279276));
#6234=DIRECTION('',(0.110431526074847,0.,-0.993883734673619));
#6235=DIRECTION('center_axis',(-0.970142500145332,0.,0.242535625036334));
#6236=DIRECTION('ref_axis',(0.242535625036334,0.,0.970142500145332));
#6237=DIRECTION('center_axis',(-0.970143123682549,1.56081552881031E-15,
0.242533130873839));
#6238=DIRECTION('ref_axis',(0.242533130873337,-2.03586641484329E-6,0.970143123680538));
#6239=DIRECTION('',(-0.242535625036334,0.,-0.970142500145332));
#6240=DIRECTION('',(-0.242535625036334,0.,-0.970142500145332));
#6241=DIRECTION('center_axis',(-0.993883734673619,0.,-0.110431526074847));
#6242=DIRECTION('ref_axis',(-0.110431526074847,0.,0.993883734673619));
#6243=DIRECTION('center_axis',(0.993884803497067,6.54902357669401E-5,0.110421886818809));
#6244=DIRECTION('ref_axis',(-6.77203369432729E-5,0.999999997571746,1.64458172201372E-5));
#6245=DIRECTION('',(0.110431526074847,0.,-0.993883734673619));
#6246=DIRECTION('',(0.,-1.,0.));
#6247=DIRECTION('',(0.,1.,0.));
#6248=DIRECTION('center_axis',(0.,-1.,0.));
#6249=DIRECTION('ref_axis',(0.970142500145332,0.,-0.242535625036335));
#6250=DIRECTION('',(0.,1.,0.));
#6251=DIRECTION('center_axis',(-0.993883734673619,0.,-0.110431526074847));
#6252=DIRECTION('ref_axis',(-0.110431526074847,0.,0.993883734673619));
#6253=DIRECTION('',(0.,-1.,0.));
#6254=DIRECTION('',(0.110431526074847,0.,-0.993883734673619));
#6255=DIRECTION('center_axis',(-0.993884803497069,6.54902359394851E-5,-0.110421886818786));
#6256=DIRECTION('ref_axis',(-6.77203371133277E-5,-0.999999997571745,1.64458171924805E-5));
#6257=DIRECTION('',(0.,1.,0.));
#6258=DIRECTION('center_axis',(0.,-1.,0.));
#6259=DIRECTION('ref_axis',(0.970142500145332,0.,-0.242535625036335));
#6260=DIRECTION('',(0.,1.,0.));
#6261=DIRECTION('center_axis',(-1.,0.,0.));
#6262=DIRECTION('ref_axis',(0.,0.,1.));
#6263=DIRECTION('',(0.,1.,0.));
#6264=DIRECTION('',(0.,0.,-1.));
#6265=DIRECTION('center_axis',(-1.,0.,0.));
#6266=DIRECTION('ref_axis',(0.,1.,1.61907524424503E-16));
#6267=DIRECTION('',(0.,-1.,0.));
#6268=DIRECTION('center_axis',(0.,-1.,0.));
#6269=DIRECTION('ref_axis',(-0.766044443118979,0.,0.642787609686539));
#6270=DIRECTION('',(0.,1.,0.));
#6271=DIRECTION('center_axis',(0.,1.,0.));
#6272=DIRECTION('ref_axis',(-1.,0.,-1.55431223447527E-14));
#6273=DIRECTION('center_axis',(-1.,0.,0.));
#6274=DIRECTION('ref_axis',(0.,0.,1.));
#6275=DIRECTION('',(0.,0.,-1.));
#6276=DIRECTION('',(0.,1.,0.));
#6277=DIRECTION('',(0.,-1.,0.));
#6278=DIRECTION('center_axis',(-1.,0.,0.));
#6279=DIRECTION('ref_axis',(0.,-0.942809041582063,-0.333333333333335));
#6280=DIRECTION('center_axis',(0.,-1.,0.));
#6281=DIRECTION('ref_axis',(-0.766044443118979,0.,0.642787609686539));
#6282=DIRECTION('center_axis',(8.64959145350379E-15,-1.,-3.14819382763869E-15));
#6283=DIRECTION('ref_axis',(-0.766044443118973,-8.88178419700152E-15,0.642787609686545));
#6284=DIRECTION('',(0.,1.,0.));
#6285=DIRECTION('center_axis',(-0.766044443118978,0.,0.64278760968654));
#6286=DIRECTION('ref_axis',(0.64278760968654,0.,0.766044443118978));
#6287=DIRECTION('',(0.,-1.,0.));
#6288=DIRECTION('',(-0.64278760968654,0.,-0.766044443118978));
#6289=DIRECTION('center_axis',(0.,-1.,0.));
#6290=DIRECTION('ref_axis',(1.,0.,0.));
#6291=DIRECTION('center_axis',(0.,1.,0.));
#6292=DIRECTION('ref_axis',(1.,0.,-2.22044604925031E-15));
#6293=DIRECTION('',(0.,-1.,0.));
#6294=DIRECTION('center_axis',(-0.766044443118978,0.,0.64278760968654));
#6295=DIRECTION('ref_axis',(0.64278760968654,0.,0.766044443118978));
#6296=DIRECTION('',(-0.64278760968654,0.,-0.766044443118978));
#6297=DIRECTION('',(0.,-1.,0.));
#6298=DIRECTION('center_axis',(0.,-1.,0.));
#6299=DIRECTION('ref_axis',(1.,0.,0.));
#6300=DIRECTION('center_axis',(-1.72991829070081E-14,-1.,6.2963876552777E-15));
#6301=DIRECTION('ref_axis',(0.766044443118976,-1.72084568816898E-14,-0.642787609686541));
#6302=DIRECTION('',(0.,-1.,0.));
#6303=DIRECTION('center_axis',(-1.,0.,0.));
#6304=DIRECTION('ref_axis',(0.,0.,1.));
#6305=DIRECTION('',(0.,0.,-1.));
#6306=DIRECTION('',(0.,-1.,0.));
#6307=DIRECTION('center_axis',(-1.,0.,0.));
#6308=DIRECTION('ref_axis',(0.,0.,1.));
#6309=DIRECTION('',(0.,0.,-1.));
#6310=DIRECTION('',(0.,-1.,0.));
#6311=DIRECTION('center_axis',(-0.970142500145332,0.,0.242535625036334));
#6312=DIRECTION('ref_axis',(0.242535625036334,0.,0.970142500145332));
#6313=DIRECTION('center_axis',(-0.970142591130303,2.28839305284425E-7,0.24253526109605));
#6314=DIRECTION('ref_axis',(0.242535261071346,-1.33887188184741E-5,0.970142591044119));
#6315=DIRECTION('center_axis',(0.,0.,1.));
#6316=DIRECTION('ref_axis',(1.,0.,0.));
#6317=DIRECTION('',(1.,0.,0.));
#6318=DIRECTION('center_axis',(0.,0.,1.));
#6319=DIRECTION('ref_axis',(1.,0.,0.));
#6320=DIRECTION('',(1.,0.,0.));
#6321=DIRECTION('center_axis',(1.,0.,0.));
#6322=DIRECTION('ref_axis',(0.,1.,0.));
#6323=DIRECTION('',(1.,0.,0.));
#6324=DIRECTION('center_axis',(0.17364817766693,0.,-0.984807753012208));
#6325=DIRECTION('ref_axis',(0.984807753012208,0.,0.17364817766693));
#6326=DIRECTION('',(1.,0.,0.));
#6327=DIRECTION('center_axis',(0.17364817766693,0.,-0.984807753012208));
#6328=DIRECTION('ref_axis',(0.984807753012208,0.,0.17364817766693));
#6329=DIRECTION('center_axis',(1.,0.,0.));
#6330=DIRECTION('ref_axis',(0.,0.947702560894562,-0.319154909211638));
#6331=DIRECTION('center_axis',(0.,-1.,0.));
#6332=DIRECTION('ref_axis',(0.,0.,-1.));
#6333=DIRECTION('',(0.,0.,1.));
#6334=DIRECTION('',(0.984807753012209,0.,0.173648177666927));
#6335=DIRECTION('center_axis',(0.,1.,0.));
#6336=DIRECTION('ref_axis',(0.,0.,1.));
#6337=DIRECTION('',(0.,0.,-1.));
#6338=DIRECTION('',(1.,0.,0.));
#6339=DIRECTION('',(0.984807753012209,0.,0.173648177666927));
#6340=DIRECTION('center_axis',(1.,0.,0.));
#6341=DIRECTION('ref_axis',(0.,1.,0.));
#6342=DIRECTION('',(1.,0.,0.));
#6343=DIRECTION('center_axis',(-0.17364817766693,0.,0.984807753012208));
#6344=DIRECTION('ref_axis',(0.984807753012208,0.,0.17364817766693));
#6345=DIRECTION('center_axis',(1.,0.,0.));
#6346=DIRECTION('ref_axis',(0.,-1.,-1.48029736616687E-15));
#6347=DIRECTION('center_axis',(-0.17364817766693,0.,0.984807753012208));
#6348=DIRECTION('ref_axis',(0.984807753012208,0.,0.17364817766693));
#6349=DIRECTION('center_axis',(1.,0.,0.));
#6350=DIRECTION('ref_axis',(0.,1.,0.));
#6351=DIRECTION('',(1.,0.,0.));
#6352=DIRECTION('',(1.,0.,0.));
#6353=DIRECTION('center_axis',(0.,1.,0.));
#6354=DIRECTION('ref_axis',(0.,0.,1.));
#6355=DIRECTION('',(0.984807753012208,0.,0.17364817766693));
#6356=DIRECTION('center_axis',(0.,-1.,0.));
#6357=DIRECTION('ref_axis',(0.,0.,-1.));
#6358=DIRECTION('',(0.984807753012208,0.,0.17364817766693));
#6359=DIRECTION('center_axis',(1.,0.,0.));
#6360=DIRECTION('ref_axis',(0.,0.,-1.));
#6361=DIRECTION('',(0.,1.,0.));
#6362=DIRECTION('center_axis',(-1.,0.,0.));
#6363=DIRECTION('ref_axis',(0.,0.,1.));
#6364=DIRECTION('',(0.,1.,0.));
#6365=DIRECTION('center_axis',(1.,0.,0.));
#6366=DIRECTION('ref_axis',(0.,0.,-1.));
#6367=DIRECTION('center_axis',(-1.,0.,0.));
#6368=DIRECTION('ref_axis',(0.,0.,1.));
#6369=DIRECTION('',(0.,1.,0.));
#6370=DIRECTION('',(0.,1.,0.));
#6371=DIRECTION('center_axis',(0.17364817766693,0.,-0.984807753012208));
#6372=DIRECTION('ref_axis',(-0.984807753012208,0.,-0.17364817766693));
#6373=DIRECTION('',(0.,-1.,0.));
#6374=DIRECTION('',(0.984807753012208,0.,0.17364817766693));
#6375=DIRECTION('center_axis',(0.984807753012208,0.,0.173648177666932));
#6376=DIRECTION('ref_axis',(-0.173648177666932,0.,0.984807753012208));
#6377=DIRECTION('center_axis',(1.,0.,0.));
#6378=DIRECTION('ref_axis',(0.,0.,1.));
#6379=DIRECTION('',(0.984807753012208,0.,0.173648177666931));
#6380=DIRECTION('',(0.984807753012208,0.,0.17364817766693));
#6381=DIRECTION('center_axis',(0.17364817766693,0.,-0.984807753012208));
#6382=DIRECTION('ref_axis',(-0.984807753012208,0.,-0.17364817766693));
#6383=DIRECTION('',(-0.984807753012208,0.,-0.17364817766693));
#6384=DIRECTION('',(0.,-1.,0.));
#6385=DIRECTION('center_axis',(-0.984807753012208,0.,-0.17364817766693));
#6386=DIRECTION('ref_axis',(-0.173648177666929,0.,0.984807753012208));
#6387=DIRECTION('',(-0.984807753012208,0.,-0.17364817766693));
#6388=DIRECTION('',(-0.984807753012208,0.,-0.173648177666929));
#6389=DIRECTION('center_axis',(-1.,0.,0.));
#6390=DIRECTION('ref_axis',(0.,0.,1.));
#6391=DIRECTION('center_axis',(0.17364817766693,0.,-0.984807753012208));
#6392=DIRECTION('ref_axis',(-0.984807753012208,0.,-0.17364817766693));
#6393=DIRECTION('center_axis',(0.17364817766693,0.,-0.984807753012208));
#6394=DIRECTION('ref_axis',(-0.984807753012208,0.,-0.17364817766693));
#6395=DIRECTION('center_axis',(1.,0.,0.));
#6396=DIRECTION('ref_axis',(0.,0.,-1.));
#6397=DIRECTION('',(0.,6.83347651389698E-17,-1.));
#6398=DIRECTION('',(0.,1.,0.));
#6399=DIRECTION('',(0.,0.,-1.));
#6400=DIRECTION('center_axis',(0.17364817766693,0.,-0.984807753012208));
#6401=DIRECTION('ref_axis',(-0.984807753012208,0.,-0.17364817766693));
#6402=DIRECTION('',(0.984807753012208,0.,0.17364817766693));
#6403=DIRECTION('',(-0.984807753012208,0.,-0.17364817766693));
#6404=DIRECTION('center_axis',(0.,-1.,0.));
#6405=DIRECTION('ref_axis',(0.,0.,-1.));
#6406=DIRECTION('center_axis',(0.,1.,0.));
#6407=DIRECTION('ref_axis',(0.,0.,1.));
#6408=DIRECTION('',(0.,0.,1.));
#6409=DIRECTION('',(1.,0.,0.));
#6410=DIRECTION('',(1.,2.7509808972116E-32,-1.89527478381158E-17));
#6411=DIRECTION('',(-1.89527478381158E-17,-1.59594559789866E-16,-1.));
#6412=DIRECTION('',(1.,2.7509808972116E-32,-1.89527478381158E-17));
#6413=DIRECTION('',(-1.89527478381158E-17,-1.59594559789866E-16,-1.));
#6414=DIRECTION('',(1.,2.7509808972116E-32,-1.89527478381158E-17));
#6415=DIRECTION('',(-1.89527478381158E-17,-1.59594559789866E-16,-1.));
#6416=DIRECTION('',(1.,2.7509808972116E-32,-1.89527478381158E-17));
#6417=DIRECTION('',(-1.89527478381158E-17,-1.59594559789866E-16,-1.));
#6418=DIRECTION('center_axis',(0.,0.,1.));
#6419=DIRECTION('ref_axis',(1.,0.,0.));
#6420=CARTESIAN_POINT('',(0.,0.,0.));
#6421=CARTESIAN_POINT('',(0.,0.,0.));
#6422=CARTESIAN_POINT('Origin',(-1.4,-1.6375000166582,1.14999999038238));
#6423=CARTESIAN_POINT('',(-1.4,-1.6375000132745,1.14999998673311));
#6424=CARTESIAN_POINT('',(-1.41,-1.6375000132745,1.14999998673311));
#6425=CARTESIAN_POINT('',(-1.4,-1.6375000166582,1.14999999038238));
#6426=CARTESIAN_POINT('',(-1.4,-1.14675229339975,0.3));
#6427=CARTESIAN_POINT('',(-1.4,-1.6375000166582,1.14999999038238));
#6428=CARTESIAN_POINT('',(-1.41,-1.14675229339975,0.3));
#6429=CARTESIAN_POINT('',(-1.4,-1.14675229339975,0.3));
#6430=CARTESIAN_POINT('',(-1.41,-1.6375000166582,1.14999999038238));
#6431=CARTESIAN_POINT('Origin',(-1.4,-2.12824772881118,0.3));
#6432=CARTESIAN_POINT('',(-1.4,-2.12824772881118,0.3));
#6433=CARTESIAN_POINT('',(-1.41,-2.12824772881118,0.3));
#6434=CARTESIAN_POINT('',(-1.4,-2.12824772881118,0.3));
#6435=CARTESIAN_POINT('',(-1.4,-2.12824772881118,0.3));
#6436=CARTESIAN_POINT('',(-1.41,-2.12824772881118,0.3));
#6437=CARTESIAN_POINT('Origin',(-1.4,-1.14675229339975,0.3));
#6438=CARTESIAN_POINT('',(-1.4,-1.14675229339975,0.3));
#6439=CARTESIAN_POINT('',(-1.41,-1.14675229339975,0.3));
#6440=CARTESIAN_POINT('Origin',(-1.41,0.,0.));
#6441=CARTESIAN_POINT('Origin',(-1.4,3.5,0.));
#6442=CARTESIAN_POINT('',(-1.4,2.075,1.25));
#6443=CARTESIAN_POINT('',(-1.4,2.075,1.3094476287975));
#6444=CARTESIAN_POINT('',(-1.4,2.075,1.25));
#6445=CARTESIAN_POINT('',(-1.4,2.2,1.25));
#6446=CARTESIAN_POINT('',(-1.4,2.2,1.25));
#6447=CARTESIAN_POINT('',(-1.4,2.2,1.95));
#6448=CARTESIAN_POINT('',(-1.4,2.2,1.25));
#6449=CARTESIAN_POINT('',(-1.4,2.5,1.95));
#6450=CARTESIAN_POINT('',(-1.4,2.5,1.95));
#6451=CARTESIAN_POINT('',(-1.4,2.5,0.));
#6452=CARTESIAN_POINT('',(-1.4,2.5,1.95));
#6453=CARTESIAN_POINT('',(-1.4,-2.5,0.));
#6454=CARTESIAN_POINT('',(-1.4,2.5,0.));
#6455=CARTESIAN_POINT('',(-1.4,-2.5,1.95));
#6456=CARTESIAN_POINT('',(-1.4,-2.5,1.95));
#6457=CARTESIAN_POINT('',(-1.4,-2.2,1.95));
#6458=CARTESIAN_POINT('',(-1.4,-2.2,1.95));
#6459=CARTESIAN_POINT('',(-1.4,-2.2,1.25));
#6460=CARTESIAN_POINT('',(-1.4,-2.2,1.95));
#6461=CARTESIAN_POINT('',(-1.4,-2.075,1.25));
#6462=CARTESIAN_POINT('',(-1.4,-2.2,1.25));
#6463=CARTESIAN_POINT('',(-1.4,-2.075,1.3094476287975));
#6464=CARTESIAN_POINT('',(-1.4,-2.075,1.25));
#6465=CARTESIAN_POINT('',(-1.4,-1.2,1.3094476287975));
#6466=CARTESIAN_POINT('',(-1.4,-1.2,1.3094476287975));
#6467=CARTESIAN_POINT('',(-1.4,-1.2,1.25));
#6468=CARTESIAN_POINT('',(-1.4,-1.2,1.25));
#6469=CARTESIAN_POINT('',(-1.4,-1.,1.25));
#6470=CARTESIAN_POINT('',(-1.4,-1.,1.25));
#6471=CARTESIAN_POINT('',(-1.4,-1.,1.3094476287975));
#6472=CARTESIAN_POINT('',(-1.4,-1.,1.3094476287975));
#6473=CARTESIAN_POINT('',(-1.4,-0.100000000000001,1.3094476287975));
#6474=CARTESIAN_POINT('',(-1.4,-0.100000000000001,1.3094476287975));
#6475=CARTESIAN_POINT('',(-1.4,-0.1,1.25));
#6476=CARTESIAN_POINT('',(-1.4,-0.1,1.25));
#6477=CARTESIAN_POINT('',(-1.4,0.1,1.25));
#6478=CARTESIAN_POINT('',(-1.4,0.1,1.25));
#6479=CARTESIAN_POINT('',(-1.4,0.1,1.3094476287975));
#6480=CARTESIAN_POINT('',(-1.4,0.1,1.3094476287975));
#6481=CARTESIAN_POINT('',(-1.4,1.,1.3094476287975));
#6482=CARTESIAN_POINT('',(-1.4,1.,1.3094476287975));
#6483=CARTESIAN_POINT('',(-1.4,1.,1.25));
#6484=CARTESIAN_POINT('',(-1.4,1.,1.25));
#6485=CARTESIAN_POINT('',(-1.4,1.2,1.25));
#6486=CARTESIAN_POINT('',(-1.4,1.2,1.25));
#6487=CARTESIAN_POINT('',(-1.4,1.2,1.3094476287975));
#6488=CARTESIAN_POINT('',(-1.4,1.2,1.3094476287975));
#6489=CARTESIAN_POINT('',(-1.4,2.075,1.3094476287975));
#6490=CARTESIAN_POINT('Origin',(1.05,2.22044604925031E-16,4.9));
#6491=CARTESIAN_POINT('',(1.05,2.2,4.9));
#6492=CARTESIAN_POINT('',(0.992264973081038,2.14226497308104,5.));
#6493=CARTESIAN_POINT('',(1.05,2.2,4.9));
#6494=CARTESIAN_POINT('',(0.992264973081038,-2.14226497308104,5.));
#6495=CARTESIAN_POINT('',(0.992264973081038,-2.14226497308104,5.));
#6496=CARTESIAN_POINT('',(1.05,-2.2,4.9));
#6497=CARTESIAN_POINT('',(1.05,-2.2,4.9));
#6498=CARTESIAN_POINT('',(1.05,-2.2,4.9));
#6499=CARTESIAN_POINT('Origin',(0.,-2.2,4.9));
#6500=CARTESIAN_POINT('',(-0.99226497308104,-2.14226497308104,5.));
#6501=CARTESIAN_POINT('',(-0.99226497308104,-2.14226497308104,5.));
#6502=CARTESIAN_POINT('',(-1.05,-2.2,4.9));
#6503=CARTESIAN_POINT('',(-1.05,-2.2,4.9));
#6504=CARTESIAN_POINT('',(-1.05,-2.2,4.9));
#6505=CARTESIAN_POINT('Origin',(-1.05,-4.44089209850063E-16,4.9));
#6506=CARTESIAN_POINT('',(-0.99226497308104,2.14226497308104,5.));
#6507=CARTESIAN_POINT('',(-0.992264973081039,2.14226497308104,5.));
#6508=CARTESIAN_POINT('',(-1.05,2.2,4.9));
#6509=CARTESIAN_POINT('',(-1.05,2.2,4.9));
#6510=CARTESIAN_POINT('',(-1.05,2.2,4.9));
#6511=CARTESIAN_POINT('Origin',(-4.44089209850063E-16,2.2,4.9));
#6512=CARTESIAN_POINT('',(0.992264973081038,2.14226497308104,5.));
#6513=CARTESIAN_POINT('',(1.05,2.2,4.9));
#6514=CARTESIAN_POINT('Origin',(0.550000000000001,2.2,5.));
#6515=CARTESIAN_POINT('',(1.05,2.2,1.95));
#6516=CARTESIAN_POINT('',(1.05,2.2,4.9));
#6517=CARTESIAN_POINT('',(0.550000000000001,2.2,1.95));
#6518=CARTESIAN_POINT('',(1.05,2.2,1.95));
#6519=CARTESIAN_POINT('',(0.550000000000001,2.2,4.05));
#6520=CARTESIAN_POINT('',(0.550000000000001,2.2,4.05));
#6521=CARTESIAN_POINT('',(0.400000000000001,2.2,4.2));
#6522=CARTESIAN_POINT('Origin',(0.400000000000001,2.2,4.05));
#6523=CARTESIAN_POINT('',(0.100000000000001,2.2,4.2));
#6524=CARTESIAN_POINT('',(0.100000000000001,2.2,4.2));
#6525=CARTESIAN_POINT('',(-0.0499999999999989,2.2,4.05));
#6526=CARTESIAN_POINT('Origin',(0.100000000000001,2.2,4.05));
#6527=CARTESIAN_POINT('',(-0.0499999999999989,2.2,1.95));
#6528=CARTESIAN_POINT('',(-0.0499999999999989,2.2,4.05));
#6529=CARTESIAN_POINT('',(-0.550000000000003,2.2,1.95));
#6530=CARTESIAN_POINT('',(-0.0499999999999989,2.2,1.95));
#6531=CARTESIAN_POINT('',(-0.550000000000003,2.2,3.65));
#6532=CARTESIAN_POINT('',(-0.550000000000003,2.2,3.65));
#6533=CARTESIAN_POINT('',(-1.05,2.2,3.65));
#6534=CARTESIAN_POINT('',(-1.05,2.2,3.65));
#6535=CARTESIAN_POINT('',(-1.05,2.2,4.9));
#6536=CARTESIAN_POINT('Origin',(-0.0499999999999989,-2.2,5.));
#6537=CARTESIAN_POINT('',(-1.05,-2.2,3.65));
#6538=CARTESIAN_POINT('',(-1.05,-2.2,4.9));
#6539=CARTESIAN_POINT('',(-0.550000000000002,-2.2,3.65));
#6540=CARTESIAN_POINT('',(-1.05,-2.2,3.65));
#6541=CARTESIAN_POINT('',(-0.550000000000002,-2.2,1.95));
#6542=CARTESIAN_POINT('',(-0.550000000000002,-2.2,3.65));
#6543=CARTESIAN_POINT('',(-0.0499999999999989,-2.2,1.95));
#6544=CARTESIAN_POINT('',(-0.550000000000002,-2.2,1.95));
#6545=CARTESIAN_POINT('',(-0.0499999999999989,-2.2,4.05));
#6546=CARTESIAN_POINT('',(-0.0499999999999989,-2.2,4.05));
#6547=CARTESIAN_POINT('',(0.100000000000001,-2.2,4.2));
#6548=CARTESIAN_POINT('Origin',(0.100000000000001,-2.2,4.05));
#6549=CARTESIAN_POINT('',(0.400000000000001,-2.2,4.2));
#6550=CARTESIAN_POINT('',(0.400000000000001,-2.2,4.2));
#6551=CARTESIAN_POINT('',(0.550000000000001,-2.2,4.05));
#6552=CARTESIAN_POINT('Origin',(0.400000000000001,-2.2,4.05));
#6553=CARTESIAN_POINT('',(0.550000000000001,-2.2,1.95));
#6554=CARTESIAN_POINT('',(0.550000000000001,-2.2,4.05));
#6555=CARTESIAN_POINT('',(1.05,-2.2,1.95));
#6556=CARTESIAN_POINT('',(0.550000000000001,-2.2,1.95));
#6557=CARTESIAN_POINT('',(1.05,-2.2,4.9));
#6558=CARTESIAN_POINT('Origin',(1.05,2.2,5.));
#6559=CARTESIAN_POINT('',(1.05,-1.75,1.95));
#6560=CARTESIAN_POINT('',(1.05,-2.2,1.95));
#6561=CARTESIAN_POINT('',(1.05,-1.75,1.15));
#6562=CARTESIAN_POINT('',(1.05,-1.75,1.95));
#6563=CARTESIAN_POINT('',(1.05,-1.6,1.));
#6564=CARTESIAN_POINT('Origin',(1.05,-1.6,1.15));
#6565=CARTESIAN_POINT('',(1.05,-1.4,1.));
#6566=CARTESIAN_POINT('',(1.05,-1.4,1.));
#6567=CARTESIAN_POINT('',(1.05,-1.25,1.15));
#6568=CARTESIAN_POINT('Origin',(1.05,-1.4,1.15));
#6569=CARTESIAN_POINT('',(1.05,-1.25,1.95));
#6570=CARTESIAN_POINT('',(1.05,-1.25,1.95));
#6571=CARTESIAN_POINT('',(1.05,-0.75,1.95));
#6572=CARTESIAN_POINT('',(1.05,-1.25,1.95));
#6573=CARTESIAN_POINT('',(1.05,-0.75,1.15));
#6574=CARTESIAN_POINT('',(1.05,-0.75,1.95));
#6575=CARTESIAN_POINT('',(1.05,-0.6,1.));
#6576=CARTESIAN_POINT('Origin',(1.05,-0.599999999999999,1.15));
#6577=CARTESIAN_POINT('',(1.05,-0.4,1.));
#6578=CARTESIAN_POINT('',(1.05,-0.4,1.));
#6579=CARTESIAN_POINT('',(1.05,-0.25,1.15));
#6580=CARTESIAN_POINT('Origin',(1.05,-0.4,1.15));
#6581=CARTESIAN_POINT('',(1.05,-0.25,1.95));
#6582=CARTESIAN_POINT('',(1.05,-0.25,1.95));
#6583=CARTESIAN_POINT('',(1.05,0.25,1.95));
#6584=CARTESIAN_POINT('',(1.05,-0.25,1.95));
#6585=CARTESIAN_POINT('',(1.05,0.25,1.15));
#6586=CARTESIAN_POINT('',(1.05,0.25,1.95));
#6587=CARTESIAN_POINT('',(1.05,0.4,1.));
#6588=CARTESIAN_POINT('Origin',(1.05,0.4,1.15));
#6589=CARTESIAN_POINT('',(1.05,0.6,1.));
#6590=CARTESIAN_POINT('',(1.05,0.6,1.));
#6591=CARTESIAN_POINT('',(1.05,0.75,1.15));
#6592=CARTESIAN_POINT('Origin',(1.05,0.6,1.15));
#6593=CARTESIAN_POINT('',(1.05,0.75,1.95));
#6594=CARTESIAN_POINT('',(1.05,0.75,1.95));
#6595=CARTESIAN_POINT('',(1.05,1.25,1.95));
#6596=CARTESIAN_POINT('',(1.05,0.75,1.95));
#6597=CARTESIAN_POINT('',(1.05,1.25,1.15));
#6598=CARTESIAN_POINT('',(1.05,1.25,1.95));
#6599=CARTESIAN_POINT('',(1.05,1.4,1.));
#6600=CARTESIAN_POINT('Origin',(1.05,1.4,1.15));
#6601=CARTESIAN_POINT('',(1.05,1.6,1.));
#6602=CARTESIAN_POINT('',(1.05,1.6,1.));
#6603=CARTESIAN_POINT('',(1.05,1.75,1.15));
#6604=CARTESIAN_POINT('Origin',(1.05,1.6,1.15));
#6605=CARTESIAN_POINT('',(1.05,1.75,1.95));
#6606=CARTESIAN_POINT('',(1.05,1.75,1.95));
#6607=CARTESIAN_POINT('',(1.05,1.75,1.95));
#6608=CARTESIAN_POINT('Origin',(-1.05,-3.5,1.));
#6609=CARTESIAN_POINT('',(-1.05,2.05,3.65));
#6610=CARTESIAN_POINT('',(-1.05,2.2,3.65));
#6611=CARTESIAN_POINT('',(-1.05,1.9,3.8));
#6612=CARTESIAN_POINT('Origin',(-1.05,2.05,3.8));
#6613=CARTESIAN_POINT('',(-1.05,1.9,4.45));
#6614=CARTESIAN_POINT('',(-1.05,1.9,4.45));
#6615=CARTESIAN_POINT('',(-1.05,1.4,4.45));
#6616=CARTESIAN_POINT('',(-1.05,1.4,4.45));
#6617=CARTESIAN_POINT('',(-1.05,1.4,3.8));
#6618=CARTESIAN_POINT('',(-1.05,1.4,3.8));
#6619=CARTESIAN_POINT('',(-1.05,1.25,3.65));
#6620=CARTESIAN_POINT('Origin',(-1.05,1.25,3.8));
#6621=CARTESIAN_POINT('',(-1.05,0.949999999999999,3.65));
#6622=CARTESIAN_POINT('',(-1.05,1.25,3.65));
#6623=CARTESIAN_POINT('',(-1.05,0.800000000000001,3.8));
#6624=CARTESIAN_POINT('Origin',(-1.05,0.95,3.8));
#6625=CARTESIAN_POINT('',(-1.05,0.8,3.95));
#6626=CARTESIAN_POINT('',(-1.05,0.8,3.95));
#6627=CARTESIAN_POINT('',(-1.05,0.3,3.95));
#6628=CARTESIAN_POINT('',(-1.05,0.3,3.95));
#6629=CARTESIAN_POINT('',(-1.05,0.3,3.8));
#6630=CARTESIAN_POINT('',(-1.05,0.3,3.8));
#6631=CARTESIAN_POINT('',(-1.05,0.15,3.65));
#6632=CARTESIAN_POINT('Origin',(-1.05,0.15,3.8));
#6633=CARTESIAN_POINT('',(-1.05,-0.149999999999999,3.65));
#6634=CARTESIAN_POINT('',(-1.05,0.15,3.65));
#6635=CARTESIAN_POINT('',(-1.05,-0.3,3.8));
#6636=CARTESIAN_POINT('Origin',(-1.05,-0.15,3.8));
#6637=CARTESIAN_POINT('',(-1.05,-0.3,3.95));
#6638=CARTESIAN_POINT('',(-1.05,-0.3,3.95));
#6639=CARTESIAN_POINT('',(-1.05,-0.8,3.95));
#6640=CARTESIAN_POINT('',(-1.05,-0.8,3.95));
#6641=CARTESIAN_POINT('',(-1.05,-0.8,3.8));
#6642=CARTESIAN_POINT('',(-1.05,-0.8,3.8));
#6643=CARTESIAN_POINT('',(-1.05,-0.95,3.65));
#6644=CARTESIAN_POINT('Origin',(-1.05,-0.950000000000001,3.8));
#6645=CARTESIAN_POINT('',(-1.05,-1.25,3.65));
#6646=CARTESIAN_POINT('',(-1.05,-0.949999999999999,3.65));
#6647=CARTESIAN_POINT('',(-1.05,-1.4,3.8));
#6648=CARTESIAN_POINT('Origin',(-1.05,-1.25,3.8));
#6649=CARTESIAN_POINT('',(-1.05,-1.4,4.45));
#6650=CARTESIAN_POINT('',(-1.05,-1.4,4.45));
#6651=CARTESIAN_POINT('',(-1.05,-1.9,4.45));
#6652=CARTESIAN_POINT('',(-1.05,-1.4,4.45));
#6653=CARTESIAN_POINT('',(-1.05,-1.9,3.8));
#6654=CARTESIAN_POINT('',(-1.05,-1.9,3.8));
#6655=CARTESIAN_POINT('',(-1.05,-2.05,3.65));
#6656=CARTESIAN_POINT('Origin',(-1.05,-2.05,3.8));
#6657=CARTESIAN_POINT('',(-1.05,-2.05,3.65));
#6658=CARTESIAN_POINT('Origin',(0.,0.,5.));
#6659=CARTESIAN_POINT('',(0.700000000000001,-0.625,5.));
#6660=CARTESIAN_POINT('',(0.700000000000001,-0.375,5.));
#6661=CARTESIAN_POINT('',(0.700000000000001,-0.625,5.));
#6662=CARTESIAN_POINT('',(0.150000000000001,-0.625,5.));
#6663=CARTESIAN_POINT('',(0.150000000000001,-0.625,5.));
#6664=CARTESIAN_POINT('',(0.150000000000001,-0.375,5.));
#6665=CARTESIAN_POINT('',(0.150000000000001,-0.375,5.));
#6666=CARTESIAN_POINT('',(0.700000000000001,-0.375,5.));
#6667=CARTESIAN_POINT('',(0.700000000000001,-1.625,5.));
#6668=CARTESIAN_POINT('',(0.700000000000001,-1.375,5.));
#6669=CARTESIAN_POINT('',(0.700000000000001,-1.625,5.));
#6670=CARTESIAN_POINT('',(0.150000000000001,-1.625,5.));
#6671=CARTESIAN_POINT('',(0.150000000000001,-1.625,5.));
#6672=CARTESIAN_POINT('',(0.150000000000001,-1.375,5.));
#6673=CARTESIAN_POINT('',(0.150000000000001,-1.375,5.));
#6674=CARTESIAN_POINT('',(0.700000000000001,-1.375,5.));
#6675=CARTESIAN_POINT('',(0.700000000000001,0.375,5.));
#6676=CARTESIAN_POINT('',(0.700000000000001,0.625,5.));
#6677=CARTESIAN_POINT('',(0.700000000000001,0.375,5.));
#6678=CARTESIAN_POINT('',(0.150000000000001,0.375,5.));
#6679=CARTESIAN_POINT('',(0.150000000000001,0.375,5.));
#6680=CARTESIAN_POINT('',(0.150000000000001,0.625,5.));
#6681=CARTESIAN_POINT('',(0.150000000000001,0.625,5.));
#6682=CARTESIAN_POINT('',(0.700000000000001,0.625,5.));
#6683=CARTESIAN_POINT('',(0.700000000000001,1.375,5.));
#6684=CARTESIAN_POINT('',(0.700000000000001,1.625,5.));
#6685=CARTESIAN_POINT('',(0.700000000000001,1.375,5.));
#6686=CARTESIAN_POINT('',(0.150000000000001,1.375,5.));
#6687=CARTESIAN_POINT('',(0.150000000000001,1.375,5.));
#6688=CARTESIAN_POINT('',(0.150000000000001,1.625,5.));
#6689=CARTESIAN_POINT('',(0.150000000000001,1.625,5.));
#6690=CARTESIAN_POINT('',(0.700000000000001,1.625,5.));
#6691=CARTESIAN_POINT('Origin',(0.150000000000001,1.625,5.));
#6692=CARTESIAN_POINT('',(0.150000000000001,1.625,1.));
#6693=CARTESIAN_POINT('',(0.700000000000001,1.625,1.));
#6694=CARTESIAN_POINT('',(0.150000000000001,1.625,1.));
#6695=CARTESIAN_POINT('',(0.700000000000001,1.625,5.));
#6696=CARTESIAN_POINT('',(0.150000000000001,1.625,5.));
#6697=CARTESIAN_POINT('Origin',(0.700000000000001,-0.625,5.));
#6698=CARTESIAN_POINT('',(0.700000000000001,1.375,1.));
#6699=CARTESIAN_POINT('',(0.700000000000001,1.375,5.));
#6700=CARTESIAN_POINT('',(0.700000000000001,1.375,1.));
#6701=CARTESIAN_POINT('Origin',(0.700000000000001,1.375,5.));
#6702=CARTESIAN_POINT('',(0.150000000000001,1.375,1.));
#6703=CARTESIAN_POINT('',(0.700000000000001,1.375,1.));
#6704=CARTESIAN_POINT('',(0.150000000000001,1.375,5.));
#6705=CARTESIAN_POINT('Origin',(0.150000000000001,-0.375,5.));
#6706=CARTESIAN_POINT('',(0.150000000000001,1.625,1.));
#6707=CARTESIAN_POINT('Origin',(0.150000000000001,0.625,5.));
#6708=CARTESIAN_POINT('',(0.150000000000001,0.625,1.));
#6709=CARTESIAN_POINT('',(0.700000000000001,0.625,1.));
#6710=CARTESIAN_POINT('',(0.150000000000001,0.625,1.));
#6711=CARTESIAN_POINT('',(0.700000000000001,0.625,5.));
#6712=CARTESIAN_POINT('',(0.150000000000001,0.625,5.));
#6713=CARTESIAN_POINT('Origin',(0.700000000000001,-0.625,5.));
#6714=CARTESIAN_POINT('',(0.700000000000001,0.375,1.));
#6715=CARTESIAN_POINT('',(0.700000000000001,0.375,5.));
#6716=CARTESIAN_POINT('',(0.700000000000001,0.375,1.));
#6717=CARTESIAN_POINT('Origin',(0.700000000000001,0.375,5.));
#6718=CARTESIAN_POINT('',(0.150000000000001,0.375,1.));
#6719=CARTESIAN_POINT('',(0.700000000000001,0.375,1.));
#6720=CARTESIAN_POINT('',(0.150000000000001,0.375,5.));
#6721=CARTESIAN_POINT('Origin',(0.150000000000001,-0.375,5.));
#6722=CARTESIAN_POINT('',(0.150000000000001,0.625,1.));
#6723=CARTESIAN_POINT('Origin',(0.150000000000001,-1.375,5.));
#6724=CARTESIAN_POINT('',(0.150000000000001,-1.375,1.));
#6725=CARTESIAN_POINT('',(0.700000000000001,-1.375,1.));
#6726=CARTESIAN_POINT('',(0.150000000000001,-1.375,1.));
#6727=CARTESIAN_POINT('',(0.700000000000001,-1.375,5.));
#6728=CARTESIAN_POINT('',(0.150000000000001,-1.375,5.));
#6729=CARTESIAN_POINT('Origin',(0.700000000000001,-0.625,5.));
#6730=CARTESIAN_POINT('',(0.700000000000001,-1.625,1.));
#6731=CARTESIAN_POINT('',(0.700000000000001,-1.625,5.));
#6732=CARTESIAN_POINT('',(0.700000000000001,-1.625,1.));
#6733=CARTESIAN_POINT('Origin',(0.700000000000001,-1.625,5.));
#6734=CARTESIAN_POINT('',(0.150000000000001,-1.625,1.));
#6735=CARTESIAN_POINT('',(0.700000000000001,-1.625,1.));
#6736=CARTESIAN_POINT('',(0.150000000000001,-1.625,5.));
#6737=CARTESIAN_POINT('Origin',(0.150000000000001,-0.375,5.));
#6738=CARTESIAN_POINT('',(0.150000000000001,-1.375,1.));
#6739=CARTESIAN_POINT('Origin',(0.700000000000001,-0.625,5.));
#6740=CARTESIAN_POINT('',(0.700000000000001,-0.625,1.));
#6741=CARTESIAN_POINT('',(0.700000000000001,-0.625,5.));
#6742=CARTESIAN_POINT('',(0.700000000000001,-0.375,1.));
#6743=CARTESIAN_POINT('',(0.700000000000001,-0.375,5.));
#6744=CARTESIAN_POINT('',(0.700000000000001,-0.625,1.));
#6745=CARTESIAN_POINT('Origin',(-1.05,1.9,3.95));
#6746=CARTESIAN_POINT('',(-0.550000000000002,1.9,3.95));
#6747=CARTESIAN_POINT('',(-0.550000000000002,1.9,3.8));
#6748=CARTESIAN_POINT('',(-0.550000000000002,1.9,3.95));
#6749=CARTESIAN_POINT('',(-1.,1.9,3.95));
#6750=CARTESIAN_POINT('',(-1.,1.9,3.95));
#6751=CARTESIAN_POINT('',(-1.,1.9,4.45));
#6752=CARTESIAN_POINT('',(-1.,1.9,4.45));
#6753=CARTESIAN_POINT('',(-1.05,1.9,4.45));
#6754=CARTESIAN_POINT('',(-1.05,1.9,3.8));
#6755=CARTESIAN_POINT('Origin',(-1.05,1.9,4.45));
#6756=CARTESIAN_POINT('',(-1.,1.4,4.45));
#6757=CARTESIAN_POINT('',(-1.,1.4,4.45));
#6758=CARTESIAN_POINT('',(-1.05,1.4,4.45));
#6759=CARTESIAN_POINT('Origin',(-1.05,1.4,3.65));
#6760=CARTESIAN_POINT('',(-1.,1.4,3.95));
#6761=CARTESIAN_POINT('',(-1.,1.4,3.95));
#6762=CARTESIAN_POINT('',(-0.550000000000002,1.4,3.95));
#6763=CARTESIAN_POINT('',(-1.,1.4,3.95));
#6764=CARTESIAN_POINT('',(-0.550000000000002,1.4,3.8));
#6765=CARTESIAN_POINT('',(-0.550000000000002,1.4,3.8));
#6766=CARTESIAN_POINT('',(-1.05,1.4,3.8));
#6767=CARTESIAN_POINT('Origin',(-1.05,0.8,3.95));
#6768=CARTESIAN_POINT('',(-0.550000000000002,0.8,3.95));
#6769=CARTESIAN_POINT('',(-0.550000000000002,0.8,3.8));
#6770=CARTESIAN_POINT('',(-0.550000000000002,0.8,3.95));
#6771=CARTESIAN_POINT('',(-1.05,0.8,3.95));
#6772=CARTESIAN_POINT('',(-1.05,0.8,3.8));
#6773=CARTESIAN_POINT('Origin',(-1.05,0.8,3.95));
#6774=CARTESIAN_POINT('',(-0.550000000000002,0.3,3.95));
#6775=CARTESIAN_POINT('',(-0.550000000000002,0.3,3.95));
#6776=CARTESIAN_POINT('',(-1.05,0.3,3.95));
#6777=CARTESIAN_POINT('Origin',(-1.05,0.3,3.65));
#6778=CARTESIAN_POINT('',(-0.550000000000002,0.3,3.8));
#6779=CARTESIAN_POINT('',(-0.550000000000002,0.3,3.8));
#6780=CARTESIAN_POINT('',(-1.05,0.3,3.8));
#6781=CARTESIAN_POINT('Origin',(-1.05,-0.3,3.95));
#6782=CARTESIAN_POINT('',(-0.550000000000002,-0.3,3.95));
#6783=CARTESIAN_POINT('',(-0.550000000000002,-0.3,3.8));
#6784=CARTESIAN_POINT('',(-0.550000000000002,-0.3,3.95));
#6785=CARTESIAN_POINT('',(-1.05,-0.3,3.95));
#6786=CARTESIAN_POINT('',(-1.05,-0.3,3.8));
#6787=CARTESIAN_POINT('Origin',(-1.05,0.8,3.95));
#6788=CARTESIAN_POINT('',(-0.550000000000002,-0.8,3.95));
#6789=CARTESIAN_POINT('',(-1.05,-0.8,3.95));
#6790=CARTESIAN_POINT('',(-0.550000000000002,-0.8,3.95));
#6791=CARTESIAN_POINT('Origin',(-1.05,-0.8,3.65));
#6792=CARTESIAN_POINT('',(-0.550000000000002,-0.8,3.8));
#6793=CARTESIAN_POINT('',(-0.550000000000002,-0.8,3.8));
#6794=CARTESIAN_POINT('',(-1.05,-0.8,3.8));
#6795=CARTESIAN_POINT('Origin',(-1.05,-1.4,3.95));
#6796=CARTESIAN_POINT('',(-0.550000000000002,-1.4,3.95));
#6797=CARTESIAN_POINT('',(-0.550000000000002,-1.4,3.8));
#6798=CARTESIAN_POINT('',(-0.550000000000002,-1.4,3.95));
#6799=CARTESIAN_POINT('',(-1.,-1.4,3.95));
#6800=CARTESIAN_POINT('',(-1.,-1.4,3.95));
#6801=CARTESIAN_POINT('',(-1.,-1.4,4.45));
#6802=CARTESIAN_POINT('',(-1.,-1.4,3.95));
#6803=CARTESIAN_POINT('',(-1.05,-1.4,4.45));
#6804=CARTESIAN_POINT('',(-1.05,-1.4,3.8));
#6805=CARTESIAN_POINT('Origin',(-1.05,-1.9,3.65));
#6806=CARTESIAN_POINT('',(-1.,-1.9,4.45));
#6807=CARTESIAN_POINT('',(-1.05,-1.9,4.45));
#6808=CARTESIAN_POINT('',(-1.,-1.9,3.95));
#6809=CARTESIAN_POINT('',(-1.,-1.9,4.45));
#6810=CARTESIAN_POINT('',(-0.550000000000002,-1.9,3.95));
#6811=CARTESIAN_POINT('',(-1.,-1.9,3.95));
#6812=CARTESIAN_POINT('',(-0.550000000000002,-1.9,3.8));
#6813=CARTESIAN_POINT('',(-0.550000000000002,-1.9,3.8));
#6814=CARTESIAN_POINT('',(-1.05,-1.9,3.8));
#6815=CARTESIAN_POINT('Origin',(0.,0.,1.));
#6816=CARTESIAN_POINT('',(1.4,-1.6,1.));
#6817=CARTESIAN_POINT('',(1.4,-1.4,1.));
#6818=CARTESIAN_POINT('',(1.4,-1.6,1.));
#6819=CARTESIAN_POINT('',(1.05,-1.4,1.));
#6820=CARTESIAN_POINT('',(1.4,-1.6,1.));
#6821=CARTESIAN_POINT('Origin',(1.225,-1.4,1.15));
#6822=CARTESIAN_POINT('',(1.4,-1.25,1.15));
#6823=CARTESIAN_POINT('Origin',(1.4,-1.4,1.15));
#6824=CARTESIAN_POINT('',(1.05,-1.25,1.15));
#6825=CARTESIAN_POINT('Origin',(1.05,-1.25,1.95));
#6826=CARTESIAN_POINT('',(1.4,-1.25,1.95));
#6827=CARTESIAN_POINT('',(1.4,-1.25,1.95));
#6828=CARTESIAN_POINT('',(1.4,-1.25,1.95));
#6829=CARTESIAN_POINT('Origin',(0.,0.,1.));
#6830=CARTESIAN_POINT('',(1.4,-0.6,1.));
#6831=CARTESIAN_POINT('',(1.4,-0.6,1.));
#6832=CARTESIAN_POINT('',(1.4,-0.4,1.));
#6833=CARTESIAN_POINT('',(1.4,-0.6,1.));
#6834=CARTESIAN_POINT('',(1.05,-0.4,1.));
#6835=CARTESIAN_POINT('Origin',(1.225,-0.4,1.15));
#6836=CARTESIAN_POINT('',(1.4,-0.25,1.15));
#6837=CARTESIAN_POINT('Origin',(1.4,-0.4,1.15));
#6838=CARTESIAN_POINT('',(1.05,-0.25,1.15));
#6839=CARTESIAN_POINT('Origin',(1.05,-0.25,1.95));
#6840=CARTESIAN_POINT('',(1.4,-0.25,1.95));
#6841=CARTESIAN_POINT('',(1.4,-0.25,1.95));
#6842=CARTESIAN_POINT('',(1.4,-0.25,1.95));
#6843=CARTESIAN_POINT('Origin',(0.,0.,1.));
#6844=CARTESIAN_POINT('',(1.4,0.4,1.));
#6845=CARTESIAN_POINT('',(1.4,0.4,1.));
#6846=CARTESIAN_POINT('',(1.4,0.6,1.));
#6847=CARTESIAN_POINT('',(1.4,0.4,1.));
#6848=CARTESIAN_POINT('',(1.05,0.6,1.));
#6849=CARTESIAN_POINT('Origin',(1.225,0.6,1.15));
#6850=CARTESIAN_POINT('',(1.4,0.75,1.15));
#6851=CARTESIAN_POINT('Origin',(1.4,0.599999999999999,1.15));
#6852=CARTESIAN_POINT('',(1.05,0.75,1.15));
#6853=CARTESIAN_POINT('Origin',(1.05,0.75,1.95));
#6854=CARTESIAN_POINT('',(1.4,0.75,1.95));
#6855=CARTESIAN_POINT('',(1.4,0.75,1.95));
#6856=CARTESIAN_POINT('',(1.4,0.75,1.95));
#6857=CARTESIAN_POINT('Origin',(0.,0.,1.));
#6858=CARTESIAN_POINT('',(1.4,1.4,1.));
#6859=CARTESIAN_POINT('',(1.4,1.4,1.));
#6860=CARTESIAN_POINT('',(1.4,1.6,1.));
#6861=CARTESIAN_POINT('',(1.4,1.4,1.));
#6862=CARTESIAN_POINT('',(1.05,1.6,1.));
#6863=CARTESIAN_POINT('Origin',(1.225,1.6,1.15));
#6864=CARTESIAN_POINT('',(1.4,1.75,1.15));
#6865=CARTESIAN_POINT('Origin',(1.4,1.6,1.15));
#6866=CARTESIAN_POINT('',(1.05,1.75,1.15));
#6867=CARTESIAN_POINT('Origin',(1.05,1.75,1.95));
#6868=CARTESIAN_POINT('',(1.4,1.75,1.95));
#6869=CARTESIAN_POINT('',(1.4,1.75,1.95));
#6870=CARTESIAN_POINT('',(1.4,1.75,1.95));
#6871=CARTESIAN_POINT('Origin',(-0.550000000000002,0.,0.));
#6872=CARTESIAN_POINT('',(-0.550000000000002,2.05,3.65));
#6873=CARTESIAN_POINT('Origin',(-0.550000000000002,2.05,3.8));
#6874=CARTESIAN_POINT('',(-0.550000000000002,2.05,3.65));
#6875=CARTESIAN_POINT('',(-0.550000000000002,2.2,1.25));
#6876=CARTESIAN_POINT('',(-0.550000000000002,2.2,1.25));
#6877=CARTESIAN_POINT('',(-0.550000000000002,2.075,1.25));
#6878=CARTESIAN_POINT('',(-0.550000000000002,2.075,1.25));
#6879=CARTESIAN_POINT('',(-0.550000000000002,2.075,3.15));
#6880=CARTESIAN_POINT('',(-0.550000000000002,2.075,3.15));
#6881=CARTESIAN_POINT('',(-0.550000000000002,1.2,3.15));
#6882=CARTESIAN_POINT('',(-0.550000000000002,2.075,3.15));
#6883=CARTESIAN_POINT('',(-0.550000000000002,1.2,1.25));
#6884=CARTESIAN_POINT('',(-0.550000000000002,1.2,3.15));
#6885=CARTESIAN_POINT('',(-0.550000000000002,1.,1.25));
#6886=CARTESIAN_POINT('',(-0.550000000000002,1.2,1.25));
#6887=CARTESIAN_POINT('',(-0.550000000000002,1.,3.15));
#6888=CARTESIAN_POINT('',(-0.550000000000002,1.,1.25));
#6889=CARTESIAN_POINT('',(-0.550000000000002,0.0999999999999992,3.15));
#6890=CARTESIAN_POINT('',(-0.550000000000002,0.999999999999998,3.15));
#6891=CARTESIAN_POINT('',(-0.550000000000002,0.1,1.25));
#6892=CARTESIAN_POINT('',(-0.550000000000002,0.1,3.15));
#6893=CARTESIAN_POINT('',(-0.550000000000002,-0.1,1.25));
#6894=CARTESIAN_POINT('',(-0.550000000000002,0.1,1.25));
#6895=CARTESIAN_POINT('',(-0.550000000000002,-0.1,3.15));
#6896=CARTESIAN_POINT('',(-0.550000000000002,-0.1,1.25));
#6897=CARTESIAN_POINT('',(-0.550000000000002,-1.,3.15));
#6898=CARTESIAN_POINT('',(-0.550000000000002,-0.100000000000002,3.15));
#6899=CARTESIAN_POINT('',(-0.550000000000002,-1.,1.25));
#6900=CARTESIAN_POINT('',(-0.550000000000002,-1.,3.15));
#6901=CARTESIAN_POINT('',(-0.550000000000002,-1.2,1.25));
#6902=CARTESIAN_POINT('',(-0.550000000000002,-1.,1.25));
#6903=CARTESIAN_POINT('',(-0.550000000000002,-1.2,3.15));
#6904=CARTESIAN_POINT('',(-0.550000000000002,-1.2,1.25));
#6905=CARTESIAN_POINT('',(-0.550000000000002,-2.075,3.15));
#6906=CARTESIAN_POINT('',(-0.550000000000002,-1.2,3.15));
#6907=CARTESIAN_POINT('',(-0.550000000000002,-2.075,1.25));
#6908=CARTESIAN_POINT('',(-0.550000000000002,-2.075,3.15));
#6909=CARTESIAN_POINT('',(-0.550000000000002,-2.2,1.25));
#6910=CARTESIAN_POINT('',(-0.550000000000002,-2.075,1.25));
#6911=CARTESIAN_POINT('',(-0.550000000000002,-2.2,1.25));
#6912=CARTESIAN_POINT('',(-0.550000000000002,-2.05,3.65));
#6913=CARTESIAN_POINT('',(-0.550000000000002,-2.2,3.65));
#6914=CARTESIAN_POINT('Origin',(-0.550000000000002,-2.05,3.8));
#6915=CARTESIAN_POINT('',(-0.550000000000002,-1.9,3.95));
#6916=CARTESIAN_POINT('',(-0.550000000000002,-1.25,3.65));
#6917=CARTESIAN_POINT('Origin',(-0.550000000000002,-1.25,3.8));
#6918=CARTESIAN_POINT('',(-0.550000000000002,-0.950000000000001,3.65));
#6919=CARTESIAN_POINT('',(-0.550000000000002,-1.25,3.65));
#6920=CARTESIAN_POINT('Origin',(-0.550000000000002,-0.95,3.8));
#6921=CARTESIAN_POINT('',(-0.550000000000002,-0.15,3.65));
#6922=CARTESIAN_POINT('Origin',(-0.550000000000002,-0.15,3.8));
#6923=CARTESIAN_POINT('',(-0.550000000000002,0.149999999999999,3.65));
#6924=CARTESIAN_POINT('',(-0.550000000000002,-0.150000000000001,3.65));
#6925=CARTESIAN_POINT('Origin',(-0.550000000000002,0.15,3.8));
#6926=CARTESIAN_POINT('',(-0.550000000000002,0.95,3.65));
#6927=CARTESIAN_POINT('Origin',(-0.550000000000002,0.95,3.8));
#6928=CARTESIAN_POINT('',(-0.550000000000002,1.25,3.65));
#6929=CARTESIAN_POINT('',(-0.550000000000002,0.95,3.65));
#6930=CARTESIAN_POINT('Origin',(-0.550000000000002,1.25,3.8));
#6931=CARTESIAN_POINT('',(-0.550000000000002,1.4,3.95));
#6932=CARTESIAN_POINT('Origin',(0.550000000000001,-2.2,5.));
#6933=CARTESIAN_POINT('',(0.550000000000001,-2.5,4.05));
#6934=CARTESIAN_POINT('',(0.550000000000001,-2.5,1.95));
#6935=CARTESIAN_POINT('',(0.550000000000001,-2.5,4.05));
#6936=CARTESIAN_POINT('',(0.550000000000001,-2.5,1.95));
#6937=CARTESIAN_POINT('',(0.550000000000001,-2.5,4.05));
#6938=CARTESIAN_POINT('Origin',(-1.4,2.5,5.));
#6939=CARTESIAN_POINT('',(0.550000000000001,2.5,4.05));
#6940=CARTESIAN_POINT('',(0.550000000000001,2.5,1.95));
#6941=CARTESIAN_POINT('',(0.550000000000001,2.5,4.05));
#6942=CARTESIAN_POINT('',(1.4,2.5,1.95));
#6943=CARTESIAN_POINT('',(0.550000000000002,2.5,1.95));
#6944=CARTESIAN_POINT('',(1.4,2.5,1.15));
#6945=CARTESIAN_POINT('',(1.4,2.5,1.95));
#6946=CARTESIAN_POINT('',(-1.05,2.5,1.15));
#6947=CARTESIAN_POINT('',(-1.05,2.5,1.15));
#6948=CARTESIAN_POINT('',(-1.05,2.5,2.22044604925031E-16));
#6949=CARTESIAN_POINT('',(-1.05,2.5,1.15));
#6950=CARTESIAN_POINT('',(-1.4,2.5,0.));
#6951=CARTESIAN_POINT('',(-0.0499999999999987,2.5,1.95));
#6952=CARTESIAN_POINT('',(-1.4,2.5,1.95));
#6953=CARTESIAN_POINT('',(-0.0499999999999989,2.5,4.05));
#6954=CARTESIAN_POINT('',(-0.0499999999999989,2.5,4.05));
#6955=CARTESIAN_POINT('',(0.100000000000001,2.5,4.2));
#6956=CARTESIAN_POINT('Origin',(0.100000000000001,2.5,4.05));
#6957=CARTESIAN_POINT('',(0.400000000000001,2.5,4.2));
#6958=CARTESIAN_POINT('',(0.400000000000001,2.5,4.2));
#6959=CARTESIAN_POINT('Origin',(0.400000000000001,2.5,4.05));
#6960=CARTESIAN_POINT('Origin',(0.550000000000001,-2.2,5.));
#6961=CARTESIAN_POINT('',(0.550000000000001,2.2,1.95));
#6962=CARTESIAN_POINT('',(0.550000000000001,2.2,4.05));
#6963=CARTESIAN_POINT('Origin',(1.4,-3.5,0.));
#6964=CARTESIAN_POINT('',(-0.900000000000002,-3.5,1.));
#6965=CARTESIAN_POINT('',(1.25,-3.5,1.));
#6966=CARTESIAN_POINT('',(-0.900000000000002,-3.5,1.));
#6967=CARTESIAN_POINT('',(-0.900000000000002,-3.5,0.));
#6968=CARTESIAN_POINT('',(-0.900000000000002,-3.5,1.));
#6969=CARTESIAN_POINT('',(1.25,-3.5,0.));
#6970=CARTESIAN_POINT('',(-0.900000000000002,-3.5,0.));
#6971=CARTESIAN_POINT('',(1.25,-3.5,0.));
#6972=CARTESIAN_POINT('Origin',(-1.4,3.5,0.));
#6973=CARTESIAN_POINT('',(1.25,3.5,0.));
#6974=CARTESIAN_POINT('',(-0.900000000000002,3.5,0.));
#6975=CARTESIAN_POINT('',(1.25,3.5,0.));
#6976=CARTESIAN_POINT('',(-0.900000000000002,3.5,1.));
#6977=CARTESIAN_POINT('',(-0.900000000000002,3.5,1.));
#6978=CARTESIAN_POINT('',(1.25,3.5,1.));
#6979=CARTESIAN_POINT('',(-0.900000000000002,3.5,1.));
#6980=CARTESIAN_POINT('',(1.25,3.5,0.));
#6981=CARTESIAN_POINT('Origin',(-0.900000000000002,3.35,0.575));
#6982=CARTESIAN_POINT('',(-1.05,3.35,0.));
#6983=CARTESIAN_POINT('Origin',(-0.900000000000002,3.35,-3.7905385079341E-16));
#6984=CARTESIAN_POINT('',(-1.05,3.35,1.));
#6985=CARTESIAN_POINT('',(-1.05,3.35,1.));
#6986=CARTESIAN_POINT('Origin',(-0.900000000000002,3.35,1.));
#6987=CARTESIAN_POINT('Origin',(-1.05,-3.5,1.));
#6988=CARTESIAN_POINT('',(-1.05,3.35,2.77555756156289E-16));
#6989=CARTESIAN_POINT('',(-1.05,2.65,1.));
#6990=CARTESIAN_POINT('Origin',(-1.05,2.65,1.15));
#6991=CARTESIAN_POINT('',(-1.05,3.35,1.));
#6992=CARTESIAN_POINT('Origin',(-1.4,0.1,3.65));
#6993=CARTESIAN_POINT('',(0.800000000000002,0.1,1.));
#6994=CARTESIAN_POINT('',(-0.799999999999999,0.1,1.));
#6995=CARTESIAN_POINT('',(0.800000000000002,0.1,1.));
#6996=CARTESIAN_POINT('',(0.800000000000002,0.1,0.));
#6997=CARTESIAN_POINT('',(0.800000000000002,0.1,0.));
#6998=CARTESIAN_POINT('',(-0.799999999999999,0.1,0.));
#6999=CARTESIAN_POINT('',(0.800000000000002,0.1,0.));
#7000=CARTESIAN_POINT('',(-0.799999999999999,0.1,0.));
#7001=CARTESIAN_POINT('Origin',(-0.799999999999999,0.1,0.));
#7002=CARTESIAN_POINT('',(-0.799999999999999,0.9,0.));
#7003=CARTESIAN_POINT('',(-0.799999999999999,0.1,0.));
#7004=CARTESIAN_POINT('',(-0.799999999999999,0.9,1.));
#7005=CARTESIAN_POINT('',(-0.799999999999999,0.9,0.));
#7006=CARTESIAN_POINT('',(-0.799999999999999,0.1,1.));
#7007=CARTESIAN_POINT('Origin',(0.800000000000001,0.9,0.));
#7008=CARTESIAN_POINT('',(0.800000000000001,0.9,1.));
#7009=CARTESIAN_POINT('',(-0.799999999999999,0.9,1.));
#7010=CARTESIAN_POINT('',(0.800000000000001,0.9,0.));
#7011=CARTESIAN_POINT('',(-0.799999999999999,0.9,0.));
#7012=CARTESIAN_POINT('',(0.800000000000001,0.9,0.));
#7013=CARTESIAN_POINT('Origin',(0.800000000000001,0.9,0.));
#7014=CARTESIAN_POINT('',(0.800000000000001,0.9,0.));
#7015=CARTESIAN_POINT('',(0.800000000000001,0.9,1.));
#7016=CARTESIAN_POINT('Origin',(-1.4,1.1,3.65));
#7017=CARTESIAN_POINT('',(0.800000000000001,1.1,0.));
#7018=CARTESIAN_POINT('',(0.800000000000001,1.1,1.));
#7019=CARTESIAN_POINT('',(0.800000000000002,1.1,0.));
#7020=CARTESIAN_POINT('',(-0.799999999999999,1.1,0.));
#7021=CARTESIAN_POINT('',(0.800000000000002,1.1,0.));
#7022=CARTESIAN_POINT('',(-0.799999999999999,1.1,1.));
#7023=CARTESIAN_POINT('',(-0.799999999999999,1.1,0.));
#7024=CARTESIAN_POINT('',(0.800000000000002,1.1,1.));
#7025=CARTESIAN_POINT('Origin',(-0.799999999999999,0.1,0.));
#7026=CARTESIAN_POINT('',(-0.799999999999999,1.9,0.));
#7027=CARTESIAN_POINT('',(-0.799999999999999,1.1,0.));
#7028=CARTESIAN_POINT('',(-0.799999999999999,1.9,1.));
#7029=CARTESIAN_POINT('',(-0.799999999999999,1.9,0.));
#7030=CARTESIAN_POINT('',(-0.799999999999999,1.1,1.));
#7031=CARTESIAN_POINT('Origin',(0.800000000000001,1.9,0.));
#7032=CARTESIAN_POINT('',(0.800000000000001,1.9,0.));
#7033=CARTESIAN_POINT('',(-0.799999999999999,1.9,0.));
#7034=CARTESIAN_POINT('',(0.800000000000001,1.9,1.));
#7035=CARTESIAN_POINT('',(0.800000000000001,1.9,0.));
#7036=CARTESIAN_POINT('',(-0.799999999999999,1.9,1.));
#7037=CARTESIAN_POINT('Origin',(0.800000000000001,0.9,0.));
#7038=CARTESIAN_POINT('',(0.800000000000001,1.9,0.));
#7039=CARTESIAN_POINT('',(0.800000000000001,1.9,1.));
#7040=CARTESIAN_POINT('Origin',(-1.4,-1.9,3.65));
#7041=CARTESIAN_POINT('',(0.800000000000001,-1.9,0.));
#7042=CARTESIAN_POINT('',(0.800000000000001,-1.9,1.));
#7043=CARTESIAN_POINT('',(0.800000000000002,-1.9,0.));
#7044=CARTESIAN_POINT('',(-0.799999999999999,-1.9,0.));
#7045=CARTESIAN_POINT('',(0.800000000000002,-1.9,0.));
#7046=CARTESIAN_POINT('',(-0.799999999999999,-1.9,1.));
#7047=CARTESIAN_POINT('',(-0.799999999999999,-1.9,0.));
#7048=CARTESIAN_POINT('',(0.800000000000002,-1.9,1.));
#7049=CARTESIAN_POINT('Origin',(-0.799999999999999,0.1,0.));
#7050=CARTESIAN_POINT('',(-0.799999999999999,-1.1,0.));
#7051=CARTESIAN_POINT('',(-0.799999999999999,-1.9,0.));
#7052=CARTESIAN_POINT('',(-0.799999999999999,-1.1,1.));
#7053=CARTESIAN_POINT('',(-0.799999999999999,-1.1,0.));
#7054=CARTESIAN_POINT('',(-0.799999999999999,-1.9,1.));
#7055=CARTESIAN_POINT('Origin',(0.800000000000001,-1.1,0.));
#7056=CARTESIAN_POINT('',(0.800000000000001,-1.1,0.));
#7057=CARTESIAN_POINT('',(-0.799999999999999,-1.1,0.));
#7058=CARTESIAN_POINT('',(0.800000000000001,-1.1,1.));
#7059=CARTESIAN_POINT('',(0.800000000000001,-1.1,0.));
#7060=CARTESIAN_POINT('',(-0.799999999999999,-1.1,1.));
#7061=CARTESIAN_POINT('Origin',(0.800000000000001,0.9,0.));
#7062=CARTESIAN_POINT('',(0.800000000000001,-1.1,0.));
#7063=CARTESIAN_POINT('',(0.800000000000001,-1.1,1.));
#7064=CARTESIAN_POINT('Origin',(-1.05,0.8,3.95));
#7065=CARTESIAN_POINT('',(-1.,-1.9,3.95));
#7066=CARTESIAN_POINT('Origin',(0.,0.,1.));
#7067=CARTESIAN_POINT('',(1.4,-3.35,1.));
#7068=CARTESIAN_POINT('Origin',(1.25,-3.35,1.));
#7069=CARTESIAN_POINT('',(1.4,-2.65,1.));
#7070=CARTESIAN_POINT('',(1.4,-3.35,1.));
#7071=CARTESIAN_POINT('',(-1.05,-2.65,1.));
#7072=CARTESIAN_POINT('',(-1.05,-2.65,1.));
#7073=CARTESIAN_POINT('',(-1.05,-3.35,1.));
#7074=CARTESIAN_POINT('',(-1.05,-3.35,1.));
#7075=CARTESIAN_POINT('Origin',(-0.900000000000002,-3.35,1.));
#7076=CARTESIAN_POINT('Origin',(0.,0.,1.95));
#7077=CARTESIAN_POINT('',(-1.4,-2.2,1.95));
#7078=CARTESIAN_POINT('',(-0.0499999999999987,-2.5,1.95));
#7079=CARTESIAN_POINT('',(-1.4,-2.5,1.95));
#7080=CARTESIAN_POINT('',(-0.0499999999999989,-2.2,1.95));
#7081=CARTESIAN_POINT('Origin',(0.400000000000001,-2.35,4.05));
#7082=CARTESIAN_POINT('',(0.400000000000001,-2.5,4.2));
#7083=CARTESIAN_POINT('',(0.400000000000001,-2.5,4.2));
#7084=CARTESIAN_POINT('Origin',(0.4,-2.5,4.05));
#7085=CARTESIAN_POINT('Origin',(0.,0.,4.2));
#7086=CARTESIAN_POINT('',(0.100000000000001,-2.5,4.2));
#7087=CARTESIAN_POINT('',(0.100000000000001,-2.2,4.2));
#7088=CARTESIAN_POINT('',(0.100000000000001,-2.5,4.2));
#7089=CARTESIAN_POINT('Origin',(0.400000000000001,2.35,4.05));
#7090=CARTESIAN_POINT('',(0.400000000000001,2.2,4.2));
#7091=CARTESIAN_POINT('Origin',(0.,0.,4.2));
#7092=CARTESIAN_POINT('',(0.100000000000001,2.5,4.2));
#7093=CARTESIAN_POINT('Origin',(-1.25,2.22044604925031E-16,1.3094476287975));
#7094=CARTESIAN_POINT('',(-1.37956683513477,1.2,1.38502828262612));
#7095=CARTESIAN_POINT('Origin',(-1.25000000000001,1.2,1.3094476287975));
#7096=CARTESIAN_POINT('',(-1.37956683513477,2.075,1.38502828262612));
#7097=CARTESIAN_POINT('',(-1.37956683513477,2.075,1.38502828262612));
#7098=CARTESIAN_POINT('Origin',(-1.25000000000001,2.07499999999999,1.3094476287975));
#7099=CARTESIAN_POINT('Origin',(-1.4,0.,1.35));
#7100=CARTESIAN_POINT('',(-1.07043316486524,1.2,1.91497171737388));
#7101=CARTESIAN_POINT('',(-1.37956683513477,1.2,1.38502828262612));
#7102=CARTESIAN_POINT('',(-1.07043316486524,2.075,1.91497171737388));
#7103=CARTESIAN_POINT('',(-1.07043316486524,1.2,1.91497171737388));
#7104=CARTESIAN_POINT('',(-1.07043316486524,2.075,1.91497171737388));
#7105=CARTESIAN_POINT('Origin',(-1.4,1.2,3.65));
#7106=CARTESIAN_POINT('',(-1.05,1.2,1.99055237120249));
#7107=CARTESIAN_POINT('Origin',(-1.2,1.2,1.99055237120249));
#7108=CARTESIAN_POINT('',(-1.4,1.2,1.25));
#7109=CARTESIAN_POINT('',(-1.05,1.2,3.15));
#7110=CARTESIAN_POINT('',(-0.550000000000002,1.2,3.15));
#7111=CARTESIAN_POINT('',(-1.05,1.2,3.15));
#7112=CARTESIAN_POINT('Origin',(-1.05,0.8,3.95));
#7113=CARTESIAN_POINT('',(-1.,1.9,3.95));
#7114=CARTESIAN_POINT('Origin',(-1.,0.,0.));
#7115=CARTESIAN_POINT('Origin',(-1.05,-3.5,1.));
#7116=CARTESIAN_POINT('',(-1.05,0.0999999999999997,1.99055237120249));
#7117=CARTESIAN_POINT('',(-1.05,0.0999999999999997,3.15));
#7118=CARTESIAN_POINT('',(-1.05,0.0999999999999995,1.99055237120249));
#7119=CARTESIAN_POINT('',(-1.05,1.,3.15));
#7120=CARTESIAN_POINT('',(-1.05,1.,3.15));
#7121=CARTESIAN_POINT('',(-1.05,1.,1.99055237120249));
#7122=CARTESIAN_POINT('',(-1.05,1.,3.15));
#7123=CARTESIAN_POINT('',(-1.05,0.0999999999999995,1.99055237120249));
#7124=CARTESIAN_POINT('Origin',(-1.05,-3.5,1.));
#7125=CARTESIAN_POINT('',(-1.05,-2.075,1.99055237120249));
#7126=CARTESIAN_POINT('',(-1.05,-2.075,3.15));
#7127=CARTESIAN_POINT('',(-1.05,-2.075,1.99055237120249));
#7128=CARTESIAN_POINT('',(-1.05,-1.2,3.15));
#7129=CARTESIAN_POINT('',(-1.05,-1.2,3.15));
#7130=CARTESIAN_POINT('',(-1.05,-1.2,1.99055237120249));
#7131=CARTESIAN_POINT('',(-1.05,-1.2,3.15));
#7132=CARTESIAN_POINT('',(-1.05,-2.075,1.99055237120249));
#7133=CARTESIAN_POINT('Origin',(0.,0.,1.));
#7134=CARTESIAN_POINT('Origin',(0.,0.,1.));
#7135=CARTESIAN_POINT('Origin',(0.,0.,1.));
#7136=CARTESIAN_POINT('Origin',(-1.25,2.22044604925031E-16,1.3094476287975));
#7137=CARTESIAN_POINT('',(-1.37956683513477,-2.075,1.38502828262612));
#7138=CARTESIAN_POINT('Origin',(-1.25000000000001,-2.07499999999999,1.3094476287975));
#7139=CARTESIAN_POINT('',(-1.37956683513477,-1.2,1.38502828262612));
#7140=CARTESIAN_POINT('',(-1.37956683513477,-1.2,1.38502828262612));
#7141=CARTESIAN_POINT('Origin',(-1.25000000000001,-1.2,1.3094476287975));
#7142=CARTESIAN_POINT('Origin',(-1.2,-1.6375,1.99055237120249));
#7143=CARTESIAN_POINT('',(-1.07043316486524,-1.2,1.91497171737388));
#7144=CARTESIAN_POINT('Origin',(-1.20000000000001,-1.2,1.99055237120249));
#7145=CARTESIAN_POINT('',(-1.07043316486524,-2.075,1.91497171737388));
#7146=CARTESIAN_POINT('',(-1.07043316486524,-2.075,1.91497171737388));
#7147=CARTESIAN_POINT('Origin',(-1.20000000000001,-2.075,1.99055237120249));
#7148=CARTESIAN_POINT('Origin',(-1.4,0.,1.35));
#7149=CARTESIAN_POINT('',(-1.37956683513477,-1.2,1.38502828262612));
#7150=CARTESIAN_POINT('',(-1.07043316486524,-2.075,1.91497171737388));
#7151=CARTESIAN_POINT('Origin',(-1.25,2.22044604925031E-16,1.3094476287975));
#7152=CARTESIAN_POINT('',(-1.37956683513477,-1.,1.38502828262612));
#7153=CARTESIAN_POINT('Origin',(-1.25000000000001,-0.999999999999968,1.3094476287975));
#7154=CARTESIAN_POINT('',(-1.37956683513477,-0.1,1.38502828262612));
#7155=CARTESIAN_POINT('',(-1.37956683513477,-0.1,1.38502828262612));
#7156=CARTESIAN_POINT('Origin',(-1.25000000000001,-0.100000000000009,1.3094476287975));
#7157=CARTESIAN_POINT('Origin',(-1.4,0.,1.35));
#7158=CARTESIAN_POINT('',(-1.07043316486524,-0.1,1.91497171737388));
#7159=CARTESIAN_POINT('',(-1.37956683513477,-0.1,1.38502828262612));
#7160=CARTESIAN_POINT('',(-1.07043316486524,-1.,1.91497171737388));
#7161=CARTESIAN_POINT('',(-1.37956683513477,-1.,1.38502828262612));
#7162=CARTESIAN_POINT('',(-1.07043316486524,-1.,1.91497171737388));
#7163=CARTESIAN_POINT('Origin',(-1.2,-0.55,1.99055237120249));
#7164=CARTESIAN_POINT('',(-1.05,-0.1,1.99055237120249));
#7165=CARTESIAN_POINT('Origin',(-1.20000000000001,-0.100000000000002,1.99055237120249));
#7166=CARTESIAN_POINT('',(-1.05,-1.,1.99055237120249));
#7167=CARTESIAN_POINT('Origin',(-1.20000000000001,-0.999999999999994,1.99055237120249));
#7168=CARTESIAN_POINT('',(-1.05,-1.,1.99055237120249));
#7169=CARTESIAN_POINT('Origin',(-1.05,-3.5,1.));
#7170=CARTESIAN_POINT('',(-1.05,-1.,3.15));
#7171=CARTESIAN_POINT('',(-1.05,-1.,3.15));
#7172=CARTESIAN_POINT('',(-1.05,-0.100000000000001,3.15));
#7173=CARTESIAN_POINT('',(-1.05,-0.100000000000001,3.15));
#7174=CARTESIAN_POINT('',(-1.05,-0.100000000000001,1.99055237120249));
#7175=CARTESIAN_POINT('Origin',(-1.25,2.22044604925031E-16,1.3094476287975));
#7176=CARTESIAN_POINT('',(-1.37956683513477,0.1,1.38502828262612));
#7177=CARTESIAN_POINT('Origin',(-1.25000000000001,0.100000000000022,1.3094476287975));
#7178=CARTESIAN_POINT('',(-1.37956683513477,1.,1.38502828262612));
#7179=CARTESIAN_POINT('',(-1.37956683513477,1.,1.38502828262612));
#7180=CARTESIAN_POINT('Origin',(-1.25000000000001,0.999999999999994,1.3094476287975));
#7181=CARTESIAN_POINT('Origin',(-1.2,0.55,1.99055237120249));
#7182=CARTESIAN_POINT('',(-1.07043316486524,1.,1.91497171737388));
#7183=CARTESIAN_POINT('Origin',(-1.20000000000001,1.00000000000001,1.99055237120249));
#7184=CARTESIAN_POINT('',(-1.07043316486524,0.1,1.91497171737388));
#7185=CARTESIAN_POINT('',(-1.07043316486524,0.1,1.91497171737388));
#7186=CARTESIAN_POINT('Origin',(-1.20000000000001,0.100000000000001,1.99055237120249));
#7187=CARTESIAN_POINT('Origin',(-1.4,0.,1.35));
#7188=CARTESIAN_POINT('',(-1.37956683513477,1.,1.38502828262612));
#7189=CARTESIAN_POINT('',(-1.37956683513477,0.1,1.38502828262612));
#7190=CARTESIAN_POINT('Origin',(0.550000000000001,-2.2,5.));
#7191=CARTESIAN_POINT('',(-1.4,-2.2,1.25));
#7192=CARTESIAN_POINT('Origin',(-1.4,-0.1,1.25));
#7193=CARTESIAN_POINT('',(-1.4,-2.075,1.25));
#7194=CARTESIAN_POINT('Origin',(0.,-2.075,0.));
#7195=CARTESIAN_POINT('',(-1.05,-2.075,3.15));
#7196=CARTESIAN_POINT('Origin',(-1.05,2.2,3.15));
#7197=CARTESIAN_POINT('',(-0.550000000000002,-1.2,3.15));
#7198=CARTESIAN_POINT('Origin',(-1.4,-1.2,1.25));
#7199=CARTESIAN_POINT('',(-1.4,-1.2,1.25));
#7200=CARTESIAN_POINT('Origin',(-1.4,-0.1,1.25));
#7201=CARTESIAN_POINT('',(-1.4,-1.,1.25));
#7202=CARTESIAN_POINT('Origin',(-1.4,-1.,3.65));
#7203=CARTESIAN_POINT('',(-0.550000000000002,-1.,3.15));
#7204=CARTESIAN_POINT('Origin',(-1.05,2.2,3.15));
#7205=CARTESIAN_POINT('',(-0.550000000000002,-0.100000000000001,3.15));
#7206=CARTESIAN_POINT('Origin',(-1.4,-0.1,1.25));
#7207=CARTESIAN_POINT('',(-1.4,-0.1,1.25));
#7208=CARTESIAN_POINT('Origin',(-1.4,-0.1,1.25));
#7209=CARTESIAN_POINT('',(-1.4,0.1,1.25));
#7210=CARTESIAN_POINT('Origin',(-1.4,0.1,3.65));
#7211=CARTESIAN_POINT('',(-0.550000000000002,0.1,3.15));
#7212=CARTESIAN_POINT('Origin',(-1.05,2.2,3.15));
#7213=CARTESIAN_POINT('',(-0.550000000000002,0.999999999999999,3.15));
#7214=CARTESIAN_POINT('Origin',(-1.4,1.,1.25));
#7215=CARTESIAN_POINT('',(-1.4,1.,1.25));
#7216=CARTESIAN_POINT('Origin',(-1.4,-0.1,1.25));
#7217=CARTESIAN_POINT('Origin',(-1.05,2.2,3.15));
#7218=CARTESIAN_POINT('',(-1.05,2.075,3.15));
#7219=CARTESIAN_POINT('',(-1.05,2.075,3.15));
#7220=CARTESIAN_POINT('',(-1.05,2.075,3.15));
#7221=CARTESIAN_POINT('Origin',(-1.2,1.6375,1.99055237120249));
#7222=CARTESIAN_POINT('',(-1.05,2.075,1.99055237120249));
#7223=CARTESIAN_POINT('Origin',(-1.20000000000001,2.075,1.99055237120249));
#7224=CARTESIAN_POINT('',(-1.05,1.2,1.99055237120249));
#7225=CARTESIAN_POINT('Origin',(-1.05,-3.5,1.));
#7226=CARTESIAN_POINT('',(-1.05,2.075,1.99055237120249));
#7227=CARTESIAN_POINT('Origin',(0.,2.075,0.));
#7228=CARTESIAN_POINT('',(-1.4,2.075,1.25));
#7229=CARTESIAN_POINT('Origin',(-1.4,-0.1,1.25));
#7230=CARTESIAN_POINT('',(-1.4,2.2,1.25));
#7231=CARTESIAN_POINT('Origin',(0.550000000000001,2.2,5.));
#7232=CARTESIAN_POINT('',(-1.4,2.2,1.95));
#7233=CARTESIAN_POINT('Origin',(0.,0.,1.95));
#7234=CARTESIAN_POINT('',(-0.0499999999999989,2.5,1.95));
#7235=CARTESIAN_POINT('Origin',(0.100000000000001,2.35,4.05));
#7236=CARTESIAN_POINT('',(-0.0499999999999989,2.5,4.05));
#7237=CARTESIAN_POINT('Origin',(-0.0499999999999989,-2.5,5.));
#7238=CARTESIAN_POINT('Origin',(-5.55111512312578E-16,2.65,1.15));
#7239=CARTESIAN_POINT('',(1.4,2.65,1.));
#7240=CARTESIAN_POINT('Origin',(1.4,2.65,1.15));
#7241=CARTESIAN_POINT('',(-1.05,2.65,1.));
#7242=CARTESIAN_POINT('Origin',(0.,0.,1.));
#7243=CARTESIAN_POINT('',(1.4,3.35,1.));
#7244=CARTESIAN_POINT('',(1.4,3.35,1.));
#7245=CARTESIAN_POINT('Origin',(1.25,3.35,1.));
#7246=CARTESIAN_POINT('Origin',(0.100000000000001,-2.35,4.05));
#7247=CARTESIAN_POINT('',(-0.0499999999999989,-2.5,4.05));
#7248=CARTESIAN_POINT('Origin',(0.100000000000002,-2.5,4.05));
#7249=CARTESIAN_POINT('',(-0.0499999999999989,-2.2,4.05));
#7250=CARTESIAN_POINT('Origin',(-0.0499999999999989,-2.5,5.));
#7251=CARTESIAN_POINT('',(-0.0499999999999989,-2.5,4.05));
#7252=CARTESIAN_POINT('Origin',(-0.900000000000002,-3.35,0.575));
#7253=CARTESIAN_POINT('',(-1.05,-3.35,0.));
#7254=CARTESIAN_POINT('Origin',(-0.900000000000002,-3.35,1.13716155238023E-15));
#7255=CARTESIAN_POINT('',(-1.05,-3.35,1.));
#7256=CARTESIAN_POINT('Origin',(-1.05,-3.5,1.));
#7257=CARTESIAN_POINT('',(-1.05,-2.5,1.15));
#7258=CARTESIAN_POINT('Origin',(-1.05,-2.65,1.15));
#7259=CARTESIAN_POINT('',(-1.05,-2.5,2.22044604925031E-16));
#7260=CARTESIAN_POINT('',(-1.05,-2.5,2.77555756156289E-16));
#7261=CARTESIAN_POINT('',(-1.05,-3.35,2.77555756156289E-16));
#7262=CARTESIAN_POINT('Origin',(1.25,-3.35,0.975));
#7263=CARTESIAN_POINT('',(1.4,-3.35,0.));
#7264=CARTESIAN_POINT('Origin',(1.25,-3.35,3.7905385079341E-16));
#7265=CARTESIAN_POINT('',(1.4,-3.35,1.11022302462516E-16));
#7266=CARTESIAN_POINT('Origin',(1.25,3.35,0.975));
#7267=CARTESIAN_POINT('',(1.4,3.35,-1.11022302462516E-16));
#7268=CARTESIAN_POINT('',(1.4,3.35,-1.11022302462516E-16));
#7269=CARTESIAN_POINT('Origin',(1.25,3.35,0.));
#7270=CARTESIAN_POINT('Origin',(1.4,-3.5,0.));
#7271=CARTESIAN_POINT('',(1.4,1.75,1.95));
#7272=CARTESIAN_POINT('',(1.4,1.25,1.15));
#7273=CARTESIAN_POINT('Origin',(1.4,1.4,1.15));
#7274=CARTESIAN_POINT('',(1.4,1.25,1.95));
#7275=CARTESIAN_POINT('',(1.4,1.25,1.95));
#7276=CARTESIAN_POINT('',(1.4,0.75,1.95));
#7277=CARTESIAN_POINT('',(1.4,0.25,1.15));
#7278=CARTESIAN_POINT('Origin',(1.4,0.4,1.15));
#7279=CARTESIAN_POINT('',(1.4,0.25,1.95));
#7280=CARTESIAN_POINT('',(1.4,0.25,1.95));
#7281=CARTESIAN_POINT('',(1.4,-0.25,1.95));
#7282=CARTESIAN_POINT('',(1.4,-0.75,1.15));
#7283=CARTESIAN_POINT('Origin',(1.4,-0.6,1.15));
#7284=CARTESIAN_POINT('',(1.4,-0.75,1.95));
#7285=CARTESIAN_POINT('',(1.4,-0.75,1.95));
#7286=CARTESIAN_POINT('',(1.4,-1.25,1.95));
#7287=CARTESIAN_POINT('',(1.4,-1.75,1.15));
#7288=CARTESIAN_POINT('Origin',(1.4,-1.6,1.15));
#7289=CARTESIAN_POINT('',(1.4,-1.75,1.95));
#7290=CARTESIAN_POINT('',(1.4,-1.75,1.95));
#7291=CARTESIAN_POINT('',(1.4,-2.5,1.95));
#7292=CARTESIAN_POINT('',(1.4,-2.5,1.95));
#7293=CARTESIAN_POINT('',(1.4,-2.5,1.15));
#7294=CARTESIAN_POINT('',(1.4,-2.5,1.95));
#7295=CARTESIAN_POINT('Origin',(1.4,-2.65,1.15));
#7296=CARTESIAN_POINT('',(1.4,-3.35,0.));
#7297=CARTESIAN_POINT('Origin',(-5.55111512312578E-16,-2.65,1.15));
#7298=CARTESIAN_POINT('',(-1.05,-2.5,1.15));
#7299=CARTESIAN_POINT('Origin',(-1.4,-2.5,5.));
#7300=CARTESIAN_POINT('',(-1.4,-2.5,0.));
#7301=CARTESIAN_POINT('',(0.550000000000002,-2.5,1.95));
#7302=CARTESIAN_POINT('Origin',(-1.,0.,0.));
#7303=CARTESIAN_POINT('',(-1.,-1.4,4.45));
#7304=CARTESIAN_POINT('Origin',(0.,0.,0.));
#7305=CARTESIAN_POINT('',(0.800000000000002,-0.9,0.));
#7306=CARTESIAN_POINT('',(-0.799999999999999,-0.9,0.));
#7307=CARTESIAN_POINT('',(0.800000000000002,-0.9,0.));
#7308=CARTESIAN_POINT('',(0.800000000000001,-0.1,0.));
#7309=CARTESIAN_POINT('',(0.800000000000001,-0.1,0.));
#7310=CARTESIAN_POINT('',(-0.799999999999999,-0.1,0.));
#7311=CARTESIAN_POINT('',(-0.799999999999999,-0.1,0.));
#7312=CARTESIAN_POINT('',(-0.799999999999999,-0.9,0.));
#7313=CARTESIAN_POINT('Origin',(0.,0.,1.95));
#7314=CARTESIAN_POINT('Origin',(1.225,1.4,1.15));
#7315=CARTESIAN_POINT('',(1.4,1.25,1.15));
#7316=CARTESIAN_POINT('Origin',(1.4,1.25,1.95));
#7317=CARTESIAN_POINT('',(1.05,1.25,1.95));
#7318=CARTESIAN_POINT('Origin',(0.,0.,1.95));
#7319=CARTESIAN_POINT('Origin',(1.225,0.4,1.15));
#7320=CARTESIAN_POINT('',(1.4,0.25,1.15));
#7321=CARTESIAN_POINT('Origin',(1.4,0.25,1.95));
#7322=CARTESIAN_POINT('',(1.05,0.25,1.95));
#7323=CARTESIAN_POINT('Origin',(0.,0.,1.95));
#7324=CARTESIAN_POINT('Origin',(1.225,-0.6,1.15));
#7325=CARTESIAN_POINT('',(1.4,-0.75,1.15));
#7326=CARTESIAN_POINT('Origin',(1.4,-0.75,1.95));
#7327=CARTESIAN_POINT('',(1.05,-0.75,1.95));
#7328=CARTESIAN_POINT('Origin',(0.,0.,1.95));
#7329=CARTESIAN_POINT('Origin',(1.225,-1.6,1.15));
#7330=CARTESIAN_POINT('',(1.4,-1.75,1.15));
#7331=CARTESIAN_POINT('Origin',(1.4,-1.75,1.95));
#7332=CARTESIAN_POINT('',(1.05,-1.75,1.95));
#7333=CARTESIAN_POINT('Origin',(0.,0.,1.95));
#7334=CARTESIAN_POINT('Origin',(-1.05,1.9,4.45));
#7335=CARTESIAN_POINT('Origin',(-0.800000000000002,-0.95,3.8));
#7336=CARTESIAN_POINT('',(-1.05,-0.95,3.65));
#7337=CARTESIAN_POINT('Origin',(-0.800000000000002,-1.25,3.8));
#7338=CARTESIAN_POINT('',(-1.05,-1.25,3.65));
#7339=CARTESIAN_POINT('Origin',(-1.4,0.1,3.65));
#7340=CARTESIAN_POINT('Origin',(-0.800000000000002,0.15,3.8));
#7341=CARTESIAN_POINT('',(-1.05,0.15,3.65));
#7342=CARTESIAN_POINT('Origin',(-0.800000000000002,-0.15,3.8));
#7343=CARTESIAN_POINT('',(-1.05,-0.15,3.65));
#7344=CARTESIAN_POINT('Origin',(-1.4,0.1,3.65));
#7345=CARTESIAN_POINT('Origin',(-0.800000000000002,1.25,3.8));
#7346=CARTESIAN_POINT('',(-1.05,1.25,3.65));
#7347=CARTESIAN_POINT('Origin',(-0.800000000000002,0.95,3.8));
#7348=CARTESIAN_POINT('',(-1.05,0.95,3.65));
#7349=CARTESIAN_POINT('Origin',(-1.4,0.1,3.65));
#7350=CARTESIAN_POINT('Origin',(-0.800000000000002,2.05,3.8));
#7351=CARTESIAN_POINT('',(-1.05,2.05,3.65));
#7352=CARTESIAN_POINT('Origin',(-1.4,0.1,3.65));
#7353=CARTESIAN_POINT('Origin',(-0.800000000000002,-2.05,3.8));
#7354=CARTESIAN_POINT('',(-1.05,-2.05,3.65));
#7355=CARTESIAN_POINT('Origin',(-1.4,0.1,3.65));
#7356=CARTESIAN_POINT('Origin',(-1.4,-0.9,3.65));
#7357=CARTESIAN_POINT('',(0.800000000000001,-0.9,1.));
#7358=CARTESIAN_POINT('',(0.800000000000002,-0.9,0.));
#7359=CARTESIAN_POINT('',(-0.799999999999999,-0.9,1.));
#7360=CARTESIAN_POINT('',(-0.799999999999999,-0.9,0.));
#7361=CARTESIAN_POINT('',(0.800000000000002,-0.9,1.));
#7362=CARTESIAN_POINT('Origin',(0.800000000000001,0.9,0.));
#7363=CARTESIAN_POINT('',(0.800000000000001,-0.1,1.));
#7364=CARTESIAN_POINT('',(0.800000000000001,-0.1,0.));
#7365=CARTESIAN_POINT('',(0.800000000000001,-0.1,1.));
#7366=CARTESIAN_POINT('Origin',(0.800000000000001,-0.1,0.));
#7367=CARTESIAN_POINT('',(-0.799999999999999,-0.1,1.));
#7368=CARTESIAN_POINT('',(-0.799999999999999,-0.1,0.));
#7369=CARTESIAN_POINT('',(-0.799999999999999,-0.1,1.));
#7370=CARTESIAN_POINT('Origin',(-0.799999999999999,0.1,0.));
#7371=CARTESIAN_POINT('',(-0.799999999999999,-0.9,1.));
#7372=CARTESIAN_POINT('Origin',(0.700000000000001,-0.625,5.));
#7373=CARTESIAN_POINT('',(0.150000000000001,-0.625,1.));
#7374=CARTESIAN_POINT('',(0.700000000000001,-0.625,1.));
#7375=CARTESIAN_POINT('',(0.150000000000001,-0.625,5.));
#7376=CARTESIAN_POINT('Origin',(0.,0.,1.));
#7377=CARTESIAN_POINT('',(0.150000000000001,-0.375,1.));
#7378=CARTESIAN_POINT('',(0.150000000000001,-0.375,1.));
#7379=CARTESIAN_POINT('',(0.150000000000001,-0.375,1.));
#7380=CARTESIAN_POINT('Origin',(0.150000000000001,-0.375,5.));
#7381=CARTESIAN_POINT('',(0.150000000000001,-0.375,5.));
#7382=CARTESIAN_POINT('Origin',(0.150000000000001,-0.375,5.));
#7383=CARTESIAN_POINT('',(0.,0.,0.));
#7384=CARTESIAN_POINT('Origin',(-0.304543109109051,0.,0.6));
#7385=CARTESIAN_POINT('',(0.,0.375,0.269281086116926));
#7386=CARTESIAN_POINT('',(0.,-0.375,0.269281086116926));
#7387=CARTESIAN_POINT('Origin',(0.,2.31009904879998E-16,0.6));
#7388=CARTESIAN_POINT('',(-0.604542486164992,-0.375010828587489,0.269261687939778));
#7389=CARTESIAN_POINT('',(2.22044604925031E-16,-0.375,0.269281086116926));
#7390=CARTESIAN_POINT('',(-0.604542486167904,0.375010828587974,0.269261687940196));
#7391=CARTESIAN_POINT('Ctrl Pts',(-0.604542486164993,-0.375010828587489,
0.269261687939778));
#7392=CARTESIAN_POINT('Ctrl Pts',(-0.604567575514476,-0.356020521973645,
0.247703907696093));
#7393=CARTESIAN_POINT('Ctrl Pts',(-0.604575352738925,-0.335319862588431,
0.227953184866133));
#7394=CARTESIAN_POINT('Ctrl Pts',(-0.604574217097837,-0.313248785116243,
0.210194269922939));
#7395=CARTESIAN_POINT('Ctrl Pts',(-0.604573043013883,-0.29043057415614,
0.191834193569304));
#7396=CARTESIAN_POINT('Ctrl Pts',(-0.604562332373237,-0.266147854787749,
0.175602836687415));
#7397=CARTESIAN_POINT('Ctrl Pts',(-0.604548846734672,-0.240777167528224,
0.161648916843557));
#7398=CARTESIAN_POINT('Ctrl Pts',(-0.604534751758919,-0.214260127193865,
0.147064500917532));
#7399=CARTESIAN_POINT('Ctrl Pts',(-0.60451762080196,-0.186554712920008,
0.134967879789891));
#7400=CARTESIAN_POINT('Ctrl Pts',(-0.604502579020708,-0.158088658226743,
0.12547176497932));
#7401=CARTESIAN_POINT('Ctrl Pts',(-0.604487236945637,-0.129054307789456,
0.115786069923444));
#7402=CARTESIAN_POINT('Ctrl Pts',(-0.604474058632342,-0.0992286172616779,
0.108805537966838));
#7403=CARTESIAN_POINT('Ctrl Pts',(-0.604465971786649,-0.069062403176334,
0.104594534142359));
#7404=CARTESIAN_POINT('Ctrl Pts',(-0.604457815615205,-0.0386375844966653,
0.100347430828145));
#7405=CARTESIAN_POINT('Ctrl Pts',(-0.604454833623736,-0.00786624165680204,
0.0989174345617528));
#7406=CARTESIAN_POINT('Ctrl Pts',(-0.604457621813783,0.0227908802268806,
0.100317611727587));
#7407=CARTESIAN_POINT('Ctrl Pts',(-0.604460395409587,0.0532875333116844,
0.10171045993577));
#7408=CARTESIAN_POINT('Ctrl Pts',(-0.604468879611039,0.0836713170528264,
0.105903945902556));
#7409=CARTESIAN_POINT('Ctrl Pts',(-0.604481329153614,0.11348811715811,0.11285962887194));
#7410=CARTESIAN_POINT('Ctrl Pts',(-0.604493405621368,0.142411398702346,
0.119606871236833));
#7411=CARTESIAN_POINT('Ctrl Pts',(-0.604509214071924,0.170801246229669,
0.128953258127696));
#7412=CARTESIAN_POINT('Ctrl Pts',(-0.604524962432678,0.198240859479049,
0.140815322930785));
#7413=CARTESIAN_POINT('Ctrl Pts',(-0.604540336748586,0.225028744838701,
0.152395647667362));
#7414=CARTESIAN_POINT('Ctrl Pts',(-0.6045556631742,0.250910958832518,0.166373774315768));
#7415=CARTESIAN_POINT('Ctrl Pts',(-0.604565204624537,0.275497186990878,
0.182623448843609));
#7416=CARTESIAN_POINT('Ctrl Pts',(-0.604574364663263,0.299100600950932,
0.198223556030703));
#7417=CARTESIAN_POINT('Ctrl Pts',(-0.604578198727829,0.321509401547754,
0.215917360785112));
#7418=CARTESIAN_POINT('Ctrl Pts',(-0.604569468188612,0.342377427183835,
0.235545579488518));
#7419=CARTESIAN_POINT('Ctrl Pts',(-0.604564718748183,0.3537296978942,0.246223391379741));
#7420=CARTESIAN_POINT('Ctrl Pts',(-0.604556212451898,0.364625988321979,
0.257472825642606));
#7421=CARTESIAN_POINT('Ctrl Pts',(-0.604542486167905,0.375010828587974,
0.269261687940196));
#7422=CARTESIAN_POINT('',(-4.44089209850063E-16,0.375,0.269281086116926));
#7423=CARTESIAN_POINT('Origin',(-2.,-0.3,0.335424868893541));
#7424=CARTESIAN_POINT('',(-0.605347804331836,-0.4,0.335424868893541));
#7425=CARTESIAN_POINT('Origin',(-0.604944855568786,-0.299919177576349,0.335423731339688));
#7426=CARTESIAN_POINT('',(0.,-0.4,0.335424868893541));
#7427=CARTESIAN_POINT('Origin',(0.,-0.3,0.335424868893541));
#7428=CARTESIAN_POINT('',(0.,-0.4,0.335424868893541));
#7429=CARTESIAN_POINT('Origin',(-2.,0.3,0.335424868893541));
#7430=CARTESIAN_POINT('',(-0.605347804331837,0.4,0.335424868893541));
#7431=CARTESIAN_POINT('Origin',(-0.604944855568784,0.299919177576349,0.335423731339688));
#7432=CARTESIAN_POINT('',(-1.11022302462516E-16,0.4,0.335424868893541));
#7433=CARTESIAN_POINT('',(0.,0.4,0.335424868893541));
#7434=CARTESIAN_POINT('Origin',(-6.87597302364463E-15,0.3,0.335424868893541));
#7435=CARTESIAN_POINT('Origin',(-3.39772844544548,0.,0.5));
#7436=CARTESIAN_POINT('',(-2.8031485611274,-0.375000000370343,0.16929691001296));
#7437=CARTESIAN_POINT('',(-2.80314848238244,0.375000000323191,0.169296911747651));
#7438=CARTESIAN_POINT('Ctrl Pts',(-2.80314750552259,-0.375,0.169281086116926));
#7439=CARTESIAN_POINT('Ctrl Pts',(-2.80214550536503,-0.356006273838158,
0.147744225019199));
#7440=CARTESIAN_POINT('Ctrl Pts',(-2.80124260560143,-0.335302544522314,
0.12801320403351));
#7441=CARTESIAN_POINT('Ctrl Pts',(-2.80043882247666,-0.313229060078631,
0.110272459374171));
#7442=CARTESIAN_POINT('Ctrl Pts',(-2.79960756289755,-0.290401017509996,
0.0919252666001463));
#7443=CARTESIAN_POINT('Ctrl Pts',(-2.79888231216863,-0.266108231591901,
0.0757065218059751));
#7444=CARTESIAN_POINT('Ctrl Pts',(-2.7982630882583,-0.240727686411022,0.0617646967721598));
#7445=CARTESIAN_POINT('Ctrl Pts',(-2.79761552317552,-0.21418550261185,0.0471847703006753));
#7446=CARTESIAN_POINT('Ctrl Pts',(-2.79708391246832,-0.186453840315476,
0.0350948555092686));
#7447=CARTESIAN_POINT('Ctrl Pts',(-2.79666827668691,-0.157961402661513,
0.0256075514205486));
#7448=CARTESIAN_POINT('Ctrl Pts',(-2.79624421075698,-0.128891066058539,
0.0159278207262707));
#7449=CARTESIAN_POINT('Ctrl Pts',(-2.79594087199444,-0.0990287481795982,
0.00895713084995717));
#7450=CARTESIAN_POINT('Ctrl Pts',(-2.79575828222547,-0.0688265252886202,
0.00475974576303367));
#7451=CARTESIAN_POINT('Ctrl Pts',(-2.79557410498607,-0.0383617184860993,
0.000525867806086861));
#7452=CARTESIAN_POINT('Ctrl Pts',(-2.7955127854973,-0.00755092472684484,
-0.00088638276089675));
#7453=CARTESIAN_POINT('Ctrl Pts',(-2.7955743461596,0.0231437320668087,0.000535919543737495));
#7454=CARTESIAN_POINT('Ctrl Pts',(-2.79563557476766,0.0536728238716187,
0.00195055004194687));
#7455=CARTESIAN_POINT('Ctrl Pts',(-2.7958183614868,0.0840871958257648,0.0061692526350273));
#7456=CARTESIAN_POINT('Ctrl Pts',(-2.7961227283569,0.113931543816386,0.0131534088405105));
#7457=CARTESIAN_POINT('Ctrl Pts',(-2.79641780994084,0.142865433611907,0.0199245001716952));
#7458=CARTESIAN_POINT('Ctrl Pts',(-2.79682716676257,0.171263630989538,0.0292949049901551));
#7459=CARTESIAN_POINT('Ctrl Pts',(-2.79735081890579,0.198708793959748,0.041181064903526));
#7460=CARTESIAN_POINT('Ctrl Pts',(-2.79786185314118,0.22549263902776,0.0527808162301581));
#7461=CARTESIAN_POINT('Ctrl Pts',(-2.79848174094582,0.251368788428757,0.0667767541112434));
#7462=CARTESIAN_POINT('Ctrl Pts',(-2.7992105009863,0.275946628736349,0.0830426183780364));
#7463=CARTESIAN_POINT('Ctrl Pts',(-2.79990985978279,0.299532895632556,0.0986522492932295));
#7464=CARTESIAN_POINT('Ctrl Pts',(-2.80070948329409,0.321923330889699,0.116352473928807));
#7465=CARTESIAN_POINT('Ctrl Pts',(-2.80160938801746,0.342771690492789,0.135984109966727));
#7466=CARTESIAN_POINT('Ctrl Pts',(-2.80209309379545,0.353977845700139,0.146536266808003));
#7467=CARTESIAN_POINT('Ctrl Pts',(-2.80260577227964,0.364738465396705,0.157645599561125));
#7468=CARTESIAN_POINT('Ctrl Pts',(-2.80314742603192,0.375,0.169281086116926));
#7469=CARTESIAN_POINT('',(-3.95767972658785,-0.375000000146345,0.169281086282866));
#7470=CARTESIAN_POINT('',(-2.80314750552259,-0.375,0.169281086116926));
#7471=CARTESIAN_POINT('',(-3.95767972428394,0.374999995012445,0.16928108046206));
#7472=CARTESIAN_POINT('Origin',(-3.875,0.,0.5));
#7473=CARTESIAN_POINT('',(-2.80314742603192,0.375,0.169281086116926));
#7474=CARTESIAN_POINT('Origin',(-2.,-0.3,0.235424868893541));
#7475=CARTESIAN_POINT('',(-3.94114378277662,-0.4,0.235424868893541));
#7476=CARTESIAN_POINT('Origin',(-3.94116559541011,-0.300374245251132,0.235306564138223));
#7477=CARTESIAN_POINT('',(-2.80534780433184,-0.4,0.235424868893541));
#7478=CARTESIAN_POINT('Origin',(-2.80425328371892,-0.300005431537567,0.235454314807394));
#7479=CARTESIAN_POINT('',(-2.80534780433184,-0.4,0.235424868893541));
#7480=CARTESIAN_POINT('Origin',(-2.,0.3,0.235424868893541));
#7481=CARTESIAN_POINT('',(-3.94114378277662,0.4,0.235424868893541));
#7482=CARTESIAN_POINT('Origin',(-3.94116550184063,0.300374633520788,0.235306455545669));
#7483=CARTESIAN_POINT('',(-2.80534780433184,0.4,0.235424868893541));
#7484=CARTESIAN_POINT('',(-2.80534780433184,0.4,0.235424868893541));
#7485=CARTESIAN_POINT('Origin',(-2.8042532442971,0.300005434441582,0.235454317302195));
#7486=CARTESIAN_POINT('Origin',(-1.72043461892199,0.,0.54958741608412));
#7487=CARTESIAN_POINT('',(-0.604542414219998,-0.375,0.269249399662455));
#7488=CARTESIAN_POINT('',(-0.604542478943423,0.375,0.269249396720481));
#7489=CARTESIAN_POINT('Origin',(-2.,-0.3,0.272031587272261));
#7490=CARTESIAN_POINT('',(-0.605347804331837,-0.4,0.335424868893541));
#7491=CARTESIAN_POINT('Origin',(-2.,0.3,0.272031587272261));
#7492=CARTESIAN_POINT('',(-0.605347804331837,0.4,0.335424868893541));
#7493=CARTESIAN_POINT('Origin',(0.,0.,0.));
#7494=CARTESIAN_POINT('',(0.,0.4,0.615877081723988));
#7495=CARTESIAN_POINT('',(0.,0.4,0.335424868893541));
#7496=CARTESIAN_POINT('',(0.,0.0944444444444407,1.07651941371789));
#7497=CARTESIAN_POINT('Origin',(0.,-0.0999999999999998,0.615877081723988));
#7498=CARTESIAN_POINT('',(0.,0.0249999999999998,1.0304551805185));
#7499=CARTESIAN_POINT('Origin',(0.,0.0749999999999999,1.0304551805185));
#7500=CARTESIAN_POINT('',(0.,0.025,0.941869858279434));
#7501=CARTESIAN_POINT('',(0.,0.025,0.941869858279434));
#7502=CARTESIAN_POINT('',(0.,0.0642857142857143,0.893031307096658));
#7503=CARTESIAN_POINT('Origin',(0.,0.075,0.941869858279434));
#7504=CARTESIAN_POINT('',(0.,-0.0642857142857142,0.893031307096658));
#7505=CARTESIAN_POINT('Origin',(0.,-2.77555756156289E-17,0.600000000000001));
#7506=CARTESIAN_POINT('',(0.,-0.0249999999999999,0.941869858279434));
#7507=CARTESIAN_POINT('Origin',(0.,-0.075,0.941869858279434));
#7508=CARTESIAN_POINT('',(0.,-0.025,1.0304551805185));
#7509=CARTESIAN_POINT('',(0.,-0.025,1.0304551805185));
#7510=CARTESIAN_POINT('',(0.,-0.0944444444444409,1.07651941371789));
#7511=CARTESIAN_POINT('Origin',(0.,-0.075,1.0304551805185));
#7512=CARTESIAN_POINT('',(0.,-0.400000000000083,0.615877081723989));
#7513=CARTESIAN_POINT('Origin',(0.,0.1,0.615877081723989));
#7514=CARTESIAN_POINT('',(0.,-0.4,0.615877081723988));
#7515=CARTESIAN_POINT('Origin',(0.,-0.4,1.3));
#7516=CARTESIAN_POINT('',(-3.90435875586051,-0.4,0.382564976557974));
#7517=CARTESIAN_POINT('',(-3.94114378277661,-0.4,0.235424868893541));
#7518=CARTESIAN_POINT('',(-1.57570023114662,-0.4,0.615877081723988));
#7519=CARTESIAN_POINT('',(-1.11022302462516E-16,-0.4,0.615877081723988));
#7520=CARTESIAN_POINT('',(-2.8,-0.4,0.400000000000001));
#7521=CARTESIAN_POINT('',(-2.8,-0.4,0.400000000000001));
#7522=CARTESIAN_POINT('',(-2.8,-0.4,0.506076898795117));
#7523=CARTESIAN_POINT('',(-2.8,-0.4,0.506076898795117));
#7524=CARTESIAN_POINT('',(-2.7766044443119,-0.4,0.570355659763771));
#7525=CARTESIAN_POINT('Origin',(-2.7,-0.4,0.506076898795119));
#7526=CARTESIAN_POINT('',(-2.5233955556881,-0.4,0.872118262457967));
#7527=CARTESIAN_POINT('',(-2.5233955556881,-0.4,0.872118262457967));
#7528=CARTESIAN_POINT('',(-2.5,-0.4,0.936397023426621));
#7529=CARTESIAN_POINT('Origin',(-2.6,-0.4,0.936397023426621));
#7530=CARTESIAN_POINT('',(-2.5,-0.4,1.3));
#7531=CARTESIAN_POINT('',(-2.5,-0.4,1.3));
#7532=CARTESIAN_POINT('',(-4.,-0.4,1.3));
#7533=CARTESIAN_POINT('',(-2.5,-0.4,1.3));
#7534=CARTESIAN_POINT('',(-3.90198463240768,-0.4,0.417861691669092));
#7535=CARTESIAN_POINT('',(-4.,-0.4,1.3));
#7536=CARTESIAN_POINT('Origin',(-4.00137300587505,-0.4,0.406818539061609));
#7537=CARTESIAN_POINT('Origin',(0.,0.4,0.));
#7538=CARTESIAN_POINT('',(-3.90435875586051,0.4,0.382564976557974));
#7539=CARTESIAN_POINT('',(-3.90435875586051,0.4,0.382564976557974));
#7540=CARTESIAN_POINT('',(-3.90198463240768,0.4,0.417861691669093));
#7541=CARTESIAN_POINT('Origin',(-4.00137300587505,0.4,0.406818539061609));
#7542=CARTESIAN_POINT('',(-4.,0.4,1.3));
#7543=CARTESIAN_POINT('',(-4.,0.4,1.3));
#7544=CARTESIAN_POINT('',(-2.5,0.4,1.3));
#7545=CARTESIAN_POINT('',(-2.5,0.4,1.3));
#7546=CARTESIAN_POINT('',(-2.5,0.4,0.936397023426621));
#7547=CARTESIAN_POINT('',(-2.5,0.4,0.936397023426621));
#7548=CARTESIAN_POINT('',(-2.5233955556881,0.4,0.872118262457967));
#7549=CARTESIAN_POINT('Origin',(-2.6,0.4,0.936397023426621));
#7550=CARTESIAN_POINT('',(-2.7766044443119,0.4,0.570355659763771));
#7551=CARTESIAN_POINT('',(-2.7766044443119,0.4,0.570355659763771));
#7552=CARTESIAN_POINT('',(-2.8,0.4,0.506076898795117));
#7553=CARTESIAN_POINT('Origin',(-2.7,0.4,0.506076898795119));
#7554=CARTESIAN_POINT('',(-2.8,0.4,0.400000000000001));
#7555=CARTESIAN_POINT('',(-2.8,0.4,0.400000000000001));
#7556=CARTESIAN_POINT('',(-1.57570023114662,0.4,0.615877081723988));
#7557=CARTESIAN_POINT('',(-1.57570023114662,0.4,0.615877081723988));
#7558=CARTESIAN_POINT('',(0.,0.4,0.615877081723988));
#7559=CARTESIAN_POINT('Origin',(-0.45,0.,0.6));
#7560=CARTESIAN_POINT('',(-0.6,0.0642857142857144,0.893031307096658));
#7561=CARTESIAN_POINT('',(-1.11022302462516E-16,0.0642857142857143,0.893031307096658));
#7562=CARTESIAN_POINT('',(-0.6,0.267897850764853,0.735021263346084));
#7563=CARTESIAN_POINT('Origin',(-0.6,1.11022302462516E-16,0.600000000000001));
#7564=CARTESIAN_POINT('',(-0.9,0.267897850764853,0.735021263346084));
#7565=CARTESIAN_POINT('',(-0.9,0.267897850764853,0.735021263346084));
#7566=CARTESIAN_POINT('',(-0.9,-0.267897850764853,0.735021263346084));
#7567=CARTESIAN_POINT('Origin',(-0.9,-1.11022302462516E-16,0.6));
#7568=CARTESIAN_POINT('',(-0.6,-0.267897850764853,0.735021263346084));
#7569=CARTESIAN_POINT('',(-0.9,-0.267897850764853,0.735021263346084));
#7570=CARTESIAN_POINT('',(-0.6,-0.0642857142857143,0.893031307096658));
#7571=CARTESIAN_POINT('Origin',(-0.6,-1.94289029309402E-16,0.600000000000001));
#7572=CARTESIAN_POINT('',(-1.11022302462516E-16,-0.0642857142857142,0.893031307096658));
#7573=CARTESIAN_POINT('Origin',(-0.45,-0.075,0.941869858279434));
#7574=CARTESIAN_POINT('',(-0.6,-0.0249999999999999,0.941869858279434));
#7575=CARTESIAN_POINT('Origin',(-0.599999999999999,-0.075,0.941869858279434));
#7576=CARTESIAN_POINT('',(1.11022302462516E-16,-0.0249999999999999,0.941869858279434));
#7577=CARTESIAN_POINT('Origin',(0.,-0.025,1.1));
#7578=CARTESIAN_POINT('',(-0.6,-0.025,1.0304551805185));
#7579=CARTESIAN_POINT('',(-0.6,-0.025,1.0304551805185));
#7580=CARTESIAN_POINT('',(1.11022302462516E-16,-0.025,1.0304551805185));
#7581=CARTESIAN_POINT('Origin',(-0.9,0.4,0.735021263346084));
#7582=CARTESIAN_POINT('',(-0.9,-0.385597224030101,0.735021263346084));
#7583=CARTESIAN_POINT('',(-0.9,-0.267897850764853,0.735021263346084));
#7584=CARTESIAN_POINT('',(-0.600000000000003,-0.385597252880504,0.735021260383066));
#7585=CARTESIAN_POINT('',(-0.6,-0.385597280379511,0.735021263346084));
#7586=CARTESIAN_POINT('',(-0.6,-0.267897850764853,0.735021263346084));
#7587=CARTESIAN_POINT('Origin',(-0.6,0.4,0.735021263346084));
#7588=CARTESIAN_POINT('',(-0.6,-0.0944444444444408,1.07651941371789));
#7589=CARTESIAN_POINT('Origin',(-0.6,0.100000000000001,0.615877081723988));
#7590=CARTESIAN_POINT('Origin',(-0.6,-0.075,1.0304551805185));
#7591=CARTESIAN_POINT('Origin',(-0.9,0.4,0.735021263346084));
#7592=CARTESIAN_POINT('',(-0.600000000000003,0.385597252880504,0.735021260383066));
#7593=CARTESIAN_POINT('',(-0.6,0.385597280379511,0.735021263346084));
#7594=CARTESIAN_POINT('',(-0.9,0.385597224030101,0.735021263346084));
#7595=CARTESIAN_POINT('',(-0.9,0.385597224030101,0.735021263346084));
#7596=CARTESIAN_POINT('',(-0.9,0.385597224030101,0.735021263346084));
#7597=CARTESIAN_POINT('Origin',(-0.787850115573523,-0.075,1.0304551805185));
#7598=CARTESIAN_POINT('',(3.33066907387547E-16,-0.0944444444444409,1.07651941371789));
#7599=CARTESIAN_POINT('Origin',(-2.,0.1,0.615877081723988));
#7600=CARTESIAN_POINT('Ctrl Pts',(-0.9,-0.385597224030046,0.735021263346071));
#7601=CARTESIAN_POINT('Ctrl Pts',(-1.1250842962686,-0.395319131169973,0.695332897131663));
#7602=CARTESIAN_POINT('Ctrl Pts',(-1.35041427786141,-0.399985164258619,
0.655601143374169));
#7603=CARTESIAN_POINT('Ctrl Pts',(-1.57570023114662,-0.400000000000083,
0.615877081723988));
#7604=CARTESIAN_POINT('Origin',(-0.6,0.4,0.735021263346084));
#7605=CARTESIAN_POINT('',(-0.6,0.025,0.941869858279434));
#7606=CARTESIAN_POINT('Origin',(-0.6,0.0750000000000001,0.941869858279434));
#7607=CARTESIAN_POINT('',(-0.6,0.0249999999999998,1.0304551805185));
#7608=CARTESIAN_POINT('',(-0.6,0.025,1.0304551805185));
#7609=CARTESIAN_POINT('',(-0.6,0.0944444444444407,1.07651941371789));
#7610=CARTESIAN_POINT('Origin',(-0.6,0.0749999999999999,1.0304551805185));
#7611=CARTESIAN_POINT('Origin',(-0.6,-0.1,0.615877081723988));
#7612=CARTESIAN_POINT('Origin',(-2.,-0.1,0.615877081723988));
#7613=CARTESIAN_POINT('Ctrl Pts',(-0.9,0.385597224030046,0.735021263346071));
#7614=CARTESIAN_POINT('Ctrl Pts',(-1.12508429626861,0.395319131169974,0.695332897131663));
#7615=CARTESIAN_POINT('Ctrl Pts',(-1.35041427786144,0.399985164258619,0.655601143374164));
#7616=CARTESIAN_POINT('Ctrl Pts',(-1.57570023114662,0.400000000000083,0.615877081723988));
#7617=CARTESIAN_POINT('',(1.33226762955019E-15,0.0944444444444405,1.07651941371789));
#7618=CARTESIAN_POINT('Origin',(-0.45,0.075,0.941869858279434));
#7619=CARTESIAN_POINT('',(-5.55111512312578E-17,0.025,0.941869858279434));
#7620=CARTESIAN_POINT('Origin',(-0.787850115573517,0.0749999999999998,1.0304551805185));
#7621=CARTESIAN_POINT('',(-1.11022302462516E-16,0.0249999999999998,1.0304551805185));
#7622=CARTESIAN_POINT('Origin',(0.,0.025,0.898956518612228));
#7623=CARTESIAN_POINT('Origin',(-0.45,0.,0.6));
#7624=CARTESIAN_POINT('',(-1.,-0.3,0.335424868893541));
#7625=CARTESIAN_POINT('',(-0.605347804331837,-0.3,0.335424868893541));
#7626=CARTESIAN_POINT('',(-1.,-0.3,0.335424868893542));
#7627=CARTESIAN_POINT('',(-1.,0.3,0.335424868893542));
#7628=CARTESIAN_POINT('Origin',(-1.,-7.79309529909179E-18,0.6));
#7629=CARTESIAN_POINT('',(-0.605347804331835,0.3,0.335424868893541));
#7630=CARTESIAN_POINT('',(-0.605347804331835,0.3,0.335424868893542));
#7631=CARTESIAN_POINT('Ctrl Pts',(-0.605347804331837,-0.3,0.335424868893541));
#7632=CARTESIAN_POINT('Ctrl Pts',(-0.604944017993647,-0.283916632435865,
0.317187568207562));
#7633=CARTESIAN_POINT('Ctrl Pts',(-0.604569836712904,-0.26630971484692,
0.300579631639351));
#7634=CARTESIAN_POINT('Ctrl Pts',(-0.60423282515887,-0.247504099631014,
0.285767455366817));
#7635=CARTESIAN_POINT('Ctrl Pts',(-0.603872023568995,-0.227370974261083,
0.269909670419467));
#7636=CARTESIAN_POINT('Ctrl Pts',(-0.60355382291401,-0.205864233907326,
0.25611008598121));
#7637=CARTESIAN_POINT('Ctrl Pts',(-0.603284710112034,-0.183379138927196,
0.24451138167687));
#7638=CARTESIAN_POINT('Ctrl Pts',(-0.603008544681356,-0.160304777940163,
0.232608710581343));
#7639=CARTESIAN_POINT('Ctrl Pts',(-0.602784055010687,-0.136200165521782,
0.223023376693645));
#7640=CARTESIAN_POINT('Ctrl Pts',(-0.602615601185176,-0.1114862847394,0.21585126668463));
#7641=CARTESIAN_POINT('Ctrl Pts',(-0.602443060533942,-0.0861728252691371,
0.208505155500064));
#7642=CARTESIAN_POINT('Ctrl Pts',(-0.60232929672785,-0.0602200175287565,
0.203690541607239));
#7643=CARTESIAN_POINT('Ctrl Pts',(-0.602276486402217,-0.034074664057397,
0.201455273155976));
#7644=CARTESIAN_POINT('Ctrl Pts',(-0.602223303738463,-0.00774497330583607,
0.199204244990189));
#7645=CARTESIAN_POINT('Ctrl Pts',(-0.602231933072257,0.0187802866552378,
0.199568973389111));
#7646=CARTESIAN_POINT('Ctrl Pts',(-0.602302211821191,0.0450467779358909,
0.202545842906829));
#7647=CARTESIAN_POINT('Ctrl Pts',(-0.602370524518014,0.0705784625867421,
0.205439434325684));
#7648=CARTESIAN_POINT('Ctrl Pts',(-0.602497083252566,0.0958659115765471,
0.210801010219124));
#7649=CARTESIAN_POINT('Ctrl Pts',(-0.602679556856408,0.120489521697973,
0.218579249400895));
#7650=CARTESIAN_POINT('Ctrl Pts',(-0.602857054362299,0.144441640199391,
0.226145374176889));
#7651=CARTESIAN_POINT('Ctrl Pts',(-0.603087467678284,0.167765745354362,
0.235998351086497));
#7652=CARTESIAN_POINT('Ctrl Pts',(-0.603366502593491,0.190070672525986,
0.248043674834231));
#7653=CARTESIAN_POINT('Ctrl Pts',(-0.603631124505888,0.211223482308497,
0.259466820941999));
#7654=CARTESIAN_POINT('Ctrl Pts',(-0.603939479813563,0.231459601999422,
0.272861789913348));
#7655=CARTESIAN_POINT('Ctrl Pts',(-0.604285856509959,0.250440733011973,
0.288102889751264));
#7656=CARTESIAN_POINT('Ctrl Pts',(-0.604608926366242,0.268144670176615,
0.302318453284968));
#7657=CARTESIAN_POINT('Ctrl Pts',(-0.604965072629905,0.28475662292623,0.31814005430596));
#7658=CARTESIAN_POINT('Ctrl Pts',(-0.605347804331837,0.3,0.335424868893541));
#7659=CARTESIAN_POINT('Origin',(-1.,0.,0.));
#7660=CARTESIAN_POINT('',(-1.,0.0749999999999999,0.615845904086663));
#7661=CARTESIAN_POINT('',(-1.,0.025,0.66661723468095));
#7662=CARTESIAN_POINT('Origin',(-1.00000000000169,0.075000681376791,0.66661804913689));
#7663=CARTESIAN_POINT('',(-0.999999999432591,0.3,0.615845904771651));
#7664=CARTESIAN_POINT('',(-1.,0.0749999999999999,0.615845904086663));
#7665=CARTESIAN_POINT('',(-1.,0.3,0.615877081723988));
#7666=CARTESIAN_POINT('',(-1.,-0.300000000000042,0.615845904086663));
#7667=CARTESIAN_POINT('',(-1.,-0.3,0.335424868893542));
#7668=CARTESIAN_POINT('',(-1.,-0.0750000000000001,0.615845904086663));
#7669=CARTESIAN_POINT('',(-1.,-0.300000000000042,0.615845904086663));
#7670=CARTESIAN_POINT('',(-1.,-0.025,0.66661723468095));
#7671=CARTESIAN_POINT('Origin',(-1.00000000000169,-0.0750006813767899,0.66661804913689));
#7672=CARTESIAN_POINT('',(-1.,-0.0249999999999997,0.615845904086663));
#7673=CARTESIAN_POINT('',(-1.,-0.025,0.66661723468095));
#7674=CARTESIAN_POINT('',(-0.9999999997471,0.0250000000000003,0.61584590438614));
#7675=CARTESIAN_POINT('',(-1.,-0.0249999999999997,0.615845904086663));
#7676=CARTESIAN_POINT('',(-1.,0.0250000000000001,0.615845904086663));
#7677=CARTESIAN_POINT('Origin',(-1.72043461892199,0.,0.54958741608412));
#7678=CARTESIAN_POINT('',(-2.80534780433184,0.3,0.235424868893541));
#7679=CARTESIAN_POINT('',(-2.80534780433184,0.3,0.235424868893541));
#7680=CARTESIAN_POINT('',(-2.80534780433184,-0.3,0.235424868893541));
#7681=CARTESIAN_POINT('Ctrl Pts',(-2.80534780433184,-0.3,0.235424868893541));
#7682=CARTESIAN_POINT('Ctrl Pts',(-2.80492318075372,-0.283915409397323,
0.217186657461411));
#7683=CARTESIAN_POINT('Ctrl Pts',(-2.80454294330957,-0.266308450839605,
0.200579277446435));
#7684=CARTESIAN_POINT('Ctrl Pts',(-2.80420709175735,-0.247504363930703,
0.185768254571155));
#7685=CARTESIAN_POINT('Ctrl Pts',(-2.803847447302,-0.227368129484775,0.169907966834481));
#7686=CARTESIAN_POINT('Ctrl Pts',(-2.80353870040747,-0.205859431504908,
0.156107522102317));
#7687=CARTESIAN_POINT('Ctrl Pts',(-2.80328085077653,-0.183373693180756,
0.144508665859138));
#7688=CARTESIAN_POINT('Ctrl Pts',(-2.80301577952377,-0.16025819440989,0.132584959224845));
#7689=CARTESIAN_POINT('Ctrl Pts',(-2.80280449642838,-0.136110207845494,
0.122987477272371));
#7690=CARTESIAN_POINT('Ctrl Pts',(-2.80264700116748,-0.111352581234636,
0.115811761434081));
#7691=CARTESIAN_POINT('Ctrl Pts',(-2.80248555668541,-0.08597415281258,0.108456113267903));
#7692=CARTESIAN_POINT('Ctrl Pts',(-2.80238063133639,-0.0599549529461232,
0.103644960117578));
#7693=CARTESIAN_POINT('Ctrl Pts',(-2.80233222477261,-0.0337444625655654,
0.101425902439507));
#7694=CARTESIAN_POINT('Ctrl Pts',(-2.80228346684739,-0.0073437220376238,
0.0991907376209677));
#7695=CARTESIAN_POINT('Ctrl Pts',(-2.80229205117403,0.0192514168921615,
0.0995853448053235));
#7696=CARTESIAN_POINT('Ctrl Pts',(-2.8023579773971,0.0455837127839811,0.102605831536461));
#7697=CARTESIAN_POINT('Ctrl Pts',(-2.80242198921409,0.0711513553269837,
0.105538607522454));
#7698=CARTESIAN_POINT('Ctrl Pts',(-2.80254006102228,0.0964714729773669,
0.110946920873041));
#7699=CARTESIAN_POINT('Ctrl Pts',(-2.80271219249631,0.12112299010206,0.118779301101401));
#7700=CARTESIAN_POINT('Ctrl Pts',(-2.8028794875392,0.145081865941268,0.126391612524975));
#7701=CARTESIAN_POINT('Ctrl Pts',(-2.80309784706357,0.168409308392676,0.136293888558898));
#7702=CARTESIAN_POINT('Ctrl Pts',(-2.80336727077074,0.190713420655397,0.148391707745796));
#7703=CARTESIAN_POINT('Ctrl Pts',(-2.80362251973359,0.211844083514904,0.159853044362223));
#7704=CARTESIAN_POINT('Ctrl Pts',(-2.80392360111161,0.232056183419387,0.173285094816662));
#7705=CARTESIAN_POINT('Ctrl Pts',(-2.80427051465081,0.251011404121623,0.188562566474594));
#7706=CARTESIAN_POINT('Ctrl Pts',(-2.80459059499794,0.268500469658009,0.202658350810376));
#7707=CARTESIAN_POINT('Ctrl Pts',(-2.80494969162478,0.284919369405984,0.218325041108198));
#7708=CARTESIAN_POINT('Ctrl Pts',(-2.80534780433184,0.3,0.23542486889354));
#7709=CARTESIAN_POINT('',(-2.80534780433184,-0.3,0.235424868893541));
#7710=CARTESIAN_POINT('Origin',(-3.39772844544548,0.,0.5));
#7711=CARTESIAN_POINT('',(-3.83806614213617,0.3,0.235424868893541));
#7712=CARTESIAN_POINT('',(-3.83806614213617,0.3,0.235424868893541));
#7713=CARTESIAN_POINT('',(-3.83806614213617,-0.3,0.235424868893541));
#7714=CARTESIAN_POINT('Origin',(-3.77192235935956,0.,0.5));
#7715=CARTESIAN_POINT('',(-3.83806614213617,-0.3,0.235424868893541));
#7716=CARTESIAN_POINT('Origin',(-2.9,0.4,0.542473922221737));
#7717=CARTESIAN_POINT('',(-2.9,0.3,0.5));
#7718=CARTESIAN_POINT('',(-2.9,0.3,0.28082464074058));
#7719=CARTESIAN_POINT('',(-2.9,0.3,0.5));
#7720=CARTESIAN_POINT('',(-2.9,0.204846678990664,0.280824640740579));
#7721=CARTESIAN_POINT('',(-2.9,0.3,0.28082464074058));
#7722=CARTESIAN_POINT('Origin',(-2.9,4.16333634234434E-16,0.5));
#7723=CARTESIAN_POINT('Origin',(-2.9,0.4,0.542473922221737));
#7724=CARTESIAN_POINT('',(-2.9,-0.204846678990663,0.280824640740579));
#7725=CARTESIAN_POINT('',(-2.9,-0.3,0.280824640740579));
#7726=CARTESIAN_POINT('',(-2.9,-0.204846678990664,0.28082464074058));
#7727=CARTESIAN_POINT('',(-2.9,-0.3,0.5));
#7728=CARTESIAN_POINT('',(-2.9,-0.3,0.5));
#7729=CARTESIAN_POINT('Origin',(-2.9,-2.08166817117217E-16,0.5));
#7730=CARTESIAN_POINT('Origin',(-3.90061162653264,0.4,1.31104315260749));
#7731=CARTESIAN_POINT('',(-3.81049572068736,0.3,0.5));
#7732=CARTESIAN_POINT('',(-3.79862699412496,0.3,0.393181460938389));
#7733=CARTESIAN_POINT('',(-3.81049572068736,0.3,0.5));
#7734=CARTESIAN_POINT('',(-3.79862699412496,0.280338723177414,0.393181460938389));
#7735=CARTESIAN_POINT('Origin',(-3.81046331043695,-0.00349370133075576,
0.499987286498028));
#7736=CARTESIAN_POINT('',(-3.79862699412496,0.3,0.393181460938389));
#7737=CARTESIAN_POINT('Origin',(-3.90061162653264,0.4,1.31104315260749));
#7738=CARTESIAN_POINT('',(-3.79862699412496,-0.280338723177425,0.393181460938389));
#7739=CARTESIAN_POINT('',(-3.79862699412496,-0.3,0.393181460938389));
#7740=CARTESIAN_POINT('',(-3.79862699412496,-0.280338723177425,0.393181460938389));
#7741=CARTESIAN_POINT('',(-3.81049572068736,-0.3,0.5));
#7742=CARTESIAN_POINT('Origin',(-3.81046331043695,0.00349370133075646,0.499987286498028));
#7743=CARTESIAN_POINT('',(-3.81049572068736,-0.3,0.5));
#7744=CARTESIAN_POINT('Origin',(-3.80298574998547,0.4,0.375746437496367));
#7745=CARTESIAN_POINT('Origin',(-3.771922388871,-1.31868890460018E-8,0.500001049109465));
#7746=CARTESIAN_POINT('',(-3.79862699412496,-0.3,0.393181460938389));
#7747=CARTESIAN_POINT('',(-3.79862699412496,0.3,0.393181460938389));
#7748=CARTESIAN_POINT('Origin',(-4.,0.4,1.3));
#7749=CARTESIAN_POINT('',(-3.90198464713965,0.288536465694165,0.417861671047008));
#7750=CARTESIAN_POINT('',(-3.91111111111111,0.3,0.5));
#7751=CARTESIAN_POINT('Origin',(-3.91109055251973,-0.00358075962916336,
0.499995007366304));
#7752=CARTESIAN_POINT('',(-4.,0.3,1.3));
#7753=CARTESIAN_POINT('',(-4.,0.3,1.3));
#7754=CARTESIAN_POINT('',(-4.,0.4,1.3));
#7755=CARTESIAN_POINT('',(-3.90198463240768,0.288534731262078,0.417861691669092));
#7756=CARTESIAN_POINT('Origin',(-4.00137300587504,-4.00401933831063E-13,
0.406818539061608));
#7757=CARTESIAN_POINT('',(-3.90435872647313,0.276059761779407,0.382564920221629));
#7758=CARTESIAN_POINT('',(-3.90435875586051,0.276058355616328,0.382564976557974));
#7759=CARTESIAN_POINT('Ctrl Pts',(-3.9019846301641,0.28853647080989,0.417861671476872));
#7760=CARTESIAN_POINT('Ctrl Pts',(-3.90156874461323,0.28747094912981,0.414118694590567));
#7761=CARTESIAN_POINT('Ctrl Pts',(-3.90137300587504,0.286338746374444,0.410420526926531));
#7762=CARTESIAN_POINT('Ctrl Pts',(-3.90137300587504,0.282534365866742,0.398778042071925));
#7763=CARTESIAN_POINT('Ctrl Pts',(-3.90236200545104,0.279457444481474,0.390551959381938));
#7764=CARTESIAN_POINT('Ctrl Pts',(-3.90435876930305,0.276059780917433,0.38256492278787));
#7765=CARTESIAN_POINT('Origin',(-4.,0.4,1.3));
#7766=CARTESIAN_POINT('',(-4.,-0.3,1.3));
#7767=CARTESIAN_POINT('',(-4.,-0.3,1.3));
#7768=CARTESIAN_POINT('',(-3.91111111111111,-0.3,0.5));
#7769=CARTESIAN_POINT('',(-4.,-0.3,1.3));
#7770=CARTESIAN_POINT('',(-3.90198464713965,-0.288536465694165,0.417861671047008));
#7771=CARTESIAN_POINT('Origin',(-3.91109055251968,0.00358075962916319,0.499995007366312));
#7772=CARTESIAN_POINT('',(-3.90198463240768,-0.4,0.417861691669092));
#7773=CARTESIAN_POINT('Origin',(-4.00137300587504,-4.00401933831063E-13,
0.406818539061608));
#7774=CARTESIAN_POINT('',(-3.90435875584423,-0.276059803746281,0.382564976384106));
#7775=CARTESIAN_POINT('Ctrl Pts',(-3.9019846301641,-0.28853647080989,0.417861671476872));
#7776=CARTESIAN_POINT('Ctrl Pts',(-3.90156874461323,-0.28747094912981,0.414118694590567));
#7777=CARTESIAN_POINT('Ctrl Pts',(-3.90137300587504,-0.286338746374444,
0.410420526926531));
#7778=CARTESIAN_POINT('Ctrl Pts',(-3.90137300587504,-0.282534371744556,
0.398778060059704));
#7779=CARTESIAN_POINT('Ctrl Pts',(-3.90236200094461,-0.279457458298321,
0.390551996168429));
#7780=CARTESIAN_POINT('Ctrl Pts',(-3.90435875589848,-0.276059803726473,
0.382564976406094));
#7781=CARTESIAN_POINT('',(-3.90435875586051,-0.4,0.382564976557974));
#7782=CARTESIAN_POINT('Origin',(-2.8,0.4,0.542473922221737));
#7783=CARTESIAN_POINT('',(-2.8,0.3,0.506076898795117));
#7784=CARTESIAN_POINT('',(-2.8,0.3,0.506076898795117));
#7785=CARTESIAN_POINT('',(-2.8,0.3,0.5));
#7786=CARTESIAN_POINT('',(-2.8,0.3,0.506076898795117));
#7787=CARTESIAN_POINT('',(-2.8,0.282842712474619,0.400000000000001));
#7788=CARTESIAN_POINT('Origin',(-2.8,1.31838984174237E-15,0.5));
#7789=CARTESIAN_POINT('',(-2.8,0.4,0.400000000000001));
#7790=CARTESIAN_POINT('Origin',(-2.7,0.34142135623731,0.506076898795117));
#7791=CARTESIAN_POINT('',(-2.7766044443119,0.3,0.570355659763771));
#7792=CARTESIAN_POINT('',(-2.7766044443119,0.3,0.570355659763771));
#7793=CARTESIAN_POINT('Origin',(-2.7,0.3,0.506076898795119));
#7794=CARTESIAN_POINT('Origin',(-2.8,0.4,0.542473922221737));
#7795=CARTESIAN_POINT('',(-2.8,-0.3,0.506076898795117));
#7796=CARTESIAN_POINT('',(-2.8,-0.3,0.5));
#7797=CARTESIAN_POINT('',(-2.8,-0.3,0.506076898795117));
#7798=CARTESIAN_POINT('',(-2.8,-0.4,0.506076898795117));
#7799=CARTESIAN_POINT('',(-2.8,-0.282842712474619,0.4));
#7800=CARTESIAN_POINT('',(-2.8,-0.282842712474619,0.400000000000001));
#7801=CARTESIAN_POINT('Origin',(-2.8,-5.68989300120393E-15,0.499999999999999));
#7802=CARTESIAN_POINT('Origin',(-2.7,-0.34142135623731,0.506076898795117));
#7803=CARTESIAN_POINT('',(-2.7766044443119,-0.3,0.570355659763771));
#7804=CARTESIAN_POINT('Origin',(-2.7,-0.299999999999999,0.506076898795119));
#7805=CARTESIAN_POINT('',(-2.7766044443119,-0.4,0.570355659763771));
#7806=CARTESIAN_POINT('Origin',(-2.5,0.4,0.9));
#7807=CARTESIAN_POINT('',(-2.5233955556881,0.3,0.872118262457967));
#7808=CARTESIAN_POINT('',(-2.5233955556881,0.4,0.872118262457967));
#7809=CARTESIAN_POINT('',(-2.5233955556881,0.3,0.872118262457967));
#7810=CARTESIAN_POINT('Origin',(-2.6,0.35,0.936397023426621));
#7811=CARTESIAN_POINT('',(-2.5,0.3,0.936397023426621));
#7812=CARTESIAN_POINT('Origin',(-2.6,0.3,0.936397023426621));
#7813=CARTESIAN_POINT('',(-2.5,0.4,0.936397023426621));
#7814=CARTESIAN_POINT('Origin',(-2.5,0.4,0.9));
#7815=CARTESIAN_POINT('',(-2.5233955556881,-0.3,0.872118262457967));
#7816=CARTESIAN_POINT('',(-2.5233955556881,-0.3,0.872118262457967));
#7817=CARTESIAN_POINT('',(-2.5233955556881,-0.3,0.872118262457967));
#7818=CARTESIAN_POINT('Origin',(-2.6,-0.35,0.936397023426621));
#7819=CARTESIAN_POINT('',(-2.5,-0.3,0.936397023426621));
#7820=CARTESIAN_POINT('Origin',(-2.6,-0.299999999999998,0.936397023426621));
#7821=CARTESIAN_POINT('',(-2.5,-0.3,0.936397023426621));
#7822=CARTESIAN_POINT('Origin',(-2.5,0.4,1.3));
#7823=CARTESIAN_POINT('',(-2.5,-0.3,1.3));
#7824=CARTESIAN_POINT('',(-2.5,-0.3,1.3));
#7825=CARTESIAN_POINT('',(-2.5,-0.3,1.3));
#7826=CARTESIAN_POINT('Origin',(-2.5,0.4,1.3));
#7827=CARTESIAN_POINT('',(-2.5,0.3,1.3));
#7828=CARTESIAN_POINT('',(-2.5,0.3,1.3));
#7829=CARTESIAN_POINT('',(-2.5,0.4,1.3));
#7830=CARTESIAN_POINT('Origin',(-3.9,0.4,0.4));
#7831=CARTESIAN_POINT('Origin',(-3.87499972590851,-1.01860599746595E-7,
0.500001022412901));
#7832=CARTESIAN_POINT('Origin',(0.,-0.4,1.3));
#7833=CARTESIAN_POINT('',(-4.,0.3,1.3));
#7834=CARTESIAN_POINT('Origin',(0.,-0.4,1.3));
#7835=CARTESIAN_POINT('',(-4.,-0.3,1.3));
#7836=CARTESIAN_POINT('Origin',(-3.1,0.,0.5));
#7837=CARTESIAN_POINT('',(-2.23287181803823,0.3,0.5));
#7838=CARTESIAN_POINT('',(-2.2,0.3,0.5));
#7839=CARTESIAN_POINT('',(-2.23287181803823,0.3,0.5));
#7840=CARTESIAN_POINT('Origin',(-2.23287181803823,0.,0.5));
#7841=CARTESIAN_POINT('',(-2.9,0.3,0.5));
#7842=CARTESIAN_POINT('',(-2.2,0.284310768268368,0.404253527236508));
#7843=CARTESIAN_POINT('Origin',(-1.65699476972387,0.,0.5));
#7844=CARTESIAN_POINT('Origin',(-2.2,-3.66373598126302E-15,0.5));
#7845=CARTESIAN_POINT('Origin',(0.,0.3,0.));
#7846=CARTESIAN_POINT('',(-2.2,0.3,0.505796188425079));
#7847=CARTESIAN_POINT('',(-2.2,0.3,0.5));
#7848=CARTESIAN_POINT('',(-2.23287181803823,0.3,0.5));
#7849=CARTESIAN_POINT('Origin',(0.,-0.3,1.3));
#7850=CARTESIAN_POINT('',(-2.2,-0.3,0.505796188425079));
#7851=CARTESIAN_POINT('',(-2.2,-0.3,0.5));
#7852=CARTESIAN_POINT('',(-2.2,-0.3,0.505796188425079));
#7853=CARTESIAN_POINT('',(-2.23287181803823,-0.3,0.5));
#7854=CARTESIAN_POINT('',(-2.23287181803823,-0.3,0.5));
#7855=CARTESIAN_POINT('',(-2.23287181803823,-0.3,0.5));
#7856=CARTESIAN_POINT('Origin',(-3.1,0.,0.5));
#7857=CARTESIAN_POINT('',(-2.9,-0.3,0.5));
#7858=CARTESIAN_POINT('Origin',(-2.23287181803823,0.,0.5));
#7859=CARTESIAN_POINT('',(-2.2,-0.284310768268377,0.404253527236505));
#7860=CARTESIAN_POINT('Origin',(-2.2,8.32667268468867E-16,0.500000000000001));
#7861=CARTESIAN_POINT('Origin',(-1.65699476972387,0.,0.5));
#7862=CARTESIAN_POINT('Origin',(-3.1,0.,0.5));
#7863=CARTESIAN_POINT('',(-3.91111111111111,0.3,0.5));
#7864=CARTESIAN_POINT('',(-3.91111111111111,-0.3,0.5));
#7865=CARTESIAN_POINT('Origin',(0.,-0.3,1.3));
#7866=CARTESIAN_POINT('',(-2.9,-0.3,0.28082464074058));
#7867=CARTESIAN_POINT('Origin',(0.,0.3,0.));
#7868=CARTESIAN_POINT('',(-2.9,0.3,0.28082464074058));
#7869=CARTESIAN_POINT('Origin',(-2.2,0.,0.));
#7870=CARTESIAN_POINT('',(-2.2,0.0749999999999809,0.404253527236505));
#7871=CARTESIAN_POINT('',(-2.2,0.0749999999999809,0.404253527236505));
#7872=CARTESIAN_POINT('',(-2.2,0.075,0.50579618842508));
#7873=CARTESIAN_POINT('Origin',(-2.2,0.075,0.455024857830793));
#7874=CARTESIAN_POINT('',(-2.2,0.075,0.50579618842508));
#7875=CARTESIAN_POINT('Origin',(-2.2,0.,0.));
#7876=CARTESIAN_POINT('',(-2.2,-0.074999999999995,0.404253527236505));
#7877=CARTESIAN_POINT('',(-2.2,-0.0749999999999999,0.50579618842508));
#7878=CARTESIAN_POINT('Origin',(-2.2,-0.075,0.455024857830792));
#7879=CARTESIAN_POINT('',(-2.2,-0.284310768268367,0.404253527236505));
#7880=CARTESIAN_POINT('',(-2.2,-0.3,0.50579618842508));
#7881=CARTESIAN_POINT('Origin',(-2.8,0.4,0.400000000000001));
#7882=CARTESIAN_POINT('',(-0.9,-0.075,0.735021263346084));
#7883=CARTESIAN_POINT('',(-0.9,-0.075,0.735021263346084));
#7884=CARTESIAN_POINT('',(-2.2,-0.0749999999999999,0.50579618842508));
#7885=CARTESIAN_POINT('Origin',(-1.8413175911157,-0.075,0.5182702440226));
#7886=CARTESIAN_POINT('',(-0.9,-0.025,0.684249932751797));
#7887=CARTESIAN_POINT('Origin',(-0.9,-0.075,0.684249932751798));
#7888=CARTESIAN_POINT('',(-1.,-0.025,0.666617234680952));
#7889=CARTESIAN_POINT('',(-2.2,-0.0750000000000001,0.404253527236505));
#7890=CARTESIAN_POINT('Origin',(-2.8,0.4,0.400000000000001));
#7891=CARTESIAN_POINT('',(-0.9,0.075,0.735021263346084));
#7892=CARTESIAN_POINT('',(-0.9,0.075,0.735021263346084));
#7893=CARTESIAN_POINT('',(-0.9,0.267897850764853,0.735021263346084));
#7894=CARTESIAN_POINT('Origin',(-1.8413175911157,0.075,0.5182702440226));
#7895=CARTESIAN_POINT('',(-1.,0.0749999999999999,0.615845904086663));
#7896=CARTESIAN_POINT('',(-0.9,0.025,0.684249932751797));
#7897=CARTESIAN_POINT('',(-0.9,0.0249999999999999,0.684249932751796));
#7898=CARTESIAN_POINT('Origin',(-0.9,0.075,0.684249932751796));
#7899=CARTESIAN_POINT('Origin',(-2.7826351822333,0.4,0.301519224698781));
#7900=CARTESIAN_POINT('Origin',(-2.7826351822333,0.4,0.301519224698781));
#7901=CARTESIAN_POINT('Origin',(-0.9,0.,0.));
#7902=CARTESIAN_POINT('',(-0.9,0.025,0.633478602157509));
#7903=CARTESIAN_POINT('',(-0.9,0.025,0.684249932751797));
#7904=CARTESIAN_POINT('',(-0.9,-0.0249999999999998,0.63347860215751));
#7905=CARTESIAN_POINT('',(-0.9,-0.0249999999999998,0.63347860215751));
#7906=CARTESIAN_POINT('',(-0.9,-0.025,0.684249932751797));
#7907=CARTESIAN_POINT('Origin',(-2.7826351822333,0.4,0.301519224698781));
#7908=CARTESIAN_POINT('',(-0.999823182832259,-0.0249999999999997,0.615877081723988));
#7909=CARTESIAN_POINT('',(-0.9,0.0250000000000004,0.63347860215751));
#7910=CARTESIAN_POINT('Origin',(0.,0.025,0.898956518612228));
#7911=CARTESIAN_POINT('Origin',(0.,-0.025,1.1));
#7912=CARTESIAN_POINT('',(0.,0.,0.));
#7913=CARTESIAN_POINT('',(-0.699999999999999,1.5,0.2));
#7914=CARTESIAN_POINT('',(-0.699999999999999,0.499999999999995,0.199999999999999));
#7915=CARTESIAN_POINT('',(-0.699999999999998,-0.500000000000005,0.2));
#7916=CARTESIAN_POINT('',(-0.699999999999999,-1.50000000000001,0.2));
#7917=CARTESIAN_POINT('Origin',(0.,0.,0.));
#7918=UNCERTAINTY_MEASURE_WITH_UNIT(LENGTH_MEASURE(0.01),#7926,
'DISTANCE_ACCURACY_VALUE',
'Maximum model space distance between geometric entities at asserted c
onnectivities');
#7919=UNCERTAINTY_MEASURE_WITH_UNIT(LENGTH_MEASURE(0.01),#7926,
'DISTANCE_ACCURACY_VALUE',
'Maximum model space distance between geometric entities at asserted c
onnectivities');
#7920=UNCERTAINTY_MEASURE_WITH_UNIT(LENGTH_MEASURE(0.01),#7926,
'DISTANCE_ACCURACY_VALUE',
'Maximum model space distance between geometric entities at asserted c
onnectivities');
#7921=UNCERTAINTY_MEASURE_WITH_UNIT(LENGTH_MEASURE(0.01),#7926,
'DISTANCE_ACCURACY_VALUE',
'Maximum model space distance between geometric entities at asserted c
onnectivities');
#7922=(
GEOMETRIC_REPRESENTATION_CONTEXT(3)
GLOBAL_UNCERTAINTY_ASSIGNED_CONTEXT((#7918))
GLOBAL_UNIT_ASSIGNED_CONTEXT((#7926,#7928,#7929))
REPRESENTATION_CONTEXT('','3D')
);
#7923=(
GEOMETRIC_REPRESENTATION_CONTEXT(3)
GLOBAL_UNCERTAINTY_ASSIGNED_CONTEXT((#7919))
GLOBAL_UNIT_ASSIGNED_CONTEXT((#7926,#7928,#7929))
REPRESENTATION_CONTEXT('','3D')
);
#7924=(
GEOMETRIC_REPRESENTATION_CONTEXT(3)
GLOBAL_UNCERTAINTY_ASSIGNED_CONTEXT((#7920))
GLOBAL_UNIT_ASSIGNED_CONTEXT((#7926,#7928,#7929))
REPRESENTATION_CONTEXT('','3D')
);
#7925=(
GEOMETRIC_REPRESENTATION_CONTEXT(3)
GLOBAL_UNCERTAINTY_ASSIGNED_CONTEXT((#7921))
GLOBAL_UNIT_ASSIGNED_CONTEXT((#7926,#7928,#7929))
REPRESENTATION_CONTEXT('','3D')
);
#7926=(
LENGTH_UNIT()
NAMED_UNIT(*)
SI_UNIT(.MILLI.,.METRE.)
);
#7927=(
LENGTH_UNIT()
NAMED_UNIT(*)
SI_UNIT(.CENTI.,.METRE.)
);
#7928=(
NAMED_UNIT(*)
PLANE_ANGLE_UNIT()
SI_UNIT($,.RADIAN.)
);
#7929=(
NAMED_UNIT(*)
SI_UNIT($,.STERADIAN.)
SOLID_ANGLE_UNIT()
);
#7930=SHAPE_DEFINITION_REPRESENTATION(#7933,#7941);
#7931=SHAPE_DEFINITION_REPRESENTATION(#7934,#7942);
#7932=SHAPE_DEFINITION_REPRESENTATION(#7935,#7943);
#7933=PRODUCT_DEFINITION_SHAPE('',$,#7945);
#7934=PRODUCT_DEFINITION_SHAPE('',$,#7946);
#7935=PRODUCT_DEFINITION_SHAPE('',$,#7947);
#7936=PRODUCT_DEFINITION_SHAPE($,$,#33);
#7937=PRODUCT_DEFINITION_SHAPE($,$,#34);
#7938=PRODUCT_DEFINITION_SHAPE($,$,#35);
#7939=PRODUCT_DEFINITION_SHAPE($,$,#36);
#7940=PRODUCT_DEFINITION_SHAPE($,$,#37);
#7941=SHAPE_REPRESENTATION('',(#4756,#5125,#5126,#5127,#5128,#5129),#7922);
#7942=SHAPE_REPRESENTATION('',(#4757),#7923);
#7943=SHAPE_REPRESENTATION('',(#4994),#7924);
#7944=PRODUCT_DEFINITION_CONTEXT('part definition',#7955,'design');
#7945=PRODUCT_DEFINITION('S02_JST-SH-4pin','S02_JST-SH-4pin',#7948,#7944);
#7946=PRODUCT_DEFINITION('JST_SHR-04V-S-B','JST_SHR-04V-S-B',#7949,#7944);
#7947=PRODUCT_DEFINITION('JST_SSH-003T-P0.2-H','JST_SSH-003T-P0.2-H',#7950,
#7944);
#7948=PRODUCT_DEFINITION_FORMATION('',$,#7957);
#7949=PRODUCT_DEFINITION_FORMATION('',$,#7958);
#7950=PRODUCT_DEFINITION_FORMATION('',$,#7959);
#7951=PRODUCT_RELATED_PRODUCT_CATEGORY('S02_JST-SH-4pin',
'S02_JST-SH-4pin',(#7957));
#7952=PRODUCT_RELATED_PRODUCT_CATEGORY('JST_SHR-04V-S-B',
'JST_SHR-04V-S-B',(#7958));
#7953=PRODUCT_RELATED_PRODUCT_CATEGORY('JST_SSH-003T-P0.2-H',
'JST_SSH-003T-P0.2-H',(#7959));
#7954=APPLICATION_PROTOCOL_DEFINITION('international standard',
'automotive_design',2009,#7955);
#7955=APPLICATION_CONTEXT(
'Core Data for Automotive Mechanical Design Process');
#7956=PRODUCT_CONTEXT('part definition',#7955,'mechanical');
#7957=PRODUCT('S02_JST-SH-4pin','S02_JST-SH-4pin',$,(#7956));
#7958=PRODUCT('JST_SHR-04V-S-B','JST_SHR-04V-S-B',$,(#7956));
#7959=PRODUCT('JST_SSH-003T-P0.2-H','JST_SSH-003T-P0.2-H',$,(#7956));
#7960=PRESENTATION_STYLE_ASSIGNMENT((#7968));
#7961=PRESENTATION_STYLE_ASSIGNMENT((#7969));
#7962=PRESENTATION_STYLE_ASSIGNMENT((#7970));
#7963=PRESENTATION_STYLE_ASSIGNMENT((#7971));
#7964=PRESENTATION_STYLE_ASSIGNMENT((#7972));
#7965=PRESENTATION_STYLE_ASSIGNMENT((#7973));
#7966=PRESENTATION_STYLE_ASSIGNMENT((#7974));
#7967=PRESENTATION_STYLE_ASSIGNMENT((NULL_STYLE(.NULL.)));
#7968=SURFACE_STYLE_USAGE(.BOTH.,#7989);
#7969=SURFACE_STYLE_USAGE(.BOTH.,#7990);
#7970=SURFACE_STYLE_USAGE(.BOTH.,#7991);
#7971=SURFACE_STYLE_USAGE(.BOTH.,#7992);
#7972=SURFACE_STYLE_USAGE(.BOTH.,#7993);
#7973=SURFACE_STYLE_USAGE(.BOTH.,#7994);
#7974=SURFACE_STYLE_USAGE(.BOTH.,#7995);
#7975=SURFACE_STYLE_RENDERING_WITH_PROPERTIES($,#8017,(#7982));
#7976=SURFACE_STYLE_RENDERING_WITH_PROPERTIES($,#8018,(#7983));
#7977=SURFACE_STYLE_RENDERING_WITH_PROPERTIES($,#8019,(#7984));
#7978=SURFACE_STYLE_RENDERING_WITH_PROPERTIES($,#8020,(#7985));
#7979=SURFACE_STYLE_RENDERING_WITH_PROPERTIES($,#8021,(#7986));
#7980=SURFACE_STYLE_RENDERING_WITH_PROPERTIES($,#8022,(#7987));
#7981=SURFACE_STYLE_RENDERING_WITH_PROPERTIES($,#8023,(#7988));
#7982=SURFACE_STYLE_TRANSPARENT(0.);
#7983=SURFACE_STYLE_TRANSPARENT(0.);
#7984=SURFACE_STYLE_TRANSPARENT(0.);
#7985=SURFACE_STYLE_TRANSPARENT(0.);
#7986=SURFACE_STYLE_TRANSPARENT(0.);
#7987=SURFACE_STYLE_TRANSPARENT(0.);
#7988=SURFACE_STYLE_TRANSPARENT(0.);
#7989=SURFACE_SIDE_STYLE('',(#7996,#7975));
#7990=SURFACE_SIDE_STYLE('',(#7997,#7976));
#7991=SURFACE_SIDE_STYLE('',(#7998,#7977));
#7992=SURFACE_SIDE_STYLE('',(#7999,#7978));
#7993=SURFACE_SIDE_STYLE('',(#8000,#7979));
#7994=SURFACE_SIDE_STYLE('',(#8001,#7980));
#7995=SURFACE_SIDE_STYLE('',(#8002,#7981));
#7996=SURFACE_STYLE_FILL_AREA(#8003);
#7997=SURFACE_STYLE_FILL_AREA(#8004);
#7998=SURFACE_STYLE_FILL_AREA(#8005);
#7999=SURFACE_STYLE_FILL_AREA(#8006);
#8000=SURFACE_STYLE_FILL_AREA(#8007);
#8001=SURFACE_STYLE_FILL_AREA(#8008);
#8002=SURFACE_STYLE_FILL_AREA(#8009);
#8003=FILL_AREA_STYLE('',(#8010));
#8004=FILL_AREA_STYLE('',(#8011));
#8005=FILL_AREA_STYLE('',(#8012));
#8006=FILL_AREA_STYLE('',(#8013));
#8007=FILL_AREA_STYLE('',(#8014));
#8008=FILL_AREA_STYLE('',(#8015));
#8009=FILL_AREA_STYLE('',(#8016));
#8010=FILL_AREA_STYLE_COLOUR('',#8017);
#8011=FILL_AREA_STYLE_COLOUR('',#8018);
#8012=FILL_AREA_STYLE_COLOUR('',#8019);
#8013=FILL_AREA_STYLE_COLOUR('',#8020);
#8014=FILL_AREA_STYLE_COLOUR('',#8021);
#8015=FILL_AREA_STYLE_COLOUR('',#8022);
#8016=FILL_AREA_STYLE_COLOUR('',#8023);
#8017=COLOUR_RGB('',0.945098039215686,0.949019607843137,0.972549019607843);
#8018=COLOUR_RGB('',0.698039215686274,0.698039215686274,0.698039215686274);
#8019=COLOUR_RGB('',0.250980392156863,0.250980392156863,0.250980392156863);
#8020=COLOUR_RGB('',0.92156862745098,0.92156862745098,0.92156862745098);
#8021=COLOUR_RGB('',1.,1.,1.);
#8022=COLOUR_RGB('',0.996078431372549,0.996078431372549,1.);
#8023=COLOUR_RGB('',0.823529411764706,0.823529411764706,1.);
ENDSEC;
END-ISO-10303-21;
