ISO-10303-21;
HEADER;
FILE_DESCRIPTION(('FreeCAD Model'),'2;1');
FILE_NAME('Open CASCADE Shape Model','2026-07-10T13:09:01',(''),(''),
  'Open CASCADE STEP processor 7.8','FreeCAD','Unknown');
FILE_SCHEMA(('AUTOMOTIVE_DESIGN { 1 0 10303 214 1 1 1 1 }'));
ENDSEC;
DATA;
#1 = APPLICATION_PROTOCOL_DEFINITION('international standard',
  'automotive_design',2000,#2);
#2 = APPLICATION_CONTEXT(
  'core data for automotive mechanical design processes');
#3 = SHAPE_DEFINITION_REPRESENTATION(#4,#10);
#4 = PRODUCT_DEFINITION_SHAPE('','',#5);
#5 = PRODUCT_DEFINITION('design','',#6,#9);
#6 = PRODUCT_DEFINITION_FORMATION('','',#7);
#7 = PRODUCT('xh_side_entry_TH','xh_side_entry_TH','',(#8));
#8 = PRODUCT_CONTEXT('',#2,'mechanical');
#9 = PRODUCT_DEFINITION_CONTEXT('part definition',#2,'design');
#10 = SHAPE_REPRESENTATION('',(#11,#15,#19),#23);
#11 = AXIS2_PLACEMENT_3D('',#12,#13,#14);
#12 = CARTESIAN_POINT('',(0.,0.,0.));
#13 = DIRECTION('',(0.,0.,1.));
#14 = DIRECTION('',(1.,0.,-0.));
#15 = AXIS2_PLACEMENT_3D('',#16,#17,#18);
#16 = CARTESIAN_POINT('',(0.,0.,0.));
#17 = DIRECTION('',(0.,0.,1.));
#18 = DIRECTION('',(1.,0.,0.));
#19 = AXIS2_PLACEMENT_3D('',#20,#21,#22);
#20 = CARTESIAN_POINT('',(0.,0.,0.));
#21 = DIRECTION('',(0.,0.,1.));
#22 = DIRECTION('',(1.,0.,0.));
#23 = ( GEOMETRIC_REPRESENTATION_CONTEXT(3) 
GLOBAL_UNCERTAINTY_ASSIGNED_CONTEXT((#27)) GLOBAL_UNIT_ASSIGNED_CONTEXT(
(#24,#25,#26)) REPRESENTATION_CONTEXT('Context #1',
  '3D Context with UNIT and UNCERTAINTY') );
#24 = ( LENGTH_UNIT() NAMED_UNIT(*) SI_UNIT(.MILLI.,.METRE.) );
#25 = ( NAMED_UNIT(*) PLANE_ANGLE_UNIT() SI_UNIT($,.RADIAN.) );
#26 = ( NAMED_UNIT(*) SI_UNIT($,.STERADIAN.) SOLID_ANGLE_UNIT() );
#27 = UNCERTAINTY_MEASURE_WITH_UNIT(LENGTH_MEASURE(2.E-06),#24,
  'distance_accuracy_value','confusion accuracy');
#28 = PRODUCT_RELATED_PRODUCT_CATEGORY('part',$,(#7));
#29 = SHAPE_DEFINITION_REPRESENTATION(#30,#36);
#30 = PRODUCT_DEFINITION_SHAPE('','',#31);
#31 = PRODUCT_DEFINITION('design','',#32,#35);
#32 = PRODUCT_DEFINITION_FORMATION('','',#33);
#33 = PRODUCT('Corps','Corps','',(#34));
#34 = PRODUCT_CONTEXT('',#2,'mechanical');
#35 = PRODUCT_DEFINITION_CONTEXT('part definition',#2,'design');
#36 = ADVANCED_BREP_SHAPE_REPRESENTATION('',(#11,#37),#2881);
#37 = MANIFOLD_SOLID_BREP('',#38);
#38 = CLOSED_SHELL('',(#39,#95,#126,#158,#182,#464,#545,#570,#651,#789,
    #807,#895,#935,#959,#1017,#1041,#1065,#1089,#1147,#1171,#1195,#1219,
    #1277,#1301,#1325,#1349,#1407,#1431,#1464,#1481,#1498,#1515,#1532,
    #1557,#1581,#1604,#1621,#1638,#1655,#1672,#1697,#1721,#1754,#1771,
    #1788,#1813,#1892,#1971,#1995,#2012,#2172,#2196,#2213,#2237,#2261,
    #2321,#2339,#2351,#2375,#2392,#2415,#2432,#2449,#2467,#2479,#2501,
    #2518,#2535,#2547,#2569,#2586,#2603,#2615,#2637,#2654,#2671,#2683,
    #2705,#2722,#2739,#2751,#2763,#2775,#2792,#2804,#2828,#2852,#2869));
#39 = ADVANCED_FACE('',(#40),#90,.T.);
#40 = FACE_BOUND('',#41,.T.);
#41 = EDGE_LOOP('',(#42,#52,#60,#68,#76,#84));
#42 = ORIENTED_EDGE('',*,*,#43,.T.);
#43 = EDGE_CURVE('',#44,#46,#48,.T.);
#44 = VERTEX_POINT('',#45);
#45 = CARTESIAN_POINT('',(-1.9,9.2,5.7));
#46 = VERTEX_POINT('',#47);
#47 = CARTESIAN_POINT('',(-1.9,9.2,5.139364764492));
#48 = LINE('',#49,#50);
#49 = CARTESIAN_POINT('',(-1.9,9.2,5.4));
#50 = VECTOR('',#51,1.);
#51 = DIRECTION('',(0.,0.,-1.));
#52 = ORIENTED_EDGE('',*,*,#53,.T.);
#53 = EDGE_CURVE('',#46,#54,#56,.T.);
#54 = VERTEX_POINT('',#55);
#55 = CARTESIAN_POINT('',(-2.45,9.2,5.139364764492));
#56 = LINE('',#57,#58);
#57 = CARTESIAN_POINT('',(9.95,9.2,5.139364764492));
#58 = VECTOR('',#59,1.);
#59 = DIRECTION('',(-1.,-0.,-0.));
#60 = ORIENTED_EDGE('',*,*,#61,.T.);
#61 = EDGE_CURVE('',#54,#62,#64,.T.);
#62 = VERTEX_POINT('',#63);
#63 = CARTESIAN_POINT('',(-2.45,9.2,6.1));
#64 = LINE('',#65,#66);
#65 = CARTESIAN_POINT('',(-2.45,9.2,5.139364764492));
#66 = VECTOR('',#67,1.);
#67 = DIRECTION('',(0.,0.,1.));
#68 = ORIENTED_EDGE('',*,*,#69,.F.);
#69 = EDGE_CURVE('',#70,#62,#72,.T.);
#70 = VERTEX_POINT('',#71);
#71 = CARTESIAN_POINT('',(-0.761883,9.200000000104,6.1));
#72 = LINE('',#73,#74);
#73 = CARTESIAN_POINT('',(9.95,9.2,6.1));
#74 = VECTOR('',#75,1.);
#75 = DIRECTION('',(-1.,-0.,-0.));
#76 = ORIENTED_EDGE('',*,*,#77,.T.);
#77 = EDGE_CURVE('',#70,#78,#80,.T.);
#78 = VERTEX_POINT('',#79);
#79 = CARTESIAN_POINT('',(-0.761883,9.200000000052,5.7));
#80 = LINE('',#81,#82);
#81 = CARTESIAN_POINT('',(-0.761883,9.200000000104,6.1));
#82 = VECTOR('',#83,1.);
#83 = DIRECTION('',(-0.,-0.,-1.));
#84 = ORIENTED_EDGE('',*,*,#85,.F.);
#85 = EDGE_CURVE('',#44,#78,#86,.T.);
#86 = LINE('',#87,#88);
#87 = CARTESIAN_POINT('',(-1.6,9.2,5.7));
#88 = VECTOR('',#89,1.);
#89 = DIRECTION('',(1.,0.,0.));
#90 = PLANE('',#91);
#91 = AXIS2_PLACEMENT_3D('',#92,#93,#94);
#92 = CARTESIAN_POINT('',(9.95,9.2,5.139364764492));
#93 = DIRECTION('',(0.,1.,0.));
#94 = DIRECTION('',(0.,0.,1.));
#95 = ADVANCED_FACE('',(#96),#121,.T.);
#96 = FACE_BOUND('',#97,.F.);
#97 = EDGE_LOOP('',(#98,#106,#107,#115));
#98 = ORIENTED_EDGE('',*,*,#99,.F.);
#99 = EDGE_CURVE('',#44,#100,#102,.T.);
#100 = VERTEX_POINT('',#101);
#101 = CARTESIAN_POINT('',(-1.6,8.9,5.4));
#102 = LINE('',#103,#104);
#103 = CARTESIAN_POINT('',(-1.7,9.,5.5));
#104 = VECTOR('',#105,1.);
#105 = DIRECTION('',(0.57735026919,-0.57735026919,-0.57735026919));
#106 = ORIENTED_EDGE('',*,*,#43,.T.);
#107 = ORIENTED_EDGE('',*,*,#108,.T.);
#108 = EDGE_CURVE('',#46,#109,#111,.T.);
#109 = VERTEX_POINT('',#110);
#110 = CARTESIAN_POINT('',(-1.6,8.9,5.139364764492));
#111 = LINE('',#112,#113);
#112 = CARTESIAN_POINT('',(1.1375,6.1625,5.139364764492));
#113 = VECTOR('',#114,1.);
#114 = DIRECTION('',(0.707106781187,-0.707106781187,0.));
#115 = ORIENTED_EDGE('',*,*,#116,.F.);
#116 = EDGE_CURVE('',#100,#109,#117,.T.);
#117 = LINE('',#118,#119);
#118 = CARTESIAN_POINT('',(-1.6,8.9,5.4));
#119 = VECTOR('',#120,1.);
#120 = DIRECTION('',(0.,0.,-1.));
#121 = PLANE('',#122);
#122 = AXIS2_PLACEMENT_3D('',#123,#124,#125);
#123 = CARTESIAN_POINT('',(-1.75,9.05,5.4));
#124 = DIRECTION('',(0.707106781187,0.707106781187,0.));
#125 = DIRECTION('',(0.,0.,1.));
#126 = ADVANCED_FACE('',(#127),#153,.T.);
#127 = FACE_BOUND('',#128,.T.);
#128 = EDGE_LOOP('',(#129,#130,#131,#139,#147));
#129 = ORIENTED_EDGE('',*,*,#99,.F.);
#130 = ORIENTED_EDGE('',*,*,#85,.T.);
#131 = ORIENTED_EDGE('',*,*,#132,.T.);
#132 = EDGE_CURVE('',#78,#133,#135,.T.);
#133 = VERTEX_POINT('',#134);
#134 = CARTESIAN_POINT('',(-0.761883,8.96226,5.46226));
#135 = LINE('',#136,#137);
#136 = CARTESIAN_POINT('',(-0.761883,9.165565,5.665565));
#137 = VECTOR('',#138,1.);
#138 = DIRECTION('',(0.,-0.707106781187,-0.707106781187));
#139 = ORIENTED_EDGE('',*,*,#140,.T.);
#140 = EDGE_CURVE('',#133,#141,#143,.T.);
#141 = VERTEX_POINT('',#142);
#142 = CARTESIAN_POINT('',(-0.688614898343,8.9,5.4));
#143 = LINE('',#144,#145);
#144 = CARTESIAN_POINT('',(-0.929600033447,9.104778534891,5.604778534891
    ));
#145 = VECTOR('',#146,1.);
#146 = DIRECTION('',(0.639638043692,-0.543536186956,-0.543536186956));
#147 = ORIENTED_EDGE('',*,*,#148,.F.);
#148 = EDGE_CURVE('',#100,#141,#149,.T.);
#149 = LINE('',#150,#151);
#150 = CARTESIAN_POINT('',(-1.6,8.9,5.4));
#151 = VECTOR('',#152,1.);
#152 = DIRECTION('',(1.,0.,0.));
#153 = PLANE('',#154);
#154 = AXIS2_PLACEMENT_3D('',#155,#156,#157);
#155 = CARTESIAN_POINT('',(-1.6,9.05,5.55));
#156 = DIRECTION('',(0.,0.707106781187,-0.707106781187));
#157 = DIRECTION('',(1.,0.,0.));
#158 = ADVANCED_FACE('',(#159),#177,.T.);
#159 = FACE_BOUND('',#160,.T.);
#160 = EDGE_LOOP('',(#161,#169,#175,#176));
#161 = ORIENTED_EDGE('',*,*,#162,.F.);
#162 = EDGE_CURVE('',#163,#70,#165,.T.);
#163 = VERTEX_POINT('',#164);
#164 = CARTESIAN_POINT('',(-0.761883,8.96226,6.1));
#165 = LINE('',#166,#167);
#166 = CARTESIAN_POINT('',(-0.761883,8.96226,6.1));
#167 = VECTOR('',#168,1.);
#168 = DIRECTION('',(0.,1.,0.));
#169 = ORIENTED_EDGE('',*,*,#170,.T.);
#170 = EDGE_CURVE('',#163,#133,#171,.T.);
#171 = LINE('',#172,#173);
#172 = CARTESIAN_POINT('',(-0.761883,8.96226,6.1));
#173 = VECTOR('',#174,1.);
#174 = DIRECTION('',(-0.,-0.,-1.));
#175 = ORIENTED_EDGE('',*,*,#132,.F.);
#176 = ORIENTED_EDGE('',*,*,#77,.F.);
#177 = PLANE('',#178);
#178 = AXIS2_PLACEMENT_3D('',#179,#180,#181);
#179 = CARTESIAN_POINT('',(-0.761883,8.96226,6.1));
#180 = DIRECTION('',(1.,0.,0.));
#181 = DIRECTION('',(0.,1.,0.));
#182 = ADVANCED_FACE('',(#183),#459,.T.);
#183 = FACE_BOUND('',#184,.T.);
#184 = EDGE_LOOP('',(#185,#195,#203,#211,#219,#227,#235,#244,#252,#260,
    #268,#276,#284,#293,#301,#309,#315,#316,#317,#325,#333,#341,#349,
    #357,#365,#373,#381,#389,#397,#405,#413,#421,#429,#437,#445,#453));
#185 = ORIENTED_EDGE('',*,*,#186,.F.);
#186 = EDGE_CURVE('',#187,#189,#191,.T.);
#187 = VERTEX_POINT('',#188);
#188 = CARTESIAN_POINT('',(9.95,9.2,6.1));
#189 = VERTEX_POINT('',#190);
#190 = CARTESIAN_POINT('',(9.95,1.1,6.1));
#191 = LINE('',#192,#193);
#192 = CARTESIAN_POINT('',(9.95,9.2,6.1));
#193 = VECTOR('',#194,1.);
#194 = DIRECTION('',(0.,-1.,0.));
#195 = ORIENTED_EDGE('',*,*,#196,.T.);
#196 = EDGE_CURVE('',#187,#197,#199,.T.);
#197 = VERTEX_POINT('',#198);
#198 = CARTESIAN_POINT('',(8.261883,9.200000000188,6.1));
#199 = LINE('',#200,#201);
#200 = CARTESIAN_POINT('',(9.95,9.2,6.1));
#201 = VECTOR('',#202,1.);
#202 = DIRECTION('',(-1.,-0.,-0.));
#203 = ORIENTED_EDGE('',*,*,#204,.F.);
#204 = EDGE_CURVE('',#205,#197,#207,.T.);
#205 = VERTEX_POINT('',#206);
#206 = CARTESIAN_POINT('',(8.261883,8.962259999998,6.1));
#207 = LINE('',#208,#209);
#208 = CARTESIAN_POINT('',(8.261883,8.962259999998,6.1));
#209 = VECTOR('',#210,1.);
#210 = DIRECTION('',(0.,1.,0.));
#211 = ORIENTED_EDGE('',*,*,#212,.F.);
#212 = EDGE_CURVE('',#213,#205,#215,.T.);
#213 = VERTEX_POINT('',#214);
#214 = CARTESIAN_POINT('',(7.85,8.61226,6.1));
#215 = LINE('',#216,#217);
#216 = CARTESIAN_POINT('',(7.85,8.61226,6.1));
#217 = VECTOR('',#218,1.);
#218 = DIRECTION('',(0.762031109668,0.647540414104,0.));
#219 = ORIENTED_EDGE('',*,*,#220,.F.);
#220 = EDGE_CURVE('',#221,#213,#223,.T.);
#221 = VERTEX_POINT('',#222);
#222 = CARTESIAN_POINT('',(8.261883,8.262260000002,6.1));
#223 = LINE('',#224,#225);
#224 = CARTESIAN_POINT('',(8.261883,8.262260000002,6.1));
#225 = VECTOR('',#226,1.);
#226 = DIRECTION('',(-0.762031109668,0.647540414104,0.));
#227 = ORIENTED_EDGE('',*,*,#228,.F.);
#228 = EDGE_CURVE('',#229,#221,#231,.T.);
#229 = VERTEX_POINT('',#230);
#230 = CARTESIAN_POINT('',(8.261883,6.15,6.1));
#231 = LINE('',#232,#233);
#232 = CARTESIAN_POINT('',(8.261883,6.15,6.1));
#233 = VECTOR('',#234,1.);
#234 = DIRECTION('',(0.,1.,0.));
#235 = ORIENTED_EDGE('',*,*,#236,.F.);
#236 = EDGE_CURVE('',#237,#229,#239,.T.);
#237 = VERTEX_POINT('',#238);
#238 = CARTESIAN_POINT('',(7.611883,5.5,6.1));
#239 = CIRCLE('',#240,0.65);
#240 = AXIS2_PLACEMENT_3D('',#241,#242,#243);
#241 = CARTESIAN_POINT('',(7.611883,6.15,6.1));
#242 = DIRECTION('',(0.,0.,1.));
#243 = DIRECTION('',(1.,0.,0.));
#244 = ORIENTED_EDGE('',*,*,#245,.F.);
#245 = EDGE_CURVE('',#246,#237,#248,.T.);
#246 = VERTEX_POINT('',#247);
#247 = CARTESIAN_POINT('',(6.724717,5.5,6.1));
#248 = LINE('',#249,#250);
#249 = CARTESIAN_POINT('',(6.724717,5.5,6.1));
#250 = VECTOR('',#251,1.);
#251 = DIRECTION('',(1.,0.,0.));
#252 = ORIENTED_EDGE('',*,*,#253,.F.);
#253 = EDGE_CURVE('',#254,#246,#256,.T.);
#254 = VERTEX_POINT('',#255);
#255 = CARTESIAN_POINT('',(6.724717,9.200000000188,6.1));
#256 = LINE('',#257,#258);
#257 = CARTESIAN_POINT('',(6.724717,9.200000000188,6.1));
#258 = VECTOR('',#259,1.);
#259 = DIRECTION('',(0.,-1.,0.));
#260 = ORIENTED_EDGE('',*,*,#261,.T.);
#261 = EDGE_CURVE('',#254,#262,#264,.T.);
#262 = VERTEX_POINT('',#263);
#263 = CARTESIAN_POINT('',(0.775283,9.200000000188,6.1));
#264 = LINE('',#265,#266);
#265 = CARTESIAN_POINT('',(9.95,9.2,6.1));
#266 = VECTOR('',#267,1.);
#267 = DIRECTION('',(-1.,-0.,-0.));
#268 = ORIENTED_EDGE('',*,*,#269,.T.);
#269 = EDGE_CURVE('',#262,#270,#272,.T.);
#270 = VERTEX_POINT('',#271);
#271 = CARTESIAN_POINT('',(0.775283,5.5,6.1));
#272 = LINE('',#273,#274);
#273 = CARTESIAN_POINT('',(0.775283,9.200000000188,6.1));
#274 = VECTOR('',#275,1.);
#275 = DIRECTION('',(0.,-1.,0.));
#276 = ORIENTED_EDGE('',*,*,#277,.T.);
#277 = EDGE_CURVE('',#270,#278,#280,.T.);
#278 = VERTEX_POINT('',#279);
#279 = CARTESIAN_POINT('',(-0.111883,5.5,6.1));
#280 = LINE('',#281,#282);
#281 = CARTESIAN_POINT('',(0.775283,5.5,6.1));
#282 = VECTOR('',#283,1.);
#283 = DIRECTION('',(-1.,0.,0.));
#284 = ORIENTED_EDGE('',*,*,#285,.F.);
#285 = EDGE_CURVE('',#286,#278,#288,.T.);
#286 = VERTEX_POINT('',#287);
#287 = CARTESIAN_POINT('',(-0.761883,6.15,6.1));
#288 = CIRCLE('',#289,0.65);
#289 = AXIS2_PLACEMENT_3D('',#290,#291,#292);
#290 = CARTESIAN_POINT('',(-0.111883,6.15,6.1));
#291 = DIRECTION('',(0.,0.,1.));
#292 = DIRECTION('',(1.,0.,0.));
#293 = ORIENTED_EDGE('',*,*,#294,.T.);
#294 = EDGE_CURVE('',#286,#295,#297,.T.);
#295 = VERTEX_POINT('',#296);
#296 = CARTESIAN_POINT('',(-0.761883,8.26226,6.1));
#297 = LINE('',#298,#299);
#298 = CARTESIAN_POINT('',(-0.761883,6.15,6.1));
#299 = VECTOR('',#300,1.);
#300 = DIRECTION('',(0.,1.,0.));
#301 = ORIENTED_EDGE('',*,*,#302,.T.);
#302 = EDGE_CURVE('',#295,#303,#305,.T.);
#303 = VERTEX_POINT('',#304);
#304 = CARTESIAN_POINT('',(-0.35,8.61226,6.1));
#305 = LINE('',#306,#307);
#306 = CARTESIAN_POINT('',(-0.761883,8.26226,6.1));
#307 = VECTOR('',#308,1.);
#308 = DIRECTION('',(0.762031109666,0.647540414106,0.));
#309 = ORIENTED_EDGE('',*,*,#310,.T.);
#310 = EDGE_CURVE('',#303,#163,#311,.T.);
#311 = LINE('',#312,#313);
#312 = CARTESIAN_POINT('',(-0.35,8.61226,6.1));
#313 = VECTOR('',#314,1.);
#314 = DIRECTION('',(-0.762031109666,0.647540414106,0.));
#315 = ORIENTED_EDGE('',*,*,#162,.T.);
#316 = ORIENTED_EDGE('',*,*,#69,.T.);
#317 = ORIENTED_EDGE('',*,*,#318,.T.);
#318 = EDGE_CURVE('',#62,#319,#321,.T.);
#319 = VERTEX_POINT('',#320);
#320 = CARTESIAN_POINT('',(-2.45,1.1,6.1));
#321 = LINE('',#322,#323);
#322 = CARTESIAN_POINT('',(-2.45,9.2,6.1));
#323 = VECTOR('',#324,1.);
#324 = DIRECTION('',(0.,-1.,0.));
#325 = ORIENTED_EDGE('',*,*,#326,.F.);
#326 = EDGE_CURVE('',#327,#319,#329,.T.);
#327 = VERTEX_POINT('',#328);
#328 = CARTESIAN_POINT('',(-0.65,1.1,6.1));
#329 = LINE('',#330,#331);
#330 = CARTESIAN_POINT('',(9.95,1.1,6.1));
#331 = VECTOR('',#332,1.);
#332 = DIRECTION('',(-1.,-0.,-0.));
#333 = ORIENTED_EDGE('',*,*,#334,.T.);
#334 = EDGE_CURVE('',#327,#335,#337,.T.);
#335 = VERTEX_POINT('',#336);
#336 = CARTESIAN_POINT('',(-0.65,2.2,6.1));
#337 = LINE('',#338,#339);
#338 = CARTESIAN_POINT('',(-0.65,5.7,6.1));
#339 = VECTOR('',#340,1.);
#340 = DIRECTION('',(0.,1.,0.));
#341 = ORIENTED_EDGE('',*,*,#342,.T.);
#342 = EDGE_CURVE('',#335,#343,#345,.T.);
#343 = VERTEX_POINT('',#344);
#344 = CARTESIAN_POINT('',(0.65,2.2,6.1));
#345 = LINE('',#346,#347);
#346 = CARTESIAN_POINT('',(5.3,2.2,6.1));
#347 = VECTOR('',#348,1.);
#348 = DIRECTION('',(1.,0.,0.));
#349 = ORIENTED_EDGE('',*,*,#350,.T.);
#350 = EDGE_CURVE('',#343,#351,#353,.T.);
#351 = VERTEX_POINT('',#352);
#352 = CARTESIAN_POINT('',(0.65,1.1,6.1));
#353 = LINE('',#354,#355);
#354 = CARTESIAN_POINT('',(0.65,5.15,6.1));
#355 = VECTOR('',#356,1.);
#356 = DIRECTION('',(0.,-1.,0.));
#357 = ORIENTED_EDGE('',*,*,#358,.F.);
#358 = EDGE_CURVE('',#359,#351,#361,.T.);
#359 = VERTEX_POINT('',#360);
#360 = CARTESIAN_POINT('',(1.85,1.1,6.1));
#361 = LINE('',#362,#363);
#362 = CARTESIAN_POINT('',(9.95,1.1,6.1));
#363 = VECTOR('',#364,1.);
#364 = DIRECTION('',(-1.,-0.,-0.));
#365 = ORIENTED_EDGE('',*,*,#366,.T.);
#366 = EDGE_CURVE('',#359,#367,#369,.T.);
#367 = VERTEX_POINT('',#368);
#368 = CARTESIAN_POINT('',(1.85,2.2,6.1));
#369 = LINE('',#370,#371);
#370 = CARTESIAN_POINT('',(1.85,5.7,6.1));
#371 = VECTOR('',#372,1.);
#372 = DIRECTION('',(0.,1.,0.));
#373 = ORIENTED_EDGE('',*,*,#374,.T.);
#374 = EDGE_CURVE('',#367,#375,#377,.T.);
#375 = VERTEX_POINT('',#376);
#376 = CARTESIAN_POINT('',(3.15,2.2,6.1));
#377 = LINE('',#378,#379);
#378 = CARTESIAN_POINT('',(6.55,2.2,6.1));
#379 = VECTOR('',#380,1.);
#380 = DIRECTION('',(1.,0.,0.));
#381 = ORIENTED_EDGE('',*,*,#382,.T.);
#382 = EDGE_CURVE('',#375,#383,#385,.T.);
#383 = VERTEX_POINT('',#384);
#384 = CARTESIAN_POINT('',(3.15,1.1,6.1));
#385 = LINE('',#386,#387);
#386 = CARTESIAN_POINT('',(3.15,5.15,6.1));
#387 = VECTOR('',#388,1.);
#388 = DIRECTION('',(0.,-1.,0.));
#389 = ORIENTED_EDGE('',*,*,#390,.F.);
#390 = EDGE_CURVE('',#391,#383,#393,.T.);
#391 = VERTEX_POINT('',#392);
#392 = CARTESIAN_POINT('',(4.35,1.1,6.1));
#393 = LINE('',#394,#395);
#394 = CARTESIAN_POINT('',(9.95,1.1,6.1));
#395 = VECTOR('',#396,1.);
#396 = DIRECTION('',(-1.,-0.,-0.));
#397 = ORIENTED_EDGE('',*,*,#398,.T.);
#398 = EDGE_CURVE('',#391,#399,#401,.T.);
#399 = VERTEX_POINT('',#400);
#400 = CARTESIAN_POINT('',(4.35,2.2,6.1));
#401 = LINE('',#402,#403);
#402 = CARTESIAN_POINT('',(4.35,5.7,6.1));
#403 = VECTOR('',#404,1.);
#404 = DIRECTION('',(0.,1.,0.));
#405 = ORIENTED_EDGE('',*,*,#406,.T.);
#406 = EDGE_CURVE('',#399,#407,#409,.T.);
#407 = VERTEX_POINT('',#408);
#408 = CARTESIAN_POINT('',(5.65,2.2,6.1));
#409 = LINE('',#410,#411);
#410 = CARTESIAN_POINT('',(7.8,2.2,6.1));
#411 = VECTOR('',#412,1.);
#412 = DIRECTION('',(1.,0.,0.));
#413 = ORIENTED_EDGE('',*,*,#414,.T.);
#414 = EDGE_CURVE('',#407,#415,#417,.T.);
#415 = VERTEX_POINT('',#416);
#416 = CARTESIAN_POINT('',(5.65,1.1,6.1));
#417 = LINE('',#418,#419);
#418 = CARTESIAN_POINT('',(5.65,5.15,6.1));
#419 = VECTOR('',#420,1.);
#420 = DIRECTION('',(0.,-1.,0.));
#421 = ORIENTED_EDGE('',*,*,#422,.F.);
#422 = EDGE_CURVE('',#423,#415,#425,.T.);
#423 = VERTEX_POINT('',#424);
#424 = CARTESIAN_POINT('',(6.85,1.1,6.1));
#425 = LINE('',#426,#427);
#426 = CARTESIAN_POINT('',(9.95,1.1,6.1));
#427 = VECTOR('',#428,1.);
#428 = DIRECTION('',(-1.,-0.,-0.));
#429 = ORIENTED_EDGE('',*,*,#430,.T.);
#430 = EDGE_CURVE('',#423,#431,#433,.T.);
#431 = VERTEX_POINT('',#432);
#432 = CARTESIAN_POINT('',(6.85,2.2,6.1));
#433 = LINE('',#434,#435);
#434 = CARTESIAN_POINT('',(6.85,5.7,6.1));
#435 = VECTOR('',#436,1.);
#436 = DIRECTION('',(0.,1.,0.));
#437 = ORIENTED_EDGE('',*,*,#438,.T.);
#438 = EDGE_CURVE('',#431,#439,#441,.T.);
#439 = VERTEX_POINT('',#440);
#440 = CARTESIAN_POINT('',(8.15,2.2,6.1));
#441 = LINE('',#442,#443);
#442 = CARTESIAN_POINT('',(9.05,2.2,6.1));
#443 = VECTOR('',#444,1.);
#444 = DIRECTION('',(1.,0.,0.));
#445 = ORIENTED_EDGE('',*,*,#446,.T.);
#446 = EDGE_CURVE('',#439,#447,#449,.T.);
#447 = VERTEX_POINT('',#448);
#448 = CARTESIAN_POINT('',(8.15,1.1,6.1));
#449 = LINE('',#450,#451);
#450 = CARTESIAN_POINT('',(8.15,5.15,6.1));
#451 = VECTOR('',#452,1.);
#452 = DIRECTION('',(0.,-1.,0.));
#453 = ORIENTED_EDGE('',*,*,#454,.F.);
#454 = EDGE_CURVE('',#189,#447,#455,.T.);
#455 = LINE('',#456,#457);
#456 = CARTESIAN_POINT('',(9.95,1.1,6.1));
#457 = VECTOR('',#458,1.);
#458 = DIRECTION('',(-1.,-0.,-0.));
#459 = PLANE('',#460);
#460 = AXIS2_PLACEMENT_3D('',#461,#462,#463);
#461 = CARTESIAN_POINT('',(9.95,9.2,6.1));
#462 = DIRECTION('',(0.,0.,1.));
#463 = DIRECTION('',(0.,-1.,0.));
#464 = ADVANCED_FACE('',(#465),#540,.T.);
#465 = FACE_BOUND('',#466,.T.);
#466 = EDGE_LOOP('',(#467,#468,#476,#485,#493,#501,#509,#517,#525,#533,
    #539));
#467 = ORIENTED_EDGE('',*,*,#61,.F.);
#468 = ORIENTED_EDGE('',*,*,#469,.T.);
#469 = EDGE_CURVE('',#54,#470,#472,.T.);
#470 = VERTEX_POINT('',#471);
#471 = CARTESIAN_POINT('',(-2.45,6.763409230684,5.139364764492));
#472 = LINE('',#473,#474);
#473 = CARTESIAN_POINT('',(-2.45,9.2,5.139364764492));
#474 = VECTOR('',#475,1.);
#475 = DIRECTION('',(0.,-1.,0.));
#476 = ORIENTED_EDGE('',*,*,#477,.T.);
#477 = EDGE_CURVE('',#470,#478,#480,.T.);
#478 = VERTEX_POINT('',#479);
#479 = CARTESIAN_POINT('',(-2.45,6.062686230684,4.438641764492));
#480 = CIRCLE('',#481,0.700723);
#481 = AXIS2_PLACEMENT_3D('',#482,#483,#484);
#482 = CARTESIAN_POINT('',(-2.45,6.763409230684,4.438641764492));
#483 = DIRECTION('',(1.,0.,0.));
#484 = DIRECTION('',(0.,1.,0.));
#485 = ORIENTED_EDGE('',*,*,#486,.T.);
#486 = EDGE_CURVE('',#478,#487,#489,.T.);
#487 = VERTEX_POINT('',#488);
#488 = CARTESIAN_POINT('',(-2.45,6.062686230684,4.261812));
#489 = LINE('',#490,#491);
#490 = CARTESIAN_POINT('',(-2.45,6.062686230684,4.438641764492));
#491 = VECTOR('',#492,1.);
#492 = DIRECTION('',(0.,0.,-1.));
#493 = ORIENTED_EDGE('',*,*,#494,.F.);
#494 = EDGE_CURVE('',#495,#487,#497,.T.);
#495 = VERTEX_POINT('',#496);
#496 = CARTESIAN_POINT('',(-2.45,9.2,4.261812));
#497 = LINE('',#498,#499);
#498 = CARTESIAN_POINT('',(-2.45,9.2,4.261812));
#499 = VECTOR('',#500,1.);
#500 = DIRECTION('',(0.,-1.,0.));
#501 = ORIENTED_EDGE('',*,*,#502,.F.);
#502 = EDGE_CURVE('',#503,#495,#505,.T.);
#503 = VERTEX_POINT('',#504);
#504 = CARTESIAN_POINT('',(-2.45,9.2,0.));
#505 = LINE('',#506,#507);
#506 = CARTESIAN_POINT('',(-2.45,9.2,0.));
#507 = VECTOR('',#508,1.);
#508 = DIRECTION('',(0.,0.,1.));
#509 = ORIENTED_EDGE('',*,*,#510,.F.);
#510 = EDGE_CURVE('',#511,#503,#513,.T.);
#511 = VERTEX_POINT('',#512);
#512 = CARTESIAN_POINT('',(-2.45,-2.3,0.));
#513 = LINE('',#514,#515);
#514 = CARTESIAN_POINT('',(-2.45,1.1,0.));
#515 = VECTOR('',#516,1.);
#516 = DIRECTION('',(0.,1.,0.));
#517 = ORIENTED_EDGE('',*,*,#518,.F.);
#518 = EDGE_CURVE('',#519,#511,#521,.T.);
#519 = VERTEX_POINT('',#520);
#520 = CARTESIAN_POINT('',(-2.45,-2.3,2.974203));
#521 = LINE('',#522,#523);
#522 = CARTESIAN_POINT('',(-2.45,-2.3,2.974203));
#523 = VECTOR('',#524,1.);
#524 = DIRECTION('',(0.,0.,-1.));
#525 = ORIENTED_EDGE('',*,*,#526,.F.);
#526 = EDGE_CURVE('',#527,#519,#529,.T.);
#527 = VERTEX_POINT('',#528);
#528 = CARTESIAN_POINT('',(-2.45,1.1,4.573209));
#529 = LINE('',#530,#531);
#530 = CARTESIAN_POINT('',(-2.45,1.1,4.573209));
#531 = VECTOR('',#532,1.);
#532 = DIRECTION('',(0.,-0.904920601612,-0.425580432795));
#533 = ORIENTED_EDGE('',*,*,#534,.F.);
#534 = EDGE_CURVE('',#319,#527,#535,.T.);
#535 = LINE('',#536,#537);
#536 = CARTESIAN_POINT('',(-2.45,1.1,6.1));
#537 = VECTOR('',#538,1.);
#538 = DIRECTION('',(0.,0.,-1.));
#539 = ORIENTED_EDGE('',*,*,#318,.F.);
#540 = PLANE('',#541);
#541 = AXIS2_PLACEMENT_3D('',#542,#543,#544);
#542 = CARTESIAN_POINT('',(-2.45,4.342944978637,3.071329778853));
#543 = DIRECTION('',(-1.,-0.,-0.));
#544 = DIRECTION('',(0.,0.,-1.));
#545 = ADVANCED_FACE('',(#546),#565,.F.);
#546 = FACE_BOUND('',#547,.F.);
#547 = EDGE_LOOP('',(#548,#556,#557,#558,#559));
#548 = ORIENTED_EDGE('',*,*,#549,.T.);
#549 = EDGE_CURVE('',#550,#109,#552,.T.);
#550 = VERTEX_POINT('',#551);
#551 = CARTESIAN_POINT('',(-1.6,6.763409230684,5.139364764492));
#552 = LINE('',#553,#554);
#553 = CARTESIAN_POINT('',(-1.6,7.892722487542,5.139364764492));
#554 = VECTOR('',#555,1.);
#555 = DIRECTION('',(0.,1.,0.));
#556 = ORIENTED_EDGE('',*,*,#108,.F.);
#557 = ORIENTED_EDGE('',*,*,#53,.T.);
#558 = ORIENTED_EDGE('',*,*,#469,.T.);
#559 = ORIENTED_EDGE('',*,*,#560,.F.);
#560 = EDGE_CURVE('',#550,#470,#561,.T.);
#561 = LINE('',#562,#563);
#562 = CARTESIAN_POINT('',(9.95,6.763409230684,5.139364764492));
#563 = VECTOR('',#564,1.);
#564 = DIRECTION('',(-1.,-0.,-0.));
#565 = PLANE('',#566);
#566 = AXIS2_PLACEMENT_3D('',#567,#568,#569);
#567 = CARTESIAN_POINT('',(9.95,9.2,5.139364764492));
#568 = DIRECTION('',(0.,0.,1.));
#569 = DIRECTION('',(0.,-1.,0.));
#570 = ADVANCED_FACE('',(#571),#646,.T.);
#571 = FACE_BOUND('',#572,.T.);
#572 = EDGE_LOOP('',(#573,#574,#575,#583,#591,#599,#607,#615,#623,#631,
    #639));
#573 = ORIENTED_EDGE('',*,*,#549,.T.);
#574 = ORIENTED_EDGE('',*,*,#116,.F.);
#575 = ORIENTED_EDGE('',*,*,#576,.T.);
#576 = EDGE_CURVE('',#100,#577,#579,.T.);
#577 = VERTEX_POINT('',#578);
#578 = CARTESIAN_POINT('',(-1.6,4.5,5.4));
#579 = LINE('',#580,#581);
#580 = CARTESIAN_POINT('',(-1.6,9.2,5.4));
#581 = VECTOR('',#582,1.);
#582 = DIRECTION('',(0.,-1.,0.));
#583 = ORIENTED_EDGE('',*,*,#584,.T.);
#584 = EDGE_CURVE('',#577,#585,#587,.T.);
#585 = VERTEX_POINT('',#586);
#586 = CARTESIAN_POINT('',(-1.6,4.5,3.107423));
#587 = LINE('',#588,#589);
#588 = CARTESIAN_POINT('',(-1.6,4.5,5.4));
#589 = VECTOR('',#590,1.);
#590 = DIRECTION('',(0.,0.,-1.));
#591 = ORIENTED_EDGE('',*,*,#592,.T.);
#592 = EDGE_CURVE('',#585,#593,#595,.T.);
#593 = VERTEX_POINT('',#594);
#594 = CARTESIAN_POINT('',(-1.6,3.8,2.56995));
#595 = LINE('',#596,#597);
#596 = CARTESIAN_POINT('',(-1.6,4.5,3.107423));
#597 = VECTOR('',#598,1.);
#598 = DIRECTION('',(0.,-0.793164991819,-0.609006810925));
#599 = ORIENTED_EDGE('',*,*,#600,.T.);
#600 = EDGE_CURVE('',#593,#601,#603,.T.);
#601 = VERTEX_POINT('',#602);
#602 = CARTESIAN_POINT('',(-1.6,3.8,1.));
#603 = LINE('',#604,#605);
#604 = CARTESIAN_POINT('',(-1.6,3.8,2.56995));
#605 = VECTOR('',#606,1.);
#606 = DIRECTION('',(0.,0.,-1.));
#607 = ORIENTED_EDGE('',*,*,#608,.T.);
#608 = EDGE_CURVE('',#601,#609,#611,.T.);
#609 = VERTEX_POINT('',#610);
#610 = CARTESIAN_POINT('',(-1.6,8.9,1.));
#611 = LINE('',#612,#613);
#612 = CARTESIAN_POINT('',(-1.6,3.8,1.));
#613 = VECTOR('',#614,1.);
#614 = DIRECTION('',(0.,1.,0.));
#615 = ORIENTED_EDGE('',*,*,#616,.F.);
#616 = EDGE_CURVE('',#617,#609,#619,.T.);
#617 = VERTEX_POINT('',#618);
#618 = CARTESIAN_POINT('',(-1.6,8.9,4.261812));
#619 = LINE('',#620,#621);
#620 = CARTESIAN_POINT('',(-1.6,8.9,4.261812));
#621 = VECTOR('',#622,1.);
#622 = DIRECTION('',(0.,0.,-1.));
#623 = ORIENTED_EDGE('',*,*,#624,.F.);
#624 = EDGE_CURVE('',#625,#617,#627,.T.);
#625 = VERTEX_POINT('',#626);
#626 = CARTESIAN_POINT('',(-1.6,6.062686230684,4.261812));
#627 = LINE('',#628,#629);
#628 = CARTESIAN_POINT('',(-1.6,7.892722487542,4.261812));
#629 = VECTOR('',#630,1.);
#630 = DIRECTION('',(0.,1.,0.));
#631 = ORIENTED_EDGE('',*,*,#632,.T.);
#632 = EDGE_CURVE('',#625,#633,#635,.T.);
#633 = VERTEX_POINT('',#634);
#634 = CARTESIAN_POINT('',(-1.6,6.062686230684,4.438641764492));
#635 = LINE('',#636,#637);
#636 = CARTESIAN_POINT('',(-1.6,6.062686230684,3.226507453172));
#637 = VECTOR('',#638,1.);
#638 = DIRECTION('',(0.,0.,1.));
#639 = ORIENTED_EDGE('',*,*,#640,.F.);
#640 = EDGE_CURVE('',#550,#633,#641,.T.);
#641 = CIRCLE('',#642,0.700723);
#642 = AXIS2_PLACEMENT_3D('',#643,#644,#645);
#643 = CARTESIAN_POINT('',(-1.6,6.763409230684,4.438641764492));
#644 = DIRECTION('',(1.,0.,0.));
#645 = DIRECTION('',(0.,1.,0.));
#646 = PLANE('',#647);
#647 = AXIS2_PLACEMENT_3D('',#648,#649,#650);
#648 = CARTESIAN_POINT('',(-1.6,6.585444975084,2.014373141851));
#649 = DIRECTION('',(1.,0.,0.));
#650 = DIRECTION('',(0.,0.,1.));
#651 = ADVANCED_FACE('',(#652),#784,.T.);
#652 = FACE_BOUND('',#653,.T.);
#653 = EDGE_LOOP('',(#654,#655,#656,#664,#672,#680,#689,#697,#705,#713,
    #721,#729,#738,#746,#754,#762,#770,#778));
#654 = ORIENTED_EDGE('',*,*,#576,.F.);
#655 = ORIENTED_EDGE('',*,*,#148,.T.);
#656 = ORIENTED_EDGE('',*,*,#657,.T.);
#657 = EDGE_CURVE('',#141,#658,#660,.T.);
#658 = VERTEX_POINT('',#659);
#659 = CARTESIAN_POINT('',(-0.35,8.61226,5.4));
#660 = LINE('',#661,#662);
#661 = CARTESIAN_POINT('',(-0.857941091043,9.043885927423,5.4));
#662 = VECTOR('',#663,1.);
#663 = DIRECTION('',(0.762031109666,-0.647540414106,0.));
#664 = ORIENTED_EDGE('',*,*,#665,.T.);
#665 = EDGE_CURVE('',#658,#666,#668,.T.);
#666 = VERTEX_POINT('',#667);
#667 = CARTESIAN_POINT('',(-0.761883,8.26226,5.4));
#668 = LINE('',#669,#670);
#669 = CARTESIAN_POINT('',(-0.773864674082,8.252078502029,5.4));
#670 = VECTOR('',#671,1.);
#671 = DIRECTION('',(-0.762031109666,-0.647540414106,-0.));
#672 = ORIENTED_EDGE('',*,*,#673,.T.);
#673 = EDGE_CURVE('',#666,#674,#676,.T.);
#674 = VERTEX_POINT('',#675);
#675 = CARTESIAN_POINT('',(-0.761883,6.15,5.4));
#676 = LINE('',#677,#678);
#677 = CARTESIAN_POINT('',(-0.761883,7.675,5.4));
#678 = VECTOR('',#679,1.);
#679 = DIRECTION('',(0.,-1.,0.));
#680 = ORIENTED_EDGE('',*,*,#681,.T.);
#681 = EDGE_CURVE('',#674,#682,#684,.T.);
#682 = VERTEX_POINT('',#683);
#683 = CARTESIAN_POINT('',(-0.111883,5.5,5.4));
#684 = CIRCLE('',#685,0.65);
#685 = AXIS2_PLACEMENT_3D('',#686,#687,#688);
#686 = CARTESIAN_POINT('',(-0.111883,6.15,5.4));
#687 = DIRECTION('',(0.,0.,1.));
#688 = DIRECTION('',(1.,0.,0.));
#689 = ORIENTED_EDGE('',*,*,#690,.T.);
#690 = EDGE_CURVE('',#682,#691,#693,.T.);
#691 = VERTEX_POINT('',#692);
#692 = CARTESIAN_POINT('',(0.775283,5.5,5.4));
#693 = LINE('',#694,#695);
#694 = CARTESIAN_POINT('',(-0.4123585,5.5,5.4));
#695 = VECTOR('',#696,1.);
#696 = DIRECTION('',(1.,0.,0.));
#697 = ORIENTED_EDGE('',*,*,#698,.T.);
#698 = EDGE_CURVE('',#691,#699,#701,.T.);
#699 = VERTEX_POINT('',#700);
#700 = CARTESIAN_POINT('',(0.775283,8.9,5.4));
#701 = LINE('',#702,#703);
#702 = CARTESIAN_POINT('',(0.775283,9.200000000094,5.4));
#703 = VECTOR('',#704,1.);
#704 = DIRECTION('',(0.,1.,0.));
#705 = ORIENTED_EDGE('',*,*,#706,.T.);
#706 = EDGE_CURVE('',#699,#707,#709,.T.);
#707 = VERTEX_POINT('',#708);
#708 = CARTESIAN_POINT('',(6.724717,8.9,5.4));
#709 = LINE('',#710,#711);
#710 = CARTESIAN_POINT('',(-1.6,8.9,5.4));
#711 = VECTOR('',#712,1.);
#712 = DIRECTION('',(1.,0.,0.));
#713 = ORIENTED_EDGE('',*,*,#714,.F.);
#714 = EDGE_CURVE('',#715,#707,#717,.T.);
#715 = VERTEX_POINT('',#716);
#716 = CARTESIAN_POINT('',(6.724717,5.5,5.4));
#717 = LINE('',#718,#719);
#718 = CARTESIAN_POINT('',(6.724717,9.200000000094,5.4));
#719 = VECTOR('',#720,1.);
#720 = DIRECTION('',(0.,1.,0.));
#721 = ORIENTED_EDGE('',*,*,#722,.F.);
#722 = EDGE_CURVE('',#723,#715,#725,.T.);
#723 = VERTEX_POINT('',#724);
#724 = CARTESIAN_POINT('',(7.611883,5.5,5.4));
#725 = LINE('',#726,#727);
#726 = CARTESIAN_POINT('',(2.5623585,5.5,5.4));
#727 = VECTOR('',#728,1.);
#728 = DIRECTION('',(-1.,-0.,-0.));
#729 = ORIENTED_EDGE('',*,*,#730,.T.);
#730 = EDGE_CURVE('',#723,#731,#733,.T.);
#731 = VERTEX_POINT('',#732);
#732 = CARTESIAN_POINT('',(8.261883,6.15,5.4));
#733 = CIRCLE('',#734,0.65);
#734 = AXIS2_PLACEMENT_3D('',#735,#736,#737);
#735 = CARTESIAN_POINT('',(7.611883,6.15,5.4));
#736 = DIRECTION('',(0.,0.,1.));
#737 = DIRECTION('',(1.,0.,0.));
#738 = ORIENTED_EDGE('',*,*,#739,.F.);
#739 = EDGE_CURVE('',#740,#731,#742,.T.);
#740 = VERTEX_POINT('',#741);
#741 = CARTESIAN_POINT('',(8.261883,8.262260000002,5.4));
#742 = LINE('',#743,#744);
#743 = CARTESIAN_POINT('',(8.261883,7.675,5.4));
#744 = VECTOR('',#745,1.);
#745 = DIRECTION('',(0.,-1.,0.));
#746 = ORIENTED_EDGE('',*,*,#747,.F.);
#747 = EDGE_CURVE('',#748,#740,#750,.T.);
#748 = VERTEX_POINT('',#749);
#749 = CARTESIAN_POINT('',(7.85,8.61226,5.4));
#750 = LINE('',#751,#752);
#751 = CARTESIAN_POINT('',(5.167165619337,10.892014282713,5.4));
#752 = VECTOR('',#753,1.);
#753 = DIRECTION('',(0.762031109668,-0.647540414104,0.));
#754 = ORIENTED_EDGE('',*,*,#755,.F.);
#755 = EDGE_CURVE('',#756,#748,#758,.T.);
#756 = VERTEX_POINT('',#757);
#757 = CARTESIAN_POINT('',(8.188614898345,8.9,5.4));
#758 = LINE('',#759,#760);
#759 = CARTESIAN_POINT('',(5.251242036298,6.403950146739,5.4));
#760 = VECTOR('',#761,1.);
#761 = DIRECTION('',(-0.762031109668,-0.647540414104,-0.));
#762 = ORIENTED_EDGE('',*,*,#763,.T.);
#763 = EDGE_CURVE('',#756,#764,#766,.T.);
#764 = VERTEX_POINT('',#765);
#765 = CARTESIAN_POINT('',(9.1,8.9,5.4));
#766 = LINE('',#767,#768);
#767 = CARTESIAN_POINT('',(-1.6,8.9,5.4));
#768 = VECTOR('',#769,1.);
#769 = DIRECTION('',(1.,0.,0.));
#770 = ORIENTED_EDGE('',*,*,#771,.T.);
#771 = EDGE_CURVE('',#764,#772,#774,.T.);
#772 = VERTEX_POINT('',#773);
#773 = CARTESIAN_POINT('',(9.1,4.5,5.4));
#774 = LINE('',#775,#776);
#775 = CARTESIAN_POINT('',(9.1,9.2,5.4));
#776 = VECTOR('',#777,1.);
#777 = DIRECTION('',(0.,-1.,0.));
#778 = ORIENTED_EDGE('',*,*,#779,.F.);
#779 = EDGE_CURVE('',#577,#772,#780,.T.);
#780 = LINE('',#781,#782);
#781 = CARTESIAN_POINT('',(-1.6,4.5,5.4));
#782 = VECTOR('',#783,1.);
#783 = DIRECTION('',(1.,0.,0.));
#784 = PLANE('',#785);
#785 = AXIS2_PLACEMENT_3D('',#786,#787,#788);
#786 = CARTESIAN_POINT('',(-1.6,9.2,5.4));
#787 = DIRECTION('',(0.,0.,-1.));
#788 = DIRECTION('',(0.,-1.,0.));
#789 = ADVANCED_FACE('',(#790),#802,.T.);
#790 = FACE_BOUND('',#791,.T.);
#791 = EDGE_LOOP('',(#792,#793,#799,#800,#801));
#792 = ORIENTED_EDGE('',*,*,#310,.F.);
#793 = ORIENTED_EDGE('',*,*,#794,.T.);
#794 = EDGE_CURVE('',#303,#658,#795,.T.);
#795 = LINE('',#796,#797);
#796 = CARTESIAN_POINT('',(-0.35,8.61226,6.1));
#797 = VECTOR('',#798,1.);
#798 = DIRECTION('',(-0.,-0.,-1.));
#799 = ORIENTED_EDGE('',*,*,#657,.F.);
#800 = ORIENTED_EDGE('',*,*,#140,.F.);
#801 = ORIENTED_EDGE('',*,*,#170,.F.);
#802 = PLANE('',#803);
#803 = AXIS2_PLACEMENT_3D('',#804,#805,#806);
#804 = CARTESIAN_POINT('',(-0.35,8.61226,6.1));
#805 = DIRECTION('',(0.647540414106,0.762031109666,0.));
#806 = DIRECTION('',(-0.762031109666,0.647540414106,0.));
#807 = ADVANCED_FACE('',(#808),#890,.T.);
#808 = FACE_BOUND('',#809,.T.);
#809 = EDGE_LOOP('',(#810,#818,#819,#827,#835,#843,#851,#859,#867,#875,
    #884));
#810 = ORIENTED_EDGE('',*,*,#811,.T.);
#811 = EDGE_CURVE('',#812,#187,#814,.T.);
#812 = VERTEX_POINT('',#813);
#813 = CARTESIAN_POINT('',(9.95,9.2,5.139364764492));
#814 = LINE('',#815,#816);
#815 = CARTESIAN_POINT('',(9.95,9.2,5.139364764492));
#816 = VECTOR('',#817,1.);
#817 = DIRECTION('',(0.,0.,1.));
#818 = ORIENTED_EDGE('',*,*,#186,.T.);
#819 = ORIENTED_EDGE('',*,*,#820,.T.);
#820 = EDGE_CURVE('',#189,#821,#823,.T.);
#821 = VERTEX_POINT('',#822);
#822 = CARTESIAN_POINT('',(9.95,1.1,4.573209));
#823 = LINE('',#824,#825);
#824 = CARTESIAN_POINT('',(9.95,1.1,6.1));
#825 = VECTOR('',#826,1.);
#826 = DIRECTION('',(0.,0.,-1.));
#827 = ORIENTED_EDGE('',*,*,#828,.T.);
#828 = EDGE_CURVE('',#821,#829,#831,.T.);
#829 = VERTEX_POINT('',#830);
#830 = CARTESIAN_POINT('',(9.95,-2.3,2.974203));
#831 = LINE('',#832,#833);
#832 = CARTESIAN_POINT('',(9.95,1.1,4.573209));
#833 = VECTOR('',#834,1.);
#834 = DIRECTION('',(0.,-0.904920601612,-0.425580432795));
#835 = ORIENTED_EDGE('',*,*,#836,.T.);
#836 = EDGE_CURVE('',#829,#837,#839,.T.);
#837 = VERTEX_POINT('',#838);
#838 = CARTESIAN_POINT('',(9.95,-2.3,0.));
#839 = LINE('',#840,#841);
#840 = CARTESIAN_POINT('',(9.95,-2.3,2.974203));
#841 = VECTOR('',#842,1.);
#842 = DIRECTION('',(0.,0.,-1.));
#843 = ORIENTED_EDGE('',*,*,#844,.T.);
#844 = EDGE_CURVE('',#837,#845,#847,.T.);
#845 = VERTEX_POINT('',#846);
#846 = CARTESIAN_POINT('',(9.95,9.2,0.));
#847 = LINE('',#848,#849);
#848 = CARTESIAN_POINT('',(9.95,-2.3,0.));
#849 = VECTOR('',#850,1.);
#850 = DIRECTION('',(0.,1.,0.));
#851 = ORIENTED_EDGE('',*,*,#852,.T.);
#852 = EDGE_CURVE('',#845,#853,#855,.T.);
#853 = VERTEX_POINT('',#854);
#854 = CARTESIAN_POINT('',(9.95,9.2,4.261812));
#855 = LINE('',#856,#857);
#856 = CARTESIAN_POINT('',(9.95,9.2,0.));
#857 = VECTOR('',#858,1.);
#858 = DIRECTION('',(0.,0.,1.));
#859 = ORIENTED_EDGE('',*,*,#860,.T.);
#860 = EDGE_CURVE('',#853,#861,#863,.T.);
#861 = VERTEX_POINT('',#862);
#862 = CARTESIAN_POINT('',(9.95,6.062686230684,4.261812));
#863 = LINE('',#864,#865);
#864 = CARTESIAN_POINT('',(9.95,9.2,4.261812));
#865 = VECTOR('',#866,1.);
#866 = DIRECTION('',(0.,-1.,0.));
#867 = ORIENTED_EDGE('',*,*,#868,.F.);
#868 = EDGE_CURVE('',#869,#861,#871,.T.);
#869 = VERTEX_POINT('',#870);
#870 = CARTESIAN_POINT('',(9.95,6.062686230684,4.438641764492));
#871 = LINE('',#872,#873);
#872 = CARTESIAN_POINT('',(9.95,6.062686230684,4.438641764492));
#873 = VECTOR('',#874,1.);
#874 = DIRECTION('',(0.,0.,-1.));
#875 = ORIENTED_EDGE('',*,*,#876,.F.);
#876 = EDGE_CURVE('',#877,#869,#879,.T.);
#877 = VERTEX_POINT('',#878);
#878 = CARTESIAN_POINT('',(9.95,6.763409230684,5.139364764492));
#879 = CIRCLE('',#880,0.700723);
#880 = AXIS2_PLACEMENT_3D('',#881,#882,#883);
#881 = CARTESIAN_POINT('',(9.95,6.763409230684,4.438641764492));
#882 = DIRECTION('',(1.,0.,0.));
#883 = DIRECTION('',(0.,1.,0.));
#884 = ORIENTED_EDGE('',*,*,#885,.F.);
#885 = EDGE_CURVE('',#812,#877,#886,.T.);
#886 = LINE('',#887,#888);
#887 = CARTESIAN_POINT('',(9.95,9.2,5.139364764492));
#888 = VECTOR('',#889,1.);
#889 = DIRECTION('',(0.,-1.,0.));
#890 = PLANE('',#891);
#891 = AXIS2_PLACEMENT_3D('',#892,#893,#894);
#892 = CARTESIAN_POINT('',(9.95,4.342944978637,3.071329778853));
#893 = DIRECTION('',(1.,0.,0.));
#894 = DIRECTION('',(0.,0.,1.));
#895 = ADVANCED_FACE('',(#896),#930,.T.);
#896 = FACE_BOUND('',#897,.T.);
#897 = EDGE_LOOP('',(#898,#899,#900,#908,#916,#924));
#898 = ORIENTED_EDGE('',*,*,#820,.F.);
#899 = ORIENTED_EDGE('',*,*,#454,.T.);
#900 = ORIENTED_EDGE('',*,*,#901,.F.);
#901 = EDGE_CURVE('',#902,#447,#904,.T.);
#902 = VERTEX_POINT('',#903);
#903 = CARTESIAN_POINT('',(8.15,1.1,0.));
#904 = LINE('',#905,#906);
#905 = CARTESIAN_POINT('',(8.15,1.1,0.));
#906 = VECTOR('',#907,1.);
#907 = DIRECTION('',(0.,0.,1.));
#908 = ORIENTED_EDGE('',*,*,#909,.F.);
#909 = EDGE_CURVE('',#910,#902,#912,.T.);
#910 = VERTEX_POINT('',#911);
#911 = CARTESIAN_POINT('',(8.95,1.1,0.));
#912 = LINE('',#913,#914);
#913 = CARTESIAN_POINT('',(9.95,1.1,0.));
#914 = VECTOR('',#915,1.);
#915 = DIRECTION('',(-1.,-0.,-0.));
#916 = ORIENTED_EDGE('',*,*,#917,.T.);
#917 = EDGE_CURVE('',#910,#918,#920,.T.);
#918 = VERTEX_POINT('',#919);
#919 = CARTESIAN_POINT('',(8.95,1.1,4.573209));
#920 = LINE('',#921,#922);
#921 = CARTESIAN_POINT('',(8.95,1.1,0.));
#922 = VECTOR('',#923,1.);
#923 = DIRECTION('',(0.,9.710669463173E-17,1.));
#924 = ORIENTED_EDGE('',*,*,#925,.T.);
#925 = EDGE_CURVE('',#918,#821,#926,.T.);
#926 = LINE('',#927,#928);
#927 = CARTESIAN_POINT('',(8.95,1.1,4.573209));
#928 = VECTOR('',#929,1.);
#929 = DIRECTION('',(1.,0.,0.));
#930 = PLANE('',#931);
#931 = AXIS2_PLACEMENT_3D('',#932,#933,#934);
#932 = CARTESIAN_POINT('',(9.95,1.1,6.1));
#933 = DIRECTION('',(0.,-1.,0.));
#934 = DIRECTION('',(0.,0.,-1.));
#935 = ADVANCED_FACE('',(#936),#954,.T.);
#936 = FACE_BOUND('',#937,.T.);
#937 = EDGE_LOOP('',(#938,#946,#947,#948));
#938 = ORIENTED_EDGE('',*,*,#939,.F.);
#939 = EDGE_CURVE('',#902,#940,#942,.T.);
#940 = VERTEX_POINT('',#941);
#941 = CARTESIAN_POINT('',(8.15,2.2,0.));
#942 = LINE('',#943,#944);
#943 = CARTESIAN_POINT('',(8.15,1.1,0.));
#944 = VECTOR('',#945,1.);
#945 = DIRECTION('',(0.,1.,0.));
#946 = ORIENTED_EDGE('',*,*,#901,.T.);
#947 = ORIENTED_EDGE('',*,*,#446,.F.);
#948 = ORIENTED_EDGE('',*,*,#949,.F.);
#949 = EDGE_CURVE('',#940,#439,#950,.T.);
#950 = LINE('',#951,#952);
#951 = CARTESIAN_POINT('',(8.15,2.2,0.));
#952 = VECTOR('',#953,1.);
#953 = DIRECTION('',(0.,0.,1.));
#954 = PLANE('',#955);
#955 = AXIS2_PLACEMENT_3D('',#956,#957,#958);
#956 = CARTESIAN_POINT('',(8.15,1.1,0.));
#957 = DIRECTION('',(-1.,0.,0.));
#958 = DIRECTION('',(0.,1.,0.));
#959 = ADVANCED_FACE('',(#960,#978),#1012,.T.);
#960 = FACE_BOUND('',#961,.T.);
#961 = EDGE_LOOP('',(#962,#970,#971,#972));
#962 = ORIENTED_EDGE('',*,*,#963,.F.);
#963 = EDGE_CURVE('',#940,#964,#966,.T.);
#964 = VERTEX_POINT('',#965);
#965 = CARTESIAN_POINT('',(6.85,2.2,0.));
#966 = LINE('',#967,#968);
#967 = CARTESIAN_POINT('',(8.15,2.2,0.));
#968 = VECTOR('',#969,1.);
#969 = DIRECTION('',(-1.,0.,0.));
#970 = ORIENTED_EDGE('',*,*,#949,.T.);
#971 = ORIENTED_EDGE('',*,*,#438,.F.);
#972 = ORIENTED_EDGE('',*,*,#973,.F.);
#973 = EDGE_CURVE('',#964,#431,#974,.T.);
#974 = LINE('',#975,#976);
#975 = CARTESIAN_POINT('',(6.85,2.2,0.));
#976 = VECTOR('',#977,1.);
#977 = DIRECTION('',(0.,0.,1.));
#978 = FACE_BOUND('',#979,.T.);
#979 = EDGE_LOOP('',(#980,#990,#998,#1006));
#980 = ORIENTED_EDGE('',*,*,#981,.F.);
#981 = EDGE_CURVE('',#982,#984,#986,.T.);
#982 = VERTEX_POINT('',#983);
#983 = CARTESIAN_POINT('',(7.18,2.2,4.07));
#984 = VERTEX_POINT('',#985);
#985 = CARTESIAN_POINT('',(7.18,2.2,3.43));
#986 = LINE('',#987,#988);
#987 = CARTESIAN_POINT('',(7.18,2.2,2.035));
#988 = VECTOR('',#989,1.);
#989 = DIRECTION('',(-0.,-0.,-1.));
#990 = ORIENTED_EDGE('',*,*,#991,.F.);
#991 = EDGE_CURVE('',#992,#982,#994,.T.);
#992 = VERTEX_POINT('',#993);
#993 = CARTESIAN_POINT('',(7.82,2.2,4.07));
#994 = LINE('',#995,#996);
#995 = CARTESIAN_POINT('',(7.985,2.2,4.07));
#996 = VECTOR('',#997,1.);
#997 = DIRECTION('',(-1.,0.,0.));
#998 = ORIENTED_EDGE('',*,*,#999,.F.);
#999 = EDGE_CURVE('',#1000,#992,#1002,.T.);
#1000 = VERTEX_POINT('',#1001);
#1001 = CARTESIAN_POINT('',(7.82,2.2,3.43));
#1002 = LINE('',#1003,#1004);
#1003 = CARTESIAN_POINT('',(7.82,2.2,1.715));
#1004 = VECTOR('',#1005,1.);
#1005 = DIRECTION('',(0.,0.,1.));
#1006 = ORIENTED_EDGE('',*,*,#1007,.F.);
#1007 = EDGE_CURVE('',#984,#1000,#1008,.T.);
#1008 = LINE('',#1009,#1010);
#1009 = CARTESIAN_POINT('',(7.665,2.2,3.43));
#1010 = VECTOR('',#1011,1.);
#1011 = DIRECTION('',(1.,0.,0.));
#1012 = PLANE('',#1013);
#1013 = AXIS2_PLACEMENT_3D('',#1014,#1015,#1016);
#1014 = CARTESIAN_POINT('',(8.15,2.2,0.));
#1015 = DIRECTION('',(0.,-1.,0.));
#1016 = DIRECTION('',(-1.,0.,0.));
#1017 = ADVANCED_FACE('',(#1018),#1036,.T.);
#1018 = FACE_BOUND('',#1019,.T.);
#1019 = EDGE_LOOP('',(#1020,#1028,#1029,#1030));
#1020 = ORIENTED_EDGE('',*,*,#1021,.F.);
#1021 = EDGE_CURVE('',#964,#1022,#1024,.T.);
#1022 = VERTEX_POINT('',#1023);
#1023 = CARTESIAN_POINT('',(6.85,1.1,0.));
#1024 = LINE('',#1025,#1026);
#1025 = CARTESIAN_POINT('',(6.85,2.2,0.));
#1026 = VECTOR('',#1027,1.);
#1027 = DIRECTION('',(0.,-1.,0.));
#1028 = ORIENTED_EDGE('',*,*,#973,.T.);
#1029 = ORIENTED_EDGE('',*,*,#430,.F.);
#1030 = ORIENTED_EDGE('',*,*,#1031,.F.);
#1031 = EDGE_CURVE('',#1022,#423,#1032,.T.);
#1032 = LINE('',#1033,#1034);
#1033 = CARTESIAN_POINT('',(6.85,1.1,0.));
#1034 = VECTOR('',#1035,1.);
#1035 = DIRECTION('',(0.,0.,1.));
#1036 = PLANE('',#1037);
#1037 = AXIS2_PLACEMENT_3D('',#1038,#1039,#1040);
#1038 = CARTESIAN_POINT('',(6.85,2.2,0.));
#1039 = DIRECTION('',(1.,0.,0.));
#1040 = DIRECTION('',(0.,-1.,0.));
#1041 = ADVANCED_FACE('',(#1042),#1060,.T.);
#1042 = FACE_BOUND('',#1043,.T.);
#1043 = EDGE_LOOP('',(#1044,#1045,#1046,#1054));
#1044 = ORIENTED_EDGE('',*,*,#1031,.T.);
#1045 = ORIENTED_EDGE('',*,*,#422,.T.);
#1046 = ORIENTED_EDGE('',*,*,#1047,.F.);
#1047 = EDGE_CURVE('',#1048,#415,#1050,.T.);
#1048 = VERTEX_POINT('',#1049);
#1049 = CARTESIAN_POINT('',(5.65,1.1,0.));
#1050 = LINE('',#1051,#1052);
#1051 = CARTESIAN_POINT('',(5.65,1.1,0.));
#1052 = VECTOR('',#1053,1.);
#1053 = DIRECTION('',(0.,0.,1.));
#1054 = ORIENTED_EDGE('',*,*,#1055,.F.);
#1055 = EDGE_CURVE('',#1022,#1048,#1056,.T.);
#1056 = LINE('',#1057,#1058);
#1057 = CARTESIAN_POINT('',(9.95,1.1,0.));
#1058 = VECTOR('',#1059,1.);
#1059 = DIRECTION('',(-1.,-0.,-0.));
#1060 = PLANE('',#1061);
#1061 = AXIS2_PLACEMENT_3D('',#1062,#1063,#1064);
#1062 = CARTESIAN_POINT('',(9.95,1.1,6.1));
#1063 = DIRECTION('',(0.,-1.,0.));
#1064 = DIRECTION('',(0.,0.,-1.));
#1065 = ADVANCED_FACE('',(#1066),#1084,.T.);
#1066 = FACE_BOUND('',#1067,.T.);
#1067 = EDGE_LOOP('',(#1068,#1076,#1077,#1078));
#1068 = ORIENTED_EDGE('',*,*,#1069,.F.);
#1069 = EDGE_CURVE('',#1048,#1070,#1072,.T.);
#1070 = VERTEX_POINT('',#1071);
#1071 = CARTESIAN_POINT('',(5.65,2.2,0.));
#1072 = LINE('',#1073,#1074);
#1073 = CARTESIAN_POINT('',(5.65,1.1,0.));
#1074 = VECTOR('',#1075,1.);
#1075 = DIRECTION('',(0.,1.,0.));
#1076 = ORIENTED_EDGE('',*,*,#1047,.T.);
#1077 = ORIENTED_EDGE('',*,*,#414,.F.);
#1078 = ORIENTED_EDGE('',*,*,#1079,.F.);
#1079 = EDGE_CURVE('',#1070,#407,#1080,.T.);
#1080 = LINE('',#1081,#1082);
#1081 = CARTESIAN_POINT('',(5.65,2.2,0.));
#1082 = VECTOR('',#1083,1.);
#1083 = DIRECTION('',(0.,0.,1.));
#1084 = PLANE('',#1085);
#1085 = AXIS2_PLACEMENT_3D('',#1086,#1087,#1088);
#1086 = CARTESIAN_POINT('',(5.65,1.1,0.));
#1087 = DIRECTION('',(-1.,0.,0.));
#1088 = DIRECTION('',(0.,1.,0.));
#1089 = ADVANCED_FACE('',(#1090,#1108),#1142,.T.);
#1090 = FACE_BOUND('',#1091,.T.);
#1091 = EDGE_LOOP('',(#1092,#1100,#1101,#1102));
#1092 = ORIENTED_EDGE('',*,*,#1093,.F.);
#1093 = EDGE_CURVE('',#1070,#1094,#1096,.T.);
#1094 = VERTEX_POINT('',#1095);
#1095 = CARTESIAN_POINT('',(4.35,2.2,0.));
#1096 = LINE('',#1097,#1098);
#1097 = CARTESIAN_POINT('',(5.65,2.2,0.));
#1098 = VECTOR('',#1099,1.);
#1099 = DIRECTION('',(-1.,0.,0.));
#1100 = ORIENTED_EDGE('',*,*,#1079,.T.);
#1101 = ORIENTED_EDGE('',*,*,#406,.F.);
#1102 = ORIENTED_EDGE('',*,*,#1103,.F.);
#1103 = EDGE_CURVE('',#1094,#399,#1104,.T.);
#1104 = LINE('',#1105,#1106);
#1105 = CARTESIAN_POINT('',(4.35,2.2,0.));
#1106 = VECTOR('',#1107,1.);
#1107 = DIRECTION('',(0.,0.,1.));
#1108 = FACE_BOUND('',#1109,.T.);
#1109 = EDGE_LOOP('',(#1110,#1120,#1128,#1136));
#1110 = ORIENTED_EDGE('',*,*,#1111,.F.);
#1111 = EDGE_CURVE('',#1112,#1114,#1116,.T.);
#1112 = VERTEX_POINT('',#1113);
#1113 = CARTESIAN_POINT('',(4.68,2.2,4.07));
#1114 = VERTEX_POINT('',#1115);
#1115 = CARTESIAN_POINT('',(4.68,2.2,3.43));
#1116 = LINE('',#1117,#1118);
#1117 = CARTESIAN_POINT('',(4.68,2.2,2.035));
#1118 = VECTOR('',#1119,1.);
#1119 = DIRECTION('',(-0.,-0.,-1.));
#1120 = ORIENTED_EDGE('',*,*,#1121,.F.);
#1121 = EDGE_CURVE('',#1122,#1112,#1124,.T.);
#1122 = VERTEX_POINT('',#1123);
#1123 = CARTESIAN_POINT('',(5.32,2.2,4.07));
#1124 = LINE('',#1125,#1126);
#1125 = CARTESIAN_POINT('',(5.485,2.2,4.07));
#1126 = VECTOR('',#1127,1.);
#1127 = DIRECTION('',(-1.,0.,0.));
#1128 = ORIENTED_EDGE('',*,*,#1129,.F.);
#1129 = EDGE_CURVE('',#1130,#1122,#1132,.T.);
#1130 = VERTEX_POINT('',#1131);
#1131 = CARTESIAN_POINT('',(5.32,2.2,3.43));
#1132 = LINE('',#1133,#1134);
#1133 = CARTESIAN_POINT('',(5.32,2.2,1.715));
#1134 = VECTOR('',#1135,1.);
#1135 = DIRECTION('',(0.,0.,1.));
#1136 = ORIENTED_EDGE('',*,*,#1137,.F.);
#1137 = EDGE_CURVE('',#1114,#1130,#1138,.T.);
#1138 = LINE('',#1139,#1140);
#1139 = CARTESIAN_POINT('',(5.165,2.2,3.43));
#1140 = VECTOR('',#1141,1.);
#1141 = DIRECTION('',(1.,0.,0.));
#1142 = PLANE('',#1143);
#1143 = AXIS2_PLACEMENT_3D('',#1144,#1145,#1146);
#1144 = CARTESIAN_POINT('',(5.65,2.2,0.));
#1145 = DIRECTION('',(0.,-1.,0.));
#1146 = DIRECTION('',(-1.,0.,0.));
#1147 = ADVANCED_FACE('',(#1148),#1166,.T.);
#1148 = FACE_BOUND('',#1149,.T.);
#1149 = EDGE_LOOP('',(#1150,#1158,#1159,#1160));
#1150 = ORIENTED_EDGE('',*,*,#1151,.F.);
#1151 = EDGE_CURVE('',#1094,#1152,#1154,.T.);
#1152 = VERTEX_POINT('',#1153);
#1153 = CARTESIAN_POINT('',(4.35,1.1,0.));
#1154 = LINE('',#1155,#1156);
#1155 = CARTESIAN_POINT('',(4.35,2.2,0.));
#1156 = VECTOR('',#1157,1.);
#1157 = DIRECTION('',(0.,-1.,0.));
#1158 = ORIENTED_EDGE('',*,*,#1103,.T.);
#1159 = ORIENTED_EDGE('',*,*,#398,.F.);
#1160 = ORIENTED_EDGE('',*,*,#1161,.F.);
#1161 = EDGE_CURVE('',#1152,#391,#1162,.T.);
#1162 = LINE('',#1163,#1164);
#1163 = CARTESIAN_POINT('',(4.35,1.1,0.));
#1164 = VECTOR('',#1165,1.);
#1165 = DIRECTION('',(0.,0.,1.));
#1166 = PLANE('',#1167);
#1167 = AXIS2_PLACEMENT_3D('',#1168,#1169,#1170);
#1168 = CARTESIAN_POINT('',(4.35,2.2,0.));
#1169 = DIRECTION('',(1.,0.,0.));
#1170 = DIRECTION('',(0.,-1.,0.));
#1171 = ADVANCED_FACE('',(#1172),#1190,.T.);
#1172 = FACE_BOUND('',#1173,.T.);
#1173 = EDGE_LOOP('',(#1174,#1175,#1176,#1184));
#1174 = ORIENTED_EDGE('',*,*,#1161,.T.);
#1175 = ORIENTED_EDGE('',*,*,#390,.T.);
#1176 = ORIENTED_EDGE('',*,*,#1177,.F.);
#1177 = EDGE_CURVE('',#1178,#383,#1180,.T.);
#1178 = VERTEX_POINT('',#1179);
#1179 = CARTESIAN_POINT('',(3.15,1.1,0.));
#1180 = LINE('',#1181,#1182);
#1181 = CARTESIAN_POINT('',(3.15,1.1,0.));
#1182 = VECTOR('',#1183,1.);
#1183 = DIRECTION('',(0.,0.,1.));
#1184 = ORIENTED_EDGE('',*,*,#1185,.F.);
#1185 = EDGE_CURVE('',#1152,#1178,#1186,.T.);
#1186 = LINE('',#1187,#1188);
#1187 = CARTESIAN_POINT('',(9.95,1.1,0.));
#1188 = VECTOR('',#1189,1.);
#1189 = DIRECTION('',(-1.,-0.,-0.));
#1190 = PLANE('',#1191);
#1191 = AXIS2_PLACEMENT_3D('',#1192,#1193,#1194);
#1192 = CARTESIAN_POINT('',(9.95,1.1,6.1));
#1193 = DIRECTION('',(0.,-1.,0.));
#1194 = DIRECTION('',(0.,0.,-1.));
#1195 = ADVANCED_FACE('',(#1196),#1214,.T.);
#1196 = FACE_BOUND('',#1197,.T.);
#1197 = EDGE_LOOP('',(#1198,#1206,#1207,#1208));
#1198 = ORIENTED_EDGE('',*,*,#1199,.F.);
#1199 = EDGE_CURVE('',#1178,#1200,#1202,.T.);
#1200 = VERTEX_POINT('',#1201);
#1201 = CARTESIAN_POINT('',(3.15,2.2,0.));
#1202 = LINE('',#1203,#1204);
#1203 = CARTESIAN_POINT('',(3.15,1.1,0.));
#1204 = VECTOR('',#1205,1.);
#1205 = DIRECTION('',(0.,1.,0.));
#1206 = ORIENTED_EDGE('',*,*,#1177,.T.);
#1207 = ORIENTED_EDGE('',*,*,#382,.F.);
#1208 = ORIENTED_EDGE('',*,*,#1209,.F.);
#1209 = EDGE_CURVE('',#1200,#375,#1210,.T.);
#1210 = LINE('',#1211,#1212);
#1211 = CARTESIAN_POINT('',(3.15,2.2,0.));
#1212 = VECTOR('',#1213,1.);
#1213 = DIRECTION('',(0.,0.,1.));
#1214 = PLANE('',#1215);
#1215 = AXIS2_PLACEMENT_3D('',#1216,#1217,#1218);
#1216 = CARTESIAN_POINT('',(3.15,1.1,0.));
#1217 = DIRECTION('',(-1.,0.,0.));
#1218 = DIRECTION('',(0.,1.,0.));
#1219 = ADVANCED_FACE('',(#1220,#1238),#1272,.T.);
#1220 = FACE_BOUND('',#1221,.T.);
#1221 = EDGE_LOOP('',(#1222,#1230,#1231,#1232));
#1222 = ORIENTED_EDGE('',*,*,#1223,.F.);
#1223 = EDGE_CURVE('',#1200,#1224,#1226,.T.);
#1224 = VERTEX_POINT('',#1225);
#1225 = CARTESIAN_POINT('',(1.85,2.2,0.));
#1226 = LINE('',#1227,#1228);
#1227 = CARTESIAN_POINT('',(3.15,2.2,0.));
#1228 = VECTOR('',#1229,1.);
#1229 = DIRECTION('',(-1.,0.,0.));
#1230 = ORIENTED_EDGE('',*,*,#1209,.T.);
#1231 = ORIENTED_EDGE('',*,*,#374,.F.);
#1232 = ORIENTED_EDGE('',*,*,#1233,.F.);
#1233 = EDGE_CURVE('',#1224,#367,#1234,.T.);
#1234 = LINE('',#1235,#1236);
#1235 = CARTESIAN_POINT('',(1.85,2.2,0.));
#1236 = VECTOR('',#1237,1.);
#1237 = DIRECTION('',(0.,0.,1.));
#1238 = FACE_BOUND('',#1239,.T.);
#1239 = EDGE_LOOP('',(#1240,#1250,#1258,#1266));
#1240 = ORIENTED_EDGE('',*,*,#1241,.F.);
#1241 = EDGE_CURVE('',#1242,#1244,#1246,.T.);
#1242 = VERTEX_POINT('',#1243);
#1243 = CARTESIAN_POINT('',(2.18,2.2,4.07));
#1244 = VERTEX_POINT('',#1245);
#1245 = CARTESIAN_POINT('',(2.18,2.2,3.43));
#1246 = LINE('',#1247,#1248);
#1247 = CARTESIAN_POINT('',(2.18,2.2,2.035));
#1248 = VECTOR('',#1249,1.);
#1249 = DIRECTION('',(-0.,-0.,-1.));
#1250 = ORIENTED_EDGE('',*,*,#1251,.F.);
#1251 = EDGE_CURVE('',#1252,#1242,#1254,.T.);
#1252 = VERTEX_POINT('',#1253);
#1253 = CARTESIAN_POINT('',(2.82,2.2,4.07));
#1254 = LINE('',#1255,#1256);
#1255 = CARTESIAN_POINT('',(2.985,2.2,4.07));
#1256 = VECTOR('',#1257,1.);
#1257 = DIRECTION('',(-1.,0.,0.));
#1258 = ORIENTED_EDGE('',*,*,#1259,.F.);
#1259 = EDGE_CURVE('',#1260,#1252,#1262,.T.);
#1260 = VERTEX_POINT('',#1261);
#1261 = CARTESIAN_POINT('',(2.82,2.2,3.43));
#1262 = LINE('',#1263,#1264);
#1263 = CARTESIAN_POINT('',(2.82,2.2,1.715));
#1264 = VECTOR('',#1265,1.);
#1265 = DIRECTION('',(0.,0.,1.));
#1266 = ORIENTED_EDGE('',*,*,#1267,.F.);
#1267 = EDGE_CURVE('',#1244,#1260,#1268,.T.);
#1268 = LINE('',#1269,#1270);
#1269 = CARTESIAN_POINT('',(2.665,2.2,3.43));
#1270 = VECTOR('',#1271,1.);
#1271 = DIRECTION('',(1.,0.,0.));
#1272 = PLANE('',#1273);
#1273 = AXIS2_PLACEMENT_3D('',#1274,#1275,#1276);
#1274 = CARTESIAN_POINT('',(3.15,2.2,0.));
#1275 = DIRECTION('',(0.,-1.,0.));
#1276 = DIRECTION('',(-1.,0.,0.));
#1277 = ADVANCED_FACE('',(#1278),#1296,.T.);
#1278 = FACE_BOUND('',#1279,.T.);
#1279 = EDGE_LOOP('',(#1280,#1288,#1289,#1290));
#1280 = ORIENTED_EDGE('',*,*,#1281,.F.);
#1281 = EDGE_CURVE('',#1224,#1282,#1284,.T.);
#1282 = VERTEX_POINT('',#1283);
#1283 = CARTESIAN_POINT('',(1.85,1.1,0.));
#1284 = LINE('',#1285,#1286);
#1285 = CARTESIAN_POINT('',(1.85,2.2,0.));
#1286 = VECTOR('',#1287,1.);
#1287 = DIRECTION('',(0.,-1.,0.));
#1288 = ORIENTED_EDGE('',*,*,#1233,.T.);
#1289 = ORIENTED_EDGE('',*,*,#366,.F.);
#1290 = ORIENTED_EDGE('',*,*,#1291,.F.);
#1291 = EDGE_CURVE('',#1282,#359,#1292,.T.);
#1292 = LINE('',#1293,#1294);
#1293 = CARTESIAN_POINT('',(1.85,1.1,0.));
#1294 = VECTOR('',#1295,1.);
#1295 = DIRECTION('',(0.,0.,1.));
#1296 = PLANE('',#1297);
#1297 = AXIS2_PLACEMENT_3D('',#1298,#1299,#1300);
#1298 = CARTESIAN_POINT('',(1.85,2.2,0.));
#1299 = DIRECTION('',(1.,0.,0.));
#1300 = DIRECTION('',(0.,-1.,0.));
#1301 = ADVANCED_FACE('',(#1302),#1320,.T.);
#1302 = FACE_BOUND('',#1303,.T.);
#1303 = EDGE_LOOP('',(#1304,#1305,#1306,#1314));
#1304 = ORIENTED_EDGE('',*,*,#1291,.T.);
#1305 = ORIENTED_EDGE('',*,*,#358,.T.);
#1306 = ORIENTED_EDGE('',*,*,#1307,.F.);
#1307 = EDGE_CURVE('',#1308,#351,#1310,.T.);
#1308 = VERTEX_POINT('',#1309);
#1309 = CARTESIAN_POINT('',(0.65,1.1,0.));
#1310 = LINE('',#1311,#1312);
#1311 = CARTESIAN_POINT('',(0.65,1.1,0.));
#1312 = VECTOR('',#1313,1.);
#1313 = DIRECTION('',(0.,0.,1.));
#1314 = ORIENTED_EDGE('',*,*,#1315,.F.);
#1315 = EDGE_CURVE('',#1282,#1308,#1316,.T.);
#1316 = LINE('',#1317,#1318);
#1317 = CARTESIAN_POINT('',(9.95,1.1,0.));
#1318 = VECTOR('',#1319,1.);
#1319 = DIRECTION('',(-1.,-0.,-0.));
#1320 = PLANE('',#1321);
#1321 = AXIS2_PLACEMENT_3D('',#1322,#1323,#1324);
#1322 = CARTESIAN_POINT('',(9.95,1.1,6.1));
#1323 = DIRECTION('',(0.,-1.,0.));
#1324 = DIRECTION('',(0.,0.,-1.));
#1325 = ADVANCED_FACE('',(#1326),#1344,.T.);
#1326 = FACE_BOUND('',#1327,.T.);
#1327 = EDGE_LOOP('',(#1328,#1336,#1337,#1338));
#1328 = ORIENTED_EDGE('',*,*,#1329,.F.);
#1329 = EDGE_CURVE('',#1308,#1330,#1332,.T.);
#1330 = VERTEX_POINT('',#1331);
#1331 = CARTESIAN_POINT('',(0.65,2.2,0.));
#1332 = LINE('',#1333,#1334);
#1333 = CARTESIAN_POINT('',(0.65,1.1,0.));
#1334 = VECTOR('',#1335,1.);
#1335 = DIRECTION('',(0.,1.,0.));
#1336 = ORIENTED_EDGE('',*,*,#1307,.T.);
#1337 = ORIENTED_EDGE('',*,*,#350,.F.);
#1338 = ORIENTED_EDGE('',*,*,#1339,.F.);
#1339 = EDGE_CURVE('',#1330,#343,#1340,.T.);
#1340 = LINE('',#1341,#1342);
#1341 = CARTESIAN_POINT('',(0.65,2.2,0.));
#1342 = VECTOR('',#1343,1.);
#1343 = DIRECTION('',(0.,0.,1.));
#1344 = PLANE('',#1345);
#1345 = AXIS2_PLACEMENT_3D('',#1346,#1347,#1348);
#1346 = CARTESIAN_POINT('',(0.65,1.1,0.));
#1347 = DIRECTION('',(-1.,0.,0.));
#1348 = DIRECTION('',(0.,1.,0.));
#1349 = ADVANCED_FACE('',(#1350,#1368),#1402,.T.);
#1350 = FACE_BOUND('',#1351,.T.);
#1351 = EDGE_LOOP('',(#1352,#1360,#1361,#1362));
#1352 = ORIENTED_EDGE('',*,*,#1353,.F.);
#1353 = EDGE_CURVE('',#1330,#1354,#1356,.T.);
#1354 = VERTEX_POINT('',#1355);
#1355 = CARTESIAN_POINT('',(-0.65,2.2,0.));
#1356 = LINE('',#1357,#1358);
#1357 = CARTESIAN_POINT('',(0.65,2.2,0.));
#1358 = VECTOR('',#1359,1.);
#1359 = DIRECTION('',(-1.,0.,0.));
#1360 = ORIENTED_EDGE('',*,*,#1339,.T.);
#1361 = ORIENTED_EDGE('',*,*,#342,.F.);
#1362 = ORIENTED_EDGE('',*,*,#1363,.F.);
#1363 = EDGE_CURVE('',#1354,#335,#1364,.T.);
#1364 = LINE('',#1365,#1366);
#1365 = CARTESIAN_POINT('',(-0.65,2.2,0.));
#1366 = VECTOR('',#1367,1.);
#1367 = DIRECTION('',(0.,0.,1.));
#1368 = FACE_BOUND('',#1369,.T.);
#1369 = EDGE_LOOP('',(#1370,#1380,#1388,#1396));
#1370 = ORIENTED_EDGE('',*,*,#1371,.F.);
#1371 = EDGE_CURVE('',#1372,#1374,#1376,.T.);
#1372 = VERTEX_POINT('',#1373);
#1373 = CARTESIAN_POINT('',(-0.32,2.2,4.07));
#1374 = VERTEX_POINT('',#1375);
#1375 = CARTESIAN_POINT('',(-0.32,2.2,3.43));
#1376 = LINE('',#1377,#1378);
#1377 = CARTESIAN_POINT('',(-0.32,2.2,2.035));
#1378 = VECTOR('',#1379,1.);
#1379 = DIRECTION('',(0.,0.,-1.));
#1380 = ORIENTED_EDGE('',*,*,#1381,.F.);
#1381 = EDGE_CURVE('',#1382,#1372,#1384,.T.);
#1382 = VERTEX_POINT('',#1383);
#1383 = CARTESIAN_POINT('',(0.32,2.2,4.07));
#1384 = LINE('',#1385,#1386);
#1385 = CARTESIAN_POINT('',(0.485,2.2,4.07));
#1386 = VECTOR('',#1387,1.);
#1387 = DIRECTION('',(-1.,0.,0.));
#1388 = ORIENTED_EDGE('',*,*,#1389,.F.);
#1389 = EDGE_CURVE('',#1390,#1382,#1392,.T.);
#1390 = VERTEX_POINT('',#1391);
#1391 = CARTESIAN_POINT('',(0.32,2.2,3.43));
#1392 = LINE('',#1393,#1394);
#1393 = CARTESIAN_POINT('',(0.32,2.2,1.715));
#1394 = VECTOR('',#1395,1.);
#1395 = DIRECTION('',(0.,0.,1.));
#1396 = ORIENTED_EDGE('',*,*,#1397,.F.);
#1397 = EDGE_CURVE('',#1374,#1390,#1398,.T.);
#1398 = LINE('',#1399,#1400);
#1399 = CARTESIAN_POINT('',(0.165,2.2,3.43));
#1400 = VECTOR('',#1401,1.);
#1401 = DIRECTION('',(1.,0.,0.));
#1402 = PLANE('',#1403);
#1403 = AXIS2_PLACEMENT_3D('',#1404,#1405,#1406);
#1404 = CARTESIAN_POINT('',(0.65,2.2,0.));
#1405 = DIRECTION('',(0.,-1.,0.));
#1406 = DIRECTION('',(-1.,0.,0.));
#1407 = ADVANCED_FACE('',(#1408),#1426,.T.);
#1408 = FACE_BOUND('',#1409,.T.);
#1409 = EDGE_LOOP('',(#1410,#1418,#1419,#1420));
#1410 = ORIENTED_EDGE('',*,*,#1411,.F.);
#1411 = EDGE_CURVE('',#1354,#1412,#1414,.T.);
#1412 = VERTEX_POINT('',#1413);
#1413 = CARTESIAN_POINT('',(-0.65,1.1,0.));
#1414 = LINE('',#1415,#1416);
#1415 = CARTESIAN_POINT('',(-0.65,2.2,0.));
#1416 = VECTOR('',#1417,1.);
#1417 = DIRECTION('',(0.,-1.,0.));
#1418 = ORIENTED_EDGE('',*,*,#1363,.T.);
#1419 = ORIENTED_EDGE('',*,*,#334,.F.);
#1420 = ORIENTED_EDGE('',*,*,#1421,.F.);
#1421 = EDGE_CURVE('',#1412,#327,#1422,.T.);
#1422 = LINE('',#1423,#1424);
#1423 = CARTESIAN_POINT('',(-0.65,1.1,0.));
#1424 = VECTOR('',#1425,1.);
#1425 = DIRECTION('',(0.,0.,1.));
#1426 = PLANE('',#1427);
#1427 = AXIS2_PLACEMENT_3D('',#1428,#1429,#1430);
#1428 = CARTESIAN_POINT('',(-0.65,2.2,0.));
#1429 = DIRECTION('',(1.,0.,0.));
#1430 = DIRECTION('',(0.,-1.,0.));
#1431 = ADVANCED_FACE('',(#1432),#1459,.T.);
#1432 = FACE_BOUND('',#1433,.T.);
#1433 = EDGE_LOOP('',(#1434,#1435,#1436,#1437,#1445,#1453));
#1434 = ORIENTED_EDGE('',*,*,#1421,.T.);
#1435 = ORIENTED_EDGE('',*,*,#326,.T.);
#1436 = ORIENTED_EDGE('',*,*,#534,.T.);
#1437 = ORIENTED_EDGE('',*,*,#1438,.T.);
#1438 = EDGE_CURVE('',#527,#1439,#1441,.T.);
#1439 = VERTEX_POINT('',#1440);
#1440 = CARTESIAN_POINT('',(-1.45,1.1,4.573209));
#1441 = LINE('',#1442,#1443);
#1442 = CARTESIAN_POINT('',(-2.45,1.1,4.573209));
#1443 = VECTOR('',#1444,1.);
#1444 = DIRECTION('',(1.,0.,0.));
#1445 = ORIENTED_EDGE('',*,*,#1446,.F.);
#1446 = EDGE_CURVE('',#1447,#1439,#1449,.T.);
#1447 = VERTEX_POINT('',#1448);
#1448 = CARTESIAN_POINT('',(-1.45,1.1,0.));
#1449 = LINE('',#1450,#1451);
#1450 = CARTESIAN_POINT('',(-1.45,1.1,0.));
#1451 = VECTOR('',#1452,1.);
#1452 = DIRECTION('',(0.,9.710669463173E-17,1.));
#1453 = ORIENTED_EDGE('',*,*,#1454,.F.);
#1454 = EDGE_CURVE('',#1412,#1447,#1455,.T.);
#1455 = LINE('',#1456,#1457);
#1456 = CARTESIAN_POINT('',(9.95,1.1,0.));
#1457 = VECTOR('',#1458,1.);
#1458 = DIRECTION('',(-1.,-0.,-0.));
#1459 = PLANE('',#1460);
#1460 = AXIS2_PLACEMENT_3D('',#1461,#1462,#1463);
#1461 = CARTESIAN_POINT('',(9.95,1.1,6.1));
#1462 = DIRECTION('',(0.,-1.,0.));
#1463 = DIRECTION('',(0.,0.,-1.));
#1464 = ADVANCED_FACE('',(#1465),#1476,.T.);
#1465 = FACE_BOUND('',#1466,.T.);
#1466 = EDGE_LOOP('',(#1467,#1468,#1474,#1475));
#1467 = ORIENTED_EDGE('',*,*,#302,.F.);
#1468 = ORIENTED_EDGE('',*,*,#1469,.T.);
#1469 = EDGE_CURVE('',#295,#666,#1470,.T.);
#1470 = LINE('',#1471,#1472);
#1471 = CARTESIAN_POINT('',(-0.761883,8.26226,6.1));
#1472 = VECTOR('',#1473,1.);
#1473 = DIRECTION('',(-0.,-0.,-1.));
#1474 = ORIENTED_EDGE('',*,*,#665,.F.);
#1475 = ORIENTED_EDGE('',*,*,#794,.F.);
#1476 = PLANE('',#1477);
#1477 = AXIS2_PLACEMENT_3D('',#1478,#1479,#1480);
#1478 = CARTESIAN_POINT('',(-0.761883,8.26226,6.1));
#1479 = DIRECTION('',(0.647540414106,-0.762031109666,0.));
#1480 = DIRECTION('',(0.762031109666,0.647540414106,0.));
#1481 = ADVANCED_FACE('',(#1482),#1493,.T.);
#1482 = FACE_BOUND('',#1483,.T.);
#1483 = EDGE_LOOP('',(#1484,#1485,#1491,#1492));
#1484 = ORIENTED_EDGE('',*,*,#294,.F.);
#1485 = ORIENTED_EDGE('',*,*,#1486,.T.);
#1486 = EDGE_CURVE('',#286,#674,#1487,.T.);
#1487 = LINE('',#1488,#1489);
#1488 = CARTESIAN_POINT('',(-0.761883,6.15,6.1));
#1489 = VECTOR('',#1490,1.);
#1490 = DIRECTION('',(-0.,-0.,-1.));
#1491 = ORIENTED_EDGE('',*,*,#673,.F.);
#1492 = ORIENTED_EDGE('',*,*,#1469,.F.);
#1493 = PLANE('',#1494);
#1494 = AXIS2_PLACEMENT_3D('',#1495,#1496,#1497);
#1495 = CARTESIAN_POINT('',(-0.761883,6.15,6.1));
#1496 = DIRECTION('',(1.,0.,0.));
#1497 = DIRECTION('',(0.,1.,0.));
#1498 = ADVANCED_FACE('',(#1499),#1510,.F.);
#1499 = FACE_BOUND('',#1500,.F.);
#1500 = EDGE_LOOP('',(#1501,#1502,#1503,#1504));
#1501 = ORIENTED_EDGE('',*,*,#285,.F.);
#1502 = ORIENTED_EDGE('',*,*,#1486,.T.);
#1503 = ORIENTED_EDGE('',*,*,#681,.T.);
#1504 = ORIENTED_EDGE('',*,*,#1505,.F.);
#1505 = EDGE_CURVE('',#278,#682,#1506,.T.);
#1506 = LINE('',#1507,#1508);
#1507 = CARTESIAN_POINT('',(-0.111883,5.5,6.1));
#1508 = VECTOR('',#1509,1.);
#1509 = DIRECTION('',(-0.,-0.,-1.));
#1510 = CYLINDRICAL_SURFACE('',#1511,0.65);
#1511 = AXIS2_PLACEMENT_3D('',#1512,#1513,#1514);
#1512 = CARTESIAN_POINT('',(-0.111883,6.15,6.1));
#1513 = DIRECTION('',(0.,0.,1.));
#1514 = DIRECTION('',(1.,0.,0.));
#1515 = ADVANCED_FACE('',(#1516),#1527,.T.);
#1516 = FACE_BOUND('',#1517,.T.);
#1517 = EDGE_LOOP('',(#1518,#1519,#1525,#1526));
#1518 = ORIENTED_EDGE('',*,*,#277,.F.);
#1519 = ORIENTED_EDGE('',*,*,#1520,.T.);
#1520 = EDGE_CURVE('',#270,#691,#1521,.T.);
#1521 = LINE('',#1522,#1523);
#1522 = CARTESIAN_POINT('',(0.775283,5.5,6.1));
#1523 = VECTOR('',#1524,1.);
#1524 = DIRECTION('',(-0.,-0.,-1.));
#1525 = ORIENTED_EDGE('',*,*,#690,.F.);
#1526 = ORIENTED_EDGE('',*,*,#1505,.F.);
#1527 = PLANE('',#1528);
#1528 = AXIS2_PLACEMENT_3D('',#1529,#1530,#1531);
#1529 = CARTESIAN_POINT('',(0.775283,5.5,6.1));
#1530 = DIRECTION('',(0.,1.,0.));
#1531 = DIRECTION('',(-1.,0.,0.));
#1532 = ADVANCED_FACE('',(#1533),#1552,.T.);
#1533 = FACE_BOUND('',#1534,.T.);
#1534 = EDGE_LOOP('',(#1535,#1536,#1544,#1550,#1551));
#1535 = ORIENTED_EDGE('',*,*,#269,.F.);
#1536 = ORIENTED_EDGE('',*,*,#1537,.T.);
#1537 = EDGE_CURVE('',#262,#1538,#1540,.T.);
#1538 = VERTEX_POINT('',#1539);
#1539 = CARTESIAN_POINT('',(0.775283,9.200000000094,5.7));
#1540 = LINE('',#1541,#1542);
#1541 = CARTESIAN_POINT('',(0.775283,9.200000000188,6.1));
#1542 = VECTOR('',#1543,1.);
#1543 = DIRECTION('',(-0.,-0.,-1.));
#1544 = ORIENTED_EDGE('',*,*,#1545,.F.);
#1545 = EDGE_CURVE('',#699,#1538,#1546,.T.);
#1546 = LINE('',#1547,#1548);
#1547 = CARTESIAN_POINT('',(0.775283,9.225000000047,5.725000000047));
#1548 = VECTOR('',#1549,1.);
#1549 = DIRECTION('',(0.,0.707106781187,0.707106781187));
#1550 = ORIENTED_EDGE('',*,*,#698,.F.);
#1551 = ORIENTED_EDGE('',*,*,#1520,.F.);
#1552 = PLANE('',#1553);
#1553 = AXIS2_PLACEMENT_3D('',#1554,#1555,#1556);
#1554 = CARTESIAN_POINT('',(0.775283,9.200000000188,6.1));
#1555 = DIRECTION('',(-1.,0.,0.));
#1556 = DIRECTION('',(0.,-1.,0.));
#1557 = ADVANCED_FACE('',(#1558),#1576,.T.);
#1558 = FACE_BOUND('',#1559,.T.);
#1559 = EDGE_LOOP('',(#1560,#1568,#1569,#1570));
#1560 = ORIENTED_EDGE('',*,*,#1561,.F.);
#1561 = EDGE_CURVE('',#1538,#1562,#1564,.T.);
#1562 = VERTEX_POINT('',#1563);
#1563 = CARTESIAN_POINT('',(6.724717,9.200000000094,5.7));
#1564 = LINE('',#1565,#1566);
#1565 = CARTESIAN_POINT('',(-1.6,9.2,5.7));
#1566 = VECTOR('',#1567,1.);
#1567 = DIRECTION('',(1.,0.,0.));
#1568 = ORIENTED_EDGE('',*,*,#1537,.F.);
#1569 = ORIENTED_EDGE('',*,*,#261,.F.);
#1570 = ORIENTED_EDGE('',*,*,#1571,.T.);
#1571 = EDGE_CURVE('',#254,#1562,#1572,.T.);
#1572 = LINE('',#1573,#1574);
#1573 = CARTESIAN_POINT('',(6.724717,9.200000000188,6.1));
#1574 = VECTOR('',#1575,1.);
#1575 = DIRECTION('',(-0.,-0.,-1.));
#1576 = PLANE('',#1577);
#1577 = AXIS2_PLACEMENT_3D('',#1578,#1579,#1580);
#1578 = CARTESIAN_POINT('',(9.95,9.2,5.139364764492));
#1579 = DIRECTION('',(0.,1.,0.));
#1580 = DIRECTION('',(0.,0.,1.));
#1581 = ADVANCED_FACE('',(#1582),#1599,.F.);
#1582 = FACE_BOUND('',#1583,.F.);
#1583 = EDGE_LOOP('',(#1584,#1585,#1586,#1592,#1593));
#1584 = ORIENTED_EDGE('',*,*,#253,.F.);
#1585 = ORIENTED_EDGE('',*,*,#1571,.T.);
#1586 = ORIENTED_EDGE('',*,*,#1587,.F.);
#1587 = EDGE_CURVE('',#707,#1562,#1588,.T.);
#1588 = LINE('',#1589,#1590);
#1589 = CARTESIAN_POINT('',(6.724717,9.225000000047,5.725000000047));
#1590 = VECTOR('',#1591,1.);
#1591 = DIRECTION('',(0.,0.707106781187,0.707106781187));
#1592 = ORIENTED_EDGE('',*,*,#714,.F.);
#1593 = ORIENTED_EDGE('',*,*,#1594,.F.);
#1594 = EDGE_CURVE('',#246,#715,#1595,.T.);
#1595 = LINE('',#1596,#1597);
#1596 = CARTESIAN_POINT('',(6.724717,5.5,6.1));
#1597 = VECTOR('',#1598,1.);
#1598 = DIRECTION('',(-0.,-0.,-1.));
#1599 = PLANE('',#1600);
#1600 = AXIS2_PLACEMENT_3D('',#1601,#1602,#1603);
#1601 = CARTESIAN_POINT('',(6.724717,9.200000000188,6.1));
#1602 = DIRECTION('',(-1.,0.,0.));
#1603 = DIRECTION('',(0.,-1.,0.));
#1604 = ADVANCED_FACE('',(#1605),#1616,.F.);
#1605 = FACE_BOUND('',#1606,.F.);
#1606 = EDGE_LOOP('',(#1607,#1608,#1609,#1610));
#1607 = ORIENTED_EDGE('',*,*,#245,.F.);
#1608 = ORIENTED_EDGE('',*,*,#1594,.T.);
#1609 = ORIENTED_EDGE('',*,*,#722,.F.);
#1610 = ORIENTED_EDGE('',*,*,#1611,.F.);
#1611 = EDGE_CURVE('',#237,#723,#1612,.T.);
#1612 = LINE('',#1613,#1614);
#1613 = CARTESIAN_POINT('',(7.611883,5.5,6.1));
#1614 = VECTOR('',#1615,1.);
#1615 = DIRECTION('',(-0.,-0.,-1.));
#1616 = PLANE('',#1617);
#1617 = AXIS2_PLACEMENT_3D('',#1618,#1619,#1620);
#1618 = CARTESIAN_POINT('',(6.724717,5.5,6.1));
#1619 = DIRECTION('',(0.,-1.,0.));
#1620 = DIRECTION('',(1.,0.,0.));
#1621 = ADVANCED_FACE('',(#1622),#1633,.F.);
#1622 = FACE_BOUND('',#1623,.F.);
#1623 = EDGE_LOOP('',(#1624,#1625,#1626,#1627));
#1624 = ORIENTED_EDGE('',*,*,#236,.F.);
#1625 = ORIENTED_EDGE('',*,*,#1611,.T.);
#1626 = ORIENTED_EDGE('',*,*,#730,.T.);
#1627 = ORIENTED_EDGE('',*,*,#1628,.F.);
#1628 = EDGE_CURVE('',#229,#731,#1629,.T.);
#1629 = LINE('',#1630,#1631);
#1630 = CARTESIAN_POINT('',(8.261883,6.15,6.1));
#1631 = VECTOR('',#1632,1.);
#1632 = DIRECTION('',(-0.,-0.,-1.));
#1633 = CYLINDRICAL_SURFACE('',#1634,0.65);
#1634 = AXIS2_PLACEMENT_3D('',#1635,#1636,#1637);
#1635 = CARTESIAN_POINT('',(7.611883,6.15,6.1));
#1636 = DIRECTION('',(0.,0.,1.));
#1637 = DIRECTION('',(1.,0.,0.));
#1638 = ADVANCED_FACE('',(#1639),#1650,.F.);
#1639 = FACE_BOUND('',#1640,.F.);
#1640 = EDGE_LOOP('',(#1641,#1642,#1643,#1644));
#1641 = ORIENTED_EDGE('',*,*,#228,.F.);
#1642 = ORIENTED_EDGE('',*,*,#1628,.T.);
#1643 = ORIENTED_EDGE('',*,*,#739,.F.);
#1644 = ORIENTED_EDGE('',*,*,#1645,.F.);
#1645 = EDGE_CURVE('',#221,#740,#1646,.T.);
#1646 = LINE('',#1647,#1648);
#1647 = CARTESIAN_POINT('',(8.261883,8.262260000002,6.1));
#1648 = VECTOR('',#1649,1.);
#1649 = DIRECTION('',(-0.,-0.,-1.));
#1650 = PLANE('',#1651);
#1651 = AXIS2_PLACEMENT_3D('',#1652,#1653,#1654);
#1652 = CARTESIAN_POINT('',(8.261883,6.15,6.1));
#1653 = DIRECTION('',(1.,0.,0.));
#1654 = DIRECTION('',(0.,1.,0.));
#1655 = ADVANCED_FACE('',(#1656),#1667,.F.);
#1656 = FACE_BOUND('',#1657,.F.);
#1657 = EDGE_LOOP('',(#1658,#1659,#1660,#1661));
#1658 = ORIENTED_EDGE('',*,*,#220,.F.);
#1659 = ORIENTED_EDGE('',*,*,#1645,.T.);
#1660 = ORIENTED_EDGE('',*,*,#747,.F.);
#1661 = ORIENTED_EDGE('',*,*,#1662,.F.);
#1662 = EDGE_CURVE('',#213,#748,#1663,.T.);
#1663 = LINE('',#1664,#1665);
#1664 = CARTESIAN_POINT('',(7.85,8.61226,6.1));
#1665 = VECTOR('',#1666,1.);
#1666 = DIRECTION('',(-0.,-0.,-1.));
#1667 = PLANE('',#1668);
#1668 = AXIS2_PLACEMENT_3D('',#1669,#1670,#1671);
#1669 = CARTESIAN_POINT('',(8.261883,8.262260000002,6.1));
#1670 = DIRECTION('',(0.647540414104,0.762031109668,0.));
#1671 = DIRECTION('',(-0.762031109668,0.647540414104,0.));
#1672 = ADVANCED_FACE('',(#1673),#1692,.F.);
#1673 = FACE_BOUND('',#1674,.F.);
#1674 = EDGE_LOOP('',(#1675,#1676,#1677,#1678,#1686));
#1675 = ORIENTED_EDGE('',*,*,#212,.F.);
#1676 = ORIENTED_EDGE('',*,*,#1662,.T.);
#1677 = ORIENTED_EDGE('',*,*,#755,.F.);
#1678 = ORIENTED_EDGE('',*,*,#1679,.F.);
#1679 = EDGE_CURVE('',#1680,#756,#1682,.T.);
#1680 = VERTEX_POINT('',#1681);
#1681 = CARTESIAN_POINT('',(8.261883,8.962259999998,5.462259999998));
#1682 = LINE('',#1683,#1684);
#1683 = CARTESIAN_POINT('',(6.240718009317,7.24476317023,3.74476317023)
  );
#1684 = VECTOR('',#1685,1.);
#1685 = DIRECTION('',(-0.639638043694,-0.543536186955,-0.543536186955));
#1686 = ORIENTED_EDGE('',*,*,#1687,.F.);
#1687 = EDGE_CURVE('',#205,#1680,#1688,.T.);
#1688 = LINE('',#1689,#1690);
#1689 = CARTESIAN_POINT('',(8.261883,8.962259999998,6.1));
#1690 = VECTOR('',#1691,1.);
#1691 = DIRECTION('',(-0.,-0.,-1.));
#1692 = PLANE('',#1693);
#1693 = AXIS2_PLACEMENT_3D('',#1694,#1695,#1696);
#1694 = CARTESIAN_POINT('',(7.85,8.61226,6.1));
#1695 = DIRECTION('',(0.647540414104,-0.762031109668,0.));
#1696 = DIRECTION('',(0.762031109668,0.647540414104,0.));
#1697 = ADVANCED_FACE('',(#1698),#1716,.F.);
#1698 = FACE_BOUND('',#1699,.F.);
#1699 = EDGE_LOOP('',(#1700,#1701,#1702,#1710));
#1700 = ORIENTED_EDGE('',*,*,#204,.F.);
#1701 = ORIENTED_EDGE('',*,*,#1687,.T.);
#1702 = ORIENTED_EDGE('',*,*,#1703,.F.);
#1703 = EDGE_CURVE('',#1704,#1680,#1706,.T.);
#1704 = VERTEX_POINT('',#1705);
#1705 = CARTESIAN_POINT('',(8.261883,9.200000000094,5.7));
#1706 = LINE('',#1707,#1708);
#1707 = CARTESIAN_POINT('',(8.261883,9.165565,5.665565));
#1708 = VECTOR('',#1709,1.);
#1709 = DIRECTION('',(0.,-0.707106781187,-0.707106781187));
#1710 = ORIENTED_EDGE('',*,*,#1711,.F.);
#1711 = EDGE_CURVE('',#197,#1704,#1712,.T.);
#1712 = LINE('',#1713,#1714);
#1713 = CARTESIAN_POINT('',(8.261883,9.200000000188,6.1));
#1714 = VECTOR('',#1715,1.);
#1715 = DIRECTION('',(-0.,-0.,-1.));
#1716 = PLANE('',#1717);
#1717 = AXIS2_PLACEMENT_3D('',#1718,#1719,#1720);
#1718 = CARTESIAN_POINT('',(8.261883,8.962259999998,6.1));
#1719 = DIRECTION('',(1.,0.,0.));
#1720 = DIRECTION('',(0.,1.,0.));
#1721 = ADVANCED_FACE('',(#1722),#1749,.T.);
#1722 = FACE_BOUND('',#1723,.T.);
#1723 = EDGE_LOOP('',(#1724,#1732,#1733,#1734,#1735,#1743));
#1724 = ORIENTED_EDGE('',*,*,#1725,.F.);
#1725 = EDGE_CURVE('',#1704,#1726,#1728,.T.);
#1726 = VERTEX_POINT('',#1727);
#1727 = CARTESIAN_POINT('',(9.4,9.2,5.7));
#1728 = LINE('',#1729,#1730);
#1729 = CARTESIAN_POINT('',(-1.6,9.2,5.7));
#1730 = VECTOR('',#1731,1.);
#1731 = DIRECTION('',(1.,0.,0.));
#1732 = ORIENTED_EDGE('',*,*,#1711,.F.);
#1733 = ORIENTED_EDGE('',*,*,#196,.F.);
#1734 = ORIENTED_EDGE('',*,*,#811,.F.);
#1735 = ORIENTED_EDGE('',*,*,#1736,.T.);
#1736 = EDGE_CURVE('',#812,#1737,#1739,.T.);
#1737 = VERTEX_POINT('',#1738);
#1738 = CARTESIAN_POINT('',(9.4,9.2,5.139364764492));
#1739 = LINE('',#1740,#1741);
#1740 = CARTESIAN_POINT('',(9.95,9.2,5.139364764492));
#1741 = VECTOR('',#1742,1.);
#1742 = DIRECTION('',(-1.,-0.,-0.));
#1743 = ORIENTED_EDGE('',*,*,#1744,.F.);
#1744 = EDGE_CURVE('',#1726,#1737,#1745,.T.);
#1745 = LINE('',#1746,#1747);
#1746 = CARTESIAN_POINT('',(9.4,9.2,5.4));
#1747 = VECTOR('',#1748,1.);
#1748 = DIRECTION('',(0.,0.,-1.));
#1749 = PLANE('',#1750);
#1750 = AXIS2_PLACEMENT_3D('',#1751,#1752,#1753);
#1751 = CARTESIAN_POINT('',(9.95,9.2,5.139364764492));
#1752 = DIRECTION('',(0.,1.,0.));
#1753 = DIRECTION('',(0.,0.,1.));
#1754 = ADVANCED_FACE('',(#1755),#1766,.F.);
#1755 = FACE_BOUND('',#1756,.F.);
#1756 = EDGE_LOOP('',(#1757,#1758,#1759,#1760));
#1757 = ORIENTED_EDGE('',*,*,#640,.F.);
#1758 = ORIENTED_EDGE('',*,*,#560,.T.);
#1759 = ORIENTED_EDGE('',*,*,#477,.T.);
#1760 = ORIENTED_EDGE('',*,*,#1761,.F.);
#1761 = EDGE_CURVE('',#633,#478,#1762,.T.);
#1762 = LINE('',#1763,#1764);
#1763 = CARTESIAN_POINT('',(9.95,6.062686230684,4.438641764492));
#1764 = VECTOR('',#1765,1.);
#1765 = DIRECTION('',(-1.,-0.,-0.));
#1766 = CYLINDRICAL_SURFACE('',#1767,0.700723);
#1767 = AXIS2_PLACEMENT_3D('',#1768,#1769,#1770);
#1768 = CARTESIAN_POINT('',(9.95,6.763409230684,4.438641764492));
#1769 = DIRECTION('',(1.,0.,0.));
#1770 = DIRECTION('',(0.,1.,0.));
#1771 = ADVANCED_FACE('',(#1772),#1783,.F.);
#1772 = FACE_BOUND('',#1773,.F.);
#1773 = EDGE_LOOP('',(#1774,#1775,#1776,#1777));
#1774 = ORIENTED_EDGE('',*,*,#632,.T.);
#1775 = ORIENTED_EDGE('',*,*,#1761,.T.);
#1776 = ORIENTED_EDGE('',*,*,#486,.T.);
#1777 = ORIENTED_EDGE('',*,*,#1778,.F.);
#1778 = EDGE_CURVE('',#625,#487,#1779,.T.);
#1779 = LINE('',#1780,#1781);
#1780 = CARTESIAN_POINT('',(9.95,6.062686230684,4.261812));
#1781 = VECTOR('',#1782,1.);
#1782 = DIRECTION('',(-1.,-0.,-0.));
#1783 = PLANE('',#1784);
#1784 = AXIS2_PLACEMENT_3D('',#1785,#1786,#1787);
#1785 = CARTESIAN_POINT('',(9.95,6.062686230684,4.438641764492));
#1786 = DIRECTION('',(0.,-1.,0.));
#1787 = DIRECTION('',(0.,0.,-1.));
#1788 = ADVANCED_FACE('',(#1789),#1808,.T.);
#1789 = FACE_BOUND('',#1790,.T.);
#1790 = EDGE_LOOP('',(#1791,#1792,#1800,#1806,#1807));
#1791 = ORIENTED_EDGE('',*,*,#624,.T.);
#1792 = ORIENTED_EDGE('',*,*,#1793,.T.);
#1793 = EDGE_CURVE('',#617,#1794,#1796,.T.);
#1794 = VERTEX_POINT('',#1795);
#1795 = CARTESIAN_POINT('',(-1.9,9.2,4.261812));
#1796 = LINE('',#1797,#1798);
#1797 = CARTESIAN_POINT('',(1.1375,6.1625,4.261812));
#1798 = VECTOR('',#1799,1.);
#1799 = DIRECTION('',(-0.707106781187,0.707106781187,0.));
#1800 = ORIENTED_EDGE('',*,*,#1801,.T.);
#1801 = EDGE_CURVE('',#1794,#495,#1802,.T.);
#1802 = LINE('',#1803,#1804);
#1803 = CARTESIAN_POINT('',(9.95,9.2,4.261812));
#1804 = VECTOR('',#1805,1.);
#1805 = DIRECTION('',(-1.,-0.,-0.));
#1806 = ORIENTED_EDGE('',*,*,#494,.T.);
#1807 = ORIENTED_EDGE('',*,*,#1778,.F.);
#1808 = PLANE('',#1809);
#1809 = AXIS2_PLACEMENT_3D('',#1810,#1811,#1812);
#1810 = CARTESIAN_POINT('',(9.95,9.2,4.261812));
#1811 = DIRECTION('',(0.,0.,1.));
#1812 = DIRECTION('',(0.,-1.,0.));
#1813 = ADVANCED_FACE('',(#1814),#1887,.T.);
#1814 = FACE_BOUND('',#1815,.T.);
#1815 = EDGE_LOOP('',(#1816,#1824,#1825,#1833,#1841,#1849,#1857,#1863,
    #1864,#1865,#1873,#1881));
#1816 = ORIENTED_EDGE('',*,*,#1817,.F.);
#1817 = EDGE_CURVE('',#853,#1818,#1820,.T.);
#1818 = VERTEX_POINT('',#1819);
#1819 = CARTESIAN_POINT('',(9.4,9.2,4.261812));
#1820 = LINE('',#1821,#1822);
#1821 = CARTESIAN_POINT('',(9.95,9.2,4.261812));
#1822 = VECTOR('',#1823,1.);
#1823 = DIRECTION('',(-1.,-0.,-0.));
#1824 = ORIENTED_EDGE('',*,*,#852,.F.);
#1825 = ORIENTED_EDGE('',*,*,#1826,.T.);
#1826 = EDGE_CURVE('',#845,#1827,#1829,.T.);
#1827 = VERTEX_POINT('',#1828);
#1828 = CARTESIAN_POINT('',(9.1,9.2,0.));
#1829 = LINE('',#1830,#1831);
#1830 = CARTESIAN_POINT('',(9.95,9.2,0.));
#1831 = VECTOR('',#1832,1.);
#1832 = DIRECTION('',(-1.,-0.,-0.));
#1833 = ORIENTED_EDGE('',*,*,#1834,.T.);
#1834 = EDGE_CURVE('',#1827,#1835,#1837,.T.);
#1835 = VERTEX_POINT('',#1836);
#1836 = CARTESIAN_POINT('',(9.1,9.2,0.35));
#1837 = LINE('',#1838,#1839);
#1838 = CARTESIAN_POINT('',(9.1,9.2,0.));
#1839 = VECTOR('',#1840,1.);
#1840 = DIRECTION('',(0.,0.,1.));
#1841 = ORIENTED_EDGE('',*,*,#1842,.F.);
#1842 = EDGE_CURVE('',#1843,#1835,#1845,.T.);
#1843 = VERTEX_POINT('',#1844);
#1844 = CARTESIAN_POINT('',(-1.6,9.2,0.35));
#1845 = LINE('',#1846,#1847);
#1846 = CARTESIAN_POINT('',(-1.6,9.2,0.35));
#1847 = VECTOR('',#1848,1.);
#1848 = DIRECTION('',(1.,0.,0.));
#1849 = ORIENTED_EDGE('',*,*,#1850,.F.);
#1850 = EDGE_CURVE('',#1851,#1843,#1853,.T.);
#1851 = VERTEX_POINT('',#1852);
#1852 = CARTESIAN_POINT('',(-1.6,9.2,0.));
#1853 = LINE('',#1854,#1855);
#1854 = CARTESIAN_POINT('',(-1.6,9.2,0.));
#1855 = VECTOR('',#1856,1.);
#1856 = DIRECTION('',(0.,0.,1.));
#1857 = ORIENTED_EDGE('',*,*,#1858,.T.);
#1858 = EDGE_CURVE('',#1851,#503,#1859,.T.);
#1859 = LINE('',#1860,#1861);
#1860 = CARTESIAN_POINT('',(9.95,9.2,0.));
#1861 = VECTOR('',#1862,1.);
#1862 = DIRECTION('',(-1.,-0.,-0.));
#1863 = ORIENTED_EDGE('',*,*,#502,.T.);
#1864 = ORIENTED_EDGE('',*,*,#1801,.F.);
#1865 = ORIENTED_EDGE('',*,*,#1866,.T.);
#1866 = EDGE_CURVE('',#1794,#1867,#1869,.T.);
#1867 = VERTEX_POINT('',#1868);
#1868 = CARTESIAN_POINT('',(-1.9,9.2,0.7));
#1869 = LINE('',#1870,#1871);
#1870 = CARTESIAN_POINT('',(-1.9,9.2,4.261812));
#1871 = VECTOR('',#1872,1.);
#1872 = DIRECTION('',(0.,0.,-1.));
#1873 = ORIENTED_EDGE('',*,*,#1874,.T.);
#1874 = EDGE_CURVE('',#1867,#1875,#1877,.T.);
#1875 = VERTEX_POINT('',#1876);
#1876 = CARTESIAN_POINT('',(9.4,9.2,0.7));
#1877 = LINE('',#1878,#1879);
#1878 = CARTESIAN_POINT('',(-1.6,9.2,0.7));
#1879 = VECTOR('',#1880,1.);
#1880 = DIRECTION('',(1.,0.,0.));
#1881 = ORIENTED_EDGE('',*,*,#1882,.F.);
#1882 = EDGE_CURVE('',#1818,#1875,#1883,.T.);
#1883 = LINE('',#1884,#1885);
#1884 = CARTESIAN_POINT('',(9.4,9.2,4.261812));
#1885 = VECTOR('',#1886,1.);
#1886 = DIRECTION('',(0.,0.,-1.));
#1887 = PLANE('',#1888);
#1888 = AXIS2_PLACEMENT_3D('',#1889,#1890,#1891);
#1889 = CARTESIAN_POINT('',(9.95,9.2,0.));
#1890 = DIRECTION('',(0.,1.,0.));
#1891 = DIRECTION('',(0.,0.,1.));
#1892 = ADVANCED_FACE('',(#1893),#1966,.T.);
#1893 = FACE_BOUND('',#1894,.T.);
#1894 = EDGE_LOOP('',(#1895,#1903,#1909,#1910,#1911,#1912,#1913,#1914,
    #1915,#1916,#1917,#1918,#1919,#1920,#1921,#1922,#1923,#1924,#1925,
    #1926,#1934,#1940,#1941,#1942,#1950,#1958,#1964,#1965));
#1895 = ORIENTED_EDGE('',*,*,#1896,.F.);
#1896 = EDGE_CURVE('',#1897,#837,#1899,.T.);
#1897 = VERTEX_POINT('',#1898);
#1898 = CARTESIAN_POINT('',(8.95,-2.3,0.));
#1899 = LINE('',#1900,#1901);
#1900 = CARTESIAN_POINT('',(8.95,-2.3,0.));
#1901 = VECTOR('',#1902,1.);
#1902 = DIRECTION('',(1.,0.,0.));
#1903 = ORIENTED_EDGE('',*,*,#1904,.T.);
#1904 = EDGE_CURVE('',#1897,#910,#1905,.T.);
#1905 = LINE('',#1906,#1907);
#1906 = CARTESIAN_POINT('',(8.95,-2.3,0.));
#1907 = VECTOR('',#1908,1.);
#1908 = DIRECTION('',(0.,1.,0.));
#1909 = ORIENTED_EDGE('',*,*,#909,.T.);
#1910 = ORIENTED_EDGE('',*,*,#939,.T.);
#1911 = ORIENTED_EDGE('',*,*,#963,.T.);
#1912 = ORIENTED_EDGE('',*,*,#1021,.T.);
#1913 = ORIENTED_EDGE('',*,*,#1055,.T.);
#1914 = ORIENTED_EDGE('',*,*,#1069,.T.);
#1915 = ORIENTED_EDGE('',*,*,#1093,.T.);
#1916 = ORIENTED_EDGE('',*,*,#1151,.T.);
#1917 = ORIENTED_EDGE('',*,*,#1185,.T.);
#1918 = ORIENTED_EDGE('',*,*,#1199,.T.);
#1919 = ORIENTED_EDGE('',*,*,#1223,.T.);
#1920 = ORIENTED_EDGE('',*,*,#1281,.T.);
#1921 = ORIENTED_EDGE('',*,*,#1315,.T.);
#1922 = ORIENTED_EDGE('',*,*,#1329,.T.);
#1923 = ORIENTED_EDGE('',*,*,#1353,.T.);
#1924 = ORIENTED_EDGE('',*,*,#1411,.T.);
#1925 = ORIENTED_EDGE('',*,*,#1454,.T.);
#1926 = ORIENTED_EDGE('',*,*,#1927,.F.);
#1927 = EDGE_CURVE('',#1928,#1447,#1930,.T.);
#1928 = VERTEX_POINT('',#1929);
#1929 = CARTESIAN_POINT('',(-1.45,-2.3,0.));
#1930 = LINE('',#1931,#1932);
#1931 = CARTESIAN_POINT('',(-1.45,-2.3,0.));
#1932 = VECTOR('',#1933,1.);
#1933 = DIRECTION('',(0.,1.,0.));
#1934 = ORIENTED_EDGE('',*,*,#1935,.F.);
#1935 = EDGE_CURVE('',#511,#1928,#1936,.T.);
#1936 = LINE('',#1937,#1938);
#1937 = CARTESIAN_POINT('',(-2.45,-2.3,0.));
#1938 = VECTOR('',#1939,1.);
#1939 = DIRECTION('',(1.,0.,0.));
#1940 = ORIENTED_EDGE('',*,*,#510,.T.);
#1941 = ORIENTED_EDGE('',*,*,#1858,.F.);
#1942 = ORIENTED_EDGE('',*,*,#1943,.F.);
#1943 = EDGE_CURVE('',#1944,#1851,#1946,.T.);
#1944 = VERTEX_POINT('',#1945);
#1945 = CARTESIAN_POINT('',(-1.6,3.8,0.));
#1946 = LINE('',#1947,#1948);
#1947 = CARTESIAN_POINT('',(-1.6,3.8,0.));
#1948 = VECTOR('',#1949,1.);
#1949 = DIRECTION('',(0.,1.,0.));
#1950 = ORIENTED_EDGE('',*,*,#1951,.T.);
#1951 = EDGE_CURVE('',#1944,#1952,#1954,.T.);
#1952 = VERTEX_POINT('',#1953);
#1953 = CARTESIAN_POINT('',(9.1,3.8,0.));
#1954 = LINE('',#1955,#1956);
#1955 = CARTESIAN_POINT('',(-1.6,3.8,0.));
#1956 = VECTOR('',#1957,1.);
#1957 = DIRECTION('',(1.,0.,0.));
#1958 = ORIENTED_EDGE('',*,*,#1959,.T.);
#1959 = EDGE_CURVE('',#1952,#1827,#1960,.T.);
#1960 = LINE('',#1961,#1962);
#1961 = CARTESIAN_POINT('',(9.1,3.8,0.));
#1962 = VECTOR('',#1963,1.);
#1963 = DIRECTION('',(0.,1.,0.));
#1964 = ORIENTED_EDGE('',*,*,#1826,.F.);
#1965 = ORIENTED_EDGE('',*,*,#844,.F.);
#1966 = PLANE('',#1967);
#1967 = AXIS2_PLACEMENT_3D('',#1968,#1969,#1970);
#1968 = CARTESIAN_POINT('',(3.75,3.593223443223,0.));
#1969 = DIRECTION('',(-0.,-0.,-1.));
#1970 = DIRECTION('',(-1.,0.,0.));
#1971 = ADVANCED_FACE('',(#1972),#1990,.F.);
#1972 = FACE_BOUND('',#1973,.F.);
#1973 = EDGE_LOOP('',(#1974,#1982,#1988,#1989));
#1974 = ORIENTED_EDGE('',*,*,#1975,.T.);
#1975 = EDGE_CURVE('',#519,#1976,#1978,.T.);
#1976 = VERTEX_POINT('',#1977);
#1977 = CARTESIAN_POINT('',(-1.45,-2.3,2.974203));
#1978 = LINE('',#1979,#1980);
#1979 = CARTESIAN_POINT('',(-2.45,-2.3,2.974203));
#1980 = VECTOR('',#1981,1.);
#1981 = DIRECTION('',(1.,0.,0.));
#1982 = ORIENTED_EDGE('',*,*,#1983,.T.);
#1983 = EDGE_CURVE('',#1976,#1928,#1984,.T.);
#1984 = LINE('',#1985,#1986);
#1985 = CARTESIAN_POINT('',(-1.45,-2.3,2.974203));
#1986 = VECTOR('',#1987,1.);
#1987 = DIRECTION('',(0.,0.,-1.));
#1988 = ORIENTED_EDGE('',*,*,#1935,.F.);
#1989 = ORIENTED_EDGE('',*,*,#518,.F.);
#1990 = PLANE('',#1991);
#1991 = AXIS2_PLACEMENT_3D('',#1992,#1993,#1994);
#1992 = CARTESIAN_POINT('',(-2.45,-2.3,2.974203));
#1993 = DIRECTION('',(0.,1.,0.));
#1994 = DIRECTION('',(0.,0.,-1.));
#1995 = ADVANCED_FACE('',(#1996),#2007,.F.);
#1996 = FACE_BOUND('',#1997,.F.);
#1997 = EDGE_LOOP('',(#1998,#1999,#2005,#2006));
#1998 = ORIENTED_EDGE('',*,*,#1438,.T.);
#1999 = ORIENTED_EDGE('',*,*,#2000,.T.);
#2000 = EDGE_CURVE('',#1439,#1976,#2001,.T.);
#2001 = LINE('',#2002,#2003);
#2002 = CARTESIAN_POINT('',(-1.45,1.1,4.573209));
#2003 = VECTOR('',#2004,1.);
#2004 = DIRECTION('',(0.,-0.904920601612,-0.425580432795));
#2005 = ORIENTED_EDGE('',*,*,#1975,.F.);
#2006 = ORIENTED_EDGE('',*,*,#526,.F.);
#2007 = PLANE('',#2008);
#2008 = AXIS2_PLACEMENT_3D('',#2009,#2010,#2011);
#2009 = CARTESIAN_POINT('',(-2.45,1.1,4.573209));
#2010 = DIRECTION('',(0.,0.425580432795,-0.904920601612));
#2011 = DIRECTION('',(0.,-0.904920601612,-0.425580432795));
#2012 = ADVANCED_FACE('',(#2013,#2031,#2065,#2099,#2133),#2167,.T.);
#2013 = FACE_BOUND('',#2014,.T.);
#2014 = EDGE_LOOP('',(#2015,#2016,#2024,#2030));
#2015 = ORIENTED_EDGE('',*,*,#779,.T.);
#2016 = ORIENTED_EDGE('',*,*,#2017,.T.);
#2017 = EDGE_CURVE('',#772,#2018,#2020,.T.);
#2018 = VERTEX_POINT('',#2019);
#2019 = CARTESIAN_POINT('',(9.1,4.5,3.107423));
#2020 = LINE('',#2021,#2022);
#2021 = CARTESIAN_POINT('',(9.1,4.5,5.4));
#2022 = VECTOR('',#2023,1.);
#2023 = DIRECTION('',(0.,0.,-1.));
#2024 = ORIENTED_EDGE('',*,*,#2025,.F.);
#2025 = EDGE_CURVE('',#585,#2018,#2026,.T.);
#2026 = LINE('',#2027,#2028);
#2027 = CARTESIAN_POINT('',(-1.6,4.5,3.107423));
#2028 = VECTOR('',#2029,1.);
#2029 = DIRECTION('',(1.,0.,0.));
#2030 = ORIENTED_EDGE('',*,*,#584,.F.);
#2031 = FACE_BOUND('',#2032,.T.);
#2032 = EDGE_LOOP('',(#2033,#2043,#2051,#2059));
#2033 = ORIENTED_EDGE('',*,*,#2034,.F.);
#2034 = EDGE_CURVE('',#2035,#2037,#2039,.T.);
#2035 = VERTEX_POINT('',#2036);
#2036 = CARTESIAN_POINT('',(7.18,4.5,3.43));
#2037 = VERTEX_POINT('',#2038);
#2038 = CARTESIAN_POINT('',(7.18,4.5,4.07));
#2039 = LINE('',#2040,#2041);
#2040 = CARTESIAN_POINT('',(7.18,4.5,4.735));
#2041 = VECTOR('',#2042,1.);
#2042 = DIRECTION('',(0.,0.,1.));
#2043 = ORIENTED_EDGE('',*,*,#2044,.F.);
#2044 = EDGE_CURVE('',#2045,#2035,#2047,.T.);
#2045 = VERTEX_POINT('',#2046);
#2046 = CARTESIAN_POINT('',(7.82,4.5,3.43));
#2047 = LINE('',#2048,#2049);
#2048 = CARTESIAN_POINT('',(2.79,4.5,3.43));
#2049 = VECTOR('',#2050,1.);
#2050 = DIRECTION('',(-1.,0.,0.));
#2051 = ORIENTED_EDGE('',*,*,#2052,.F.);
#2052 = EDGE_CURVE('',#2053,#2045,#2055,.T.);
#2053 = VERTEX_POINT('',#2054);
#2054 = CARTESIAN_POINT('',(7.82,4.5,4.07));
#2055 = LINE('',#2056,#2057);
#2056 = CARTESIAN_POINT('',(7.82,4.5,4.415));
#2057 = VECTOR('',#2058,1.);
#2058 = DIRECTION('',(0.,0.,-1.));
#2059 = ORIENTED_EDGE('',*,*,#2060,.F.);
#2060 = EDGE_CURVE('',#2037,#2053,#2061,.T.);
#2061 = LINE('',#2062,#2063);
#2062 = CARTESIAN_POINT('',(3.11,4.5,4.07));
#2063 = VECTOR('',#2064,1.);
#2064 = DIRECTION('',(1.,0.,0.));
#2065 = FACE_BOUND('',#2066,.T.);
#2066 = EDGE_LOOP('',(#2067,#2077,#2085,#2093));
#2067 = ORIENTED_EDGE('',*,*,#2068,.F.);
#2068 = EDGE_CURVE('',#2069,#2071,#2073,.T.);
#2069 = VERTEX_POINT('',#2070);
#2070 = CARTESIAN_POINT('',(4.68,4.5,3.43));
#2071 = VERTEX_POINT('',#2072);
#2072 = CARTESIAN_POINT('',(4.68,4.5,4.07));
#2073 = LINE('',#2074,#2075);
#2074 = CARTESIAN_POINT('',(4.68,4.5,4.735));
#2075 = VECTOR('',#2076,1.);
#2076 = DIRECTION('',(0.,0.,1.));
#2077 = ORIENTED_EDGE('',*,*,#2078,.F.);
#2078 = EDGE_CURVE('',#2079,#2069,#2081,.T.);
#2079 = VERTEX_POINT('',#2080);
#2080 = CARTESIAN_POINT('',(5.32,4.5,3.43));
#2081 = LINE('',#2082,#2083);
#2082 = CARTESIAN_POINT('',(1.54,4.5,3.43));
#2083 = VECTOR('',#2084,1.);
#2084 = DIRECTION('',(-1.,0.,0.));
#2085 = ORIENTED_EDGE('',*,*,#2086,.F.);
#2086 = EDGE_CURVE('',#2087,#2079,#2089,.T.);
#2087 = VERTEX_POINT('',#2088);
#2088 = CARTESIAN_POINT('',(5.32,4.5,4.07));
#2089 = LINE('',#2090,#2091);
#2090 = CARTESIAN_POINT('',(5.32,4.5,4.415));
#2091 = VECTOR('',#2092,1.);
#2092 = DIRECTION('',(0.,0.,-1.));
#2093 = ORIENTED_EDGE('',*,*,#2094,.F.);
#2094 = EDGE_CURVE('',#2071,#2087,#2095,.T.);
#2095 = LINE('',#2096,#2097);
#2096 = CARTESIAN_POINT('',(1.86,4.5,4.07));
#2097 = VECTOR('',#2098,1.);
#2098 = DIRECTION('',(1.,0.,0.));
#2099 = FACE_BOUND('',#2100,.T.);
#2100 = EDGE_LOOP('',(#2101,#2111,#2119,#2127));
#2101 = ORIENTED_EDGE('',*,*,#2102,.F.);
#2102 = EDGE_CURVE('',#2103,#2105,#2107,.T.);
#2103 = VERTEX_POINT('',#2104);
#2104 = CARTESIAN_POINT('',(2.18,4.5,3.43));
#2105 = VERTEX_POINT('',#2106);
#2106 = CARTESIAN_POINT('',(2.18,4.5,4.07));
#2107 = LINE('',#2108,#2109);
#2108 = CARTESIAN_POINT('',(2.18,4.5,4.735));
#2109 = VECTOR('',#2110,1.);
#2110 = DIRECTION('',(0.,0.,1.));
#2111 = ORIENTED_EDGE('',*,*,#2112,.F.);
#2112 = EDGE_CURVE('',#2113,#2103,#2115,.T.);
#2113 = VERTEX_POINT('',#2114);
#2114 = CARTESIAN_POINT('',(2.82,4.5,3.43));
#2115 = LINE('',#2116,#2117);
#2116 = CARTESIAN_POINT('',(0.29,4.5,3.43));
#2117 = VECTOR('',#2118,1.);
#2118 = DIRECTION('',(-1.,0.,0.));
#2119 = ORIENTED_EDGE('',*,*,#2120,.F.);
#2120 = EDGE_CURVE('',#2121,#2113,#2123,.T.);
#2121 = VERTEX_POINT('',#2122);
#2122 = CARTESIAN_POINT('',(2.82,4.5,4.07));
#2123 = LINE('',#2124,#2125);
#2124 = CARTESIAN_POINT('',(2.82,4.5,4.415));
#2125 = VECTOR('',#2126,1.);
#2126 = DIRECTION('',(0.,0.,-1.));
#2127 = ORIENTED_EDGE('',*,*,#2128,.F.);
#2128 = EDGE_CURVE('',#2105,#2121,#2129,.T.);
#2129 = LINE('',#2130,#2131);
#2130 = CARTESIAN_POINT('',(0.61,4.5,4.07));
#2131 = VECTOR('',#2132,1.);
#2132 = DIRECTION('',(1.,0.,0.));
#2133 = FACE_BOUND('',#2134,.T.);
#2134 = EDGE_LOOP('',(#2135,#2145,#2153,#2161));
#2135 = ORIENTED_EDGE('',*,*,#2136,.F.);
#2136 = EDGE_CURVE('',#2137,#2139,#2141,.T.);
#2137 = VERTEX_POINT('',#2138);
#2138 = CARTESIAN_POINT('',(-0.32,4.5,3.43));
#2139 = VERTEX_POINT('',#2140);
#2140 = CARTESIAN_POINT('',(-0.32,4.5,4.07));
#2141 = LINE('',#2142,#2143);
#2142 = CARTESIAN_POINT('',(-0.32,4.5,4.735));
#2143 = VECTOR('',#2144,1.);
#2144 = DIRECTION('',(0.,0.,1.));
#2145 = ORIENTED_EDGE('',*,*,#2146,.F.);
#2146 = EDGE_CURVE('',#2147,#2137,#2149,.T.);
#2147 = VERTEX_POINT('',#2148);
#2148 = CARTESIAN_POINT('',(0.32,4.5,3.43));
#2149 = LINE('',#2150,#2151);
#2150 = CARTESIAN_POINT('',(-0.96,4.5,3.43));
#2151 = VECTOR('',#2152,1.);
#2152 = DIRECTION('',(-1.,0.,0.));
#2153 = ORIENTED_EDGE('',*,*,#2154,.F.);
#2154 = EDGE_CURVE('',#2155,#2147,#2157,.T.);
#2155 = VERTEX_POINT('',#2156);
#2156 = CARTESIAN_POINT('',(0.32,4.5,4.07));
#2157 = LINE('',#2158,#2159);
#2158 = CARTESIAN_POINT('',(0.32,4.5,4.415));
#2159 = VECTOR('',#2160,1.);
#2160 = DIRECTION('',(0.,0.,-1.));
#2161 = ORIENTED_EDGE('',*,*,#2162,.F.);
#2162 = EDGE_CURVE('',#2139,#2155,#2163,.T.);
#2163 = LINE('',#2164,#2165);
#2164 = CARTESIAN_POINT('',(-0.64,4.5,4.07));
#2165 = VECTOR('',#2166,1.);
#2166 = DIRECTION('',(1.,0.,0.));
#2167 = PLANE('',#2168);
#2168 = AXIS2_PLACEMENT_3D('',#2169,#2170,#2171);
#2169 = CARTESIAN_POINT('',(-1.6,4.5,5.4));
#2170 = DIRECTION('',(0.,1.,0.));
#2171 = DIRECTION('',(0.,0.,-1.));
#2172 = ADVANCED_FACE('',(#2173),#2191,.T.);
#2173 = FACE_BOUND('',#2174,.T.);
#2174 = EDGE_LOOP('',(#2175,#2176,#2184,#2190));
#2175 = ORIENTED_EDGE('',*,*,#2025,.T.);
#2176 = ORIENTED_EDGE('',*,*,#2177,.T.);
#2177 = EDGE_CURVE('',#2018,#2178,#2180,.T.);
#2178 = VERTEX_POINT('',#2179);
#2179 = CARTESIAN_POINT('',(9.1,3.8,2.56995));
#2180 = LINE('',#2181,#2182);
#2181 = CARTESIAN_POINT('',(9.1,4.5,3.107423));
#2182 = VECTOR('',#2183,1.);
#2183 = DIRECTION('',(0.,-0.793164991819,-0.609006810925));
#2184 = ORIENTED_EDGE('',*,*,#2185,.F.);
#2185 = EDGE_CURVE('',#593,#2178,#2186,.T.);
#2186 = LINE('',#2187,#2188);
#2187 = CARTESIAN_POINT('',(-1.6,3.8,2.56995));
#2188 = VECTOR('',#2189,1.);
#2189 = DIRECTION('',(1.,0.,0.));
#2190 = ORIENTED_EDGE('',*,*,#592,.F.);
#2191 = PLANE('',#2192);
#2192 = AXIS2_PLACEMENT_3D('',#2193,#2194,#2195);
#2193 = CARTESIAN_POINT('',(-1.6,4.5,3.107423));
#2194 = DIRECTION('',(0.,0.609006810925,-0.793164991819));
#2195 = DIRECTION('',(0.,-0.793164991819,-0.609006810925));
#2196 = ADVANCED_FACE('',(#2197),#2208,.T.);
#2197 = FACE_BOUND('',#2198,.T.);
#2198 = EDGE_LOOP('',(#2199,#2200,#2201,#2207));
#2199 = ORIENTED_EDGE('',*,*,#1793,.F.);
#2200 = ORIENTED_EDGE('',*,*,#616,.T.);
#2201 = ORIENTED_EDGE('',*,*,#2202,.F.);
#2202 = EDGE_CURVE('',#1867,#609,#2203,.T.);
#2203 = LINE('',#2204,#2205);
#2204 = CARTESIAN_POINT('',(-1.156364666667,8.456364666667,
    1.443635333333));
#2205 = VECTOR('',#2206,1.);
#2206 = DIRECTION('',(0.57735026919,-0.57735026919,0.57735026919));
#2207 = ORIENTED_EDGE('',*,*,#1866,.F.);
#2208 = PLANE('',#2209);
#2209 = AXIS2_PLACEMENT_3D('',#2210,#2211,#2212);
#2210 = CARTESIAN_POINT('',(-1.75,9.05,4.261812));
#2211 = DIRECTION('',(0.707106781187,0.707106781187,0.));
#2212 = DIRECTION('',(0.,0.,-1.));
#2213 = ADVANCED_FACE('',(#2214),#2232,.T.);
#2214 = FACE_BOUND('',#2215,.T.);
#2215 = EDGE_LOOP('',(#2216,#2217,#2225,#2231));
#2216 = ORIENTED_EDGE('',*,*,#2185,.T.);
#2217 = ORIENTED_EDGE('',*,*,#2218,.T.);
#2218 = EDGE_CURVE('',#2178,#2219,#2221,.T.);
#2219 = VERTEX_POINT('',#2220);
#2220 = CARTESIAN_POINT('',(9.1,3.8,1.));
#2221 = LINE('',#2222,#2223);
#2222 = CARTESIAN_POINT('',(9.1,3.8,2.56995));
#2223 = VECTOR('',#2224,1.);
#2224 = DIRECTION('',(0.,0.,-1.));
#2225 = ORIENTED_EDGE('',*,*,#2226,.F.);
#2226 = EDGE_CURVE('',#601,#2219,#2227,.T.);
#2227 = LINE('',#2228,#2229);
#2228 = CARTESIAN_POINT('',(-1.6,3.8,1.));
#2229 = VECTOR('',#2230,1.);
#2230 = DIRECTION('',(1.,0.,0.));
#2231 = ORIENTED_EDGE('',*,*,#600,.F.);
#2232 = PLANE('',#2233);
#2233 = AXIS2_PLACEMENT_3D('',#2234,#2235,#2236);
#2234 = CARTESIAN_POINT('',(-1.6,3.8,2.56995));
#2235 = DIRECTION('',(0.,1.,0.));
#2236 = DIRECTION('',(0.,0.,-1.));
#2237 = ADVANCED_FACE('',(#2238),#2256,.T.);
#2238 = FACE_BOUND('',#2239,.T.);
#2239 = EDGE_LOOP('',(#2240,#2241,#2242,#2250));
#2240 = ORIENTED_EDGE('',*,*,#608,.F.);
#2241 = ORIENTED_EDGE('',*,*,#2226,.T.);
#2242 = ORIENTED_EDGE('',*,*,#2243,.T.);
#2243 = EDGE_CURVE('',#2219,#2244,#2246,.T.);
#2244 = VERTEX_POINT('',#2245);
#2245 = CARTESIAN_POINT('',(9.1,8.9,1.));
#2246 = LINE('',#2247,#2248);
#2247 = CARTESIAN_POINT('',(9.1,3.8,1.));
#2248 = VECTOR('',#2249,1.);
#2249 = DIRECTION('',(0.,1.,0.));
#2250 = ORIENTED_EDGE('',*,*,#2251,.F.);
#2251 = EDGE_CURVE('',#609,#2244,#2252,.T.);
#2252 = LINE('',#2253,#2254);
#2253 = CARTESIAN_POINT('',(-1.6,8.9,1.));
#2254 = VECTOR('',#2255,1.);
#2255 = DIRECTION('',(1.,0.,0.));
#2256 = PLANE('',#2257);
#2257 = AXIS2_PLACEMENT_3D('',#2258,#2259,#2260);
#2258 = CARTESIAN_POINT('',(-1.6,3.8,1.));
#2259 = DIRECTION('',(0.,0.,1.));
#2260 = DIRECTION('',(0.,1.,0.));
#2261 = ADVANCED_FACE('',(#2262),#2316,.F.);
#2262 = FACE_BOUND('',#2263,.F.);
#2263 = EDGE_LOOP('',(#2264,#2274,#2280,#2281,#2282,#2283,#2284,#2285,
    #2293,#2301,#2309));
#2264 = ORIENTED_EDGE('',*,*,#2265,.T.);
#2265 = EDGE_CURVE('',#2266,#2268,#2270,.T.);
#2266 = VERTEX_POINT('',#2267);
#2267 = CARTESIAN_POINT('',(9.1,6.763409230684,5.139364764492));
#2268 = VERTEX_POINT('',#2269);
#2269 = CARTESIAN_POINT('',(9.1,8.9,5.139364764492));
#2270 = LINE('',#2271,#2272);
#2271 = CARTESIAN_POINT('',(9.1,7.892722487542,5.139364764492));
#2272 = VECTOR('',#2273,1.);
#2273 = DIRECTION('',(0.,1.,0.));
#2274 = ORIENTED_EDGE('',*,*,#2275,.F.);
#2275 = EDGE_CURVE('',#764,#2268,#2276,.T.);
#2276 = LINE('',#2277,#2278);
#2277 = CARTESIAN_POINT('',(9.1,8.9,5.4));
#2278 = VECTOR('',#2279,1.);
#2279 = DIRECTION('',(0.,0.,-1.));
#2280 = ORIENTED_EDGE('',*,*,#771,.T.);
#2281 = ORIENTED_EDGE('',*,*,#2017,.T.);
#2282 = ORIENTED_EDGE('',*,*,#2177,.T.);
#2283 = ORIENTED_EDGE('',*,*,#2218,.T.);
#2284 = ORIENTED_EDGE('',*,*,#2243,.T.);
#2285 = ORIENTED_EDGE('',*,*,#2286,.F.);
#2286 = EDGE_CURVE('',#2287,#2244,#2289,.T.);
#2287 = VERTEX_POINT('',#2288);
#2288 = CARTESIAN_POINT('',(9.1,8.9,4.261812));
#2289 = LINE('',#2290,#2291);
#2290 = CARTESIAN_POINT('',(9.1,8.9,4.261812));
#2291 = VECTOR('',#2292,1.);
#2292 = DIRECTION('',(0.,0.,-1.));
#2293 = ORIENTED_EDGE('',*,*,#2294,.F.);
#2294 = EDGE_CURVE('',#2295,#2287,#2297,.T.);
#2295 = VERTEX_POINT('',#2296);
#2296 = CARTESIAN_POINT('',(9.1,6.062686230684,4.261812));
#2297 = LINE('',#2298,#2299);
#2298 = CARTESIAN_POINT('',(9.1,7.892722487542,4.261812));
#2299 = VECTOR('',#2300,1.);
#2300 = DIRECTION('',(0.,1.,0.));
#2301 = ORIENTED_EDGE('',*,*,#2302,.T.);
#2302 = EDGE_CURVE('',#2295,#2303,#2305,.T.);
#2303 = VERTEX_POINT('',#2304);
#2304 = CARTESIAN_POINT('',(9.1,6.062686230684,4.438641764492));
#2305 = LINE('',#2306,#2307);
#2306 = CARTESIAN_POINT('',(9.1,6.062686230684,3.226507453172));
#2307 = VECTOR('',#2308,1.);
#2308 = DIRECTION('',(0.,0.,1.));
#2309 = ORIENTED_EDGE('',*,*,#2310,.F.);
#2310 = EDGE_CURVE('',#2266,#2303,#2311,.T.);
#2311 = CIRCLE('',#2312,0.700723);
#2312 = AXIS2_PLACEMENT_3D('',#2313,#2314,#2315);
#2313 = CARTESIAN_POINT('',(9.1,6.763409230684,4.438641764492));
#2314 = DIRECTION('',(1.,0.,0.));
#2315 = DIRECTION('',(0.,1.,0.));
#2316 = PLANE('',#2317);
#2317 = AXIS2_PLACEMENT_3D('',#2318,#2319,#2320);
#2318 = CARTESIAN_POINT('',(9.1,6.585444975084,2.014373141851));
#2319 = DIRECTION('',(1.,0.,0.));
#2320 = DIRECTION('',(0.,0.,1.));
#2321 = ADVANCED_FACE('',(#2322),#2334,.T.);
#2322 = FACE_BOUND('',#2323,.T.);
#2323 = EDGE_LOOP('',(#2324,#2325,#2326,#2332,#2333));
#2324 = ORIENTED_EDGE('',*,*,#1703,.F.);
#2325 = ORIENTED_EDGE('',*,*,#1725,.T.);
#2326 = ORIENTED_EDGE('',*,*,#2327,.T.);
#2327 = EDGE_CURVE('',#1726,#764,#2328,.T.);
#2328 = LINE('',#2329,#2330);
#2329 = CARTESIAN_POINT('',(7.416666666667,7.216666666667,3.716666666667
    ));
#2330 = VECTOR('',#2331,1.);
#2331 = DIRECTION('',(-0.57735026919,-0.57735026919,-0.57735026919));
#2332 = ORIENTED_EDGE('',*,*,#763,.F.);
#2333 = ORIENTED_EDGE('',*,*,#1679,.F.);
#2334 = PLANE('',#2335);
#2335 = AXIS2_PLACEMENT_3D('',#2336,#2337,#2338);
#2336 = CARTESIAN_POINT('',(-1.6,9.05,5.55));
#2337 = DIRECTION('',(0.,0.707106781187,-0.707106781187));
#2338 = DIRECTION('',(1.,0.,0.));
#2339 = ADVANCED_FACE('',(#2340),#2346,.T.);
#2340 = FACE_BOUND('',#2341,.T.);
#2341 = EDGE_LOOP('',(#2342,#2343,#2344,#2345));
#2342 = ORIENTED_EDGE('',*,*,#1545,.T.);
#2343 = ORIENTED_EDGE('',*,*,#1561,.T.);
#2344 = ORIENTED_EDGE('',*,*,#1587,.F.);
#2345 = ORIENTED_EDGE('',*,*,#706,.F.);
#2346 = PLANE('',#2347);
#2347 = AXIS2_PLACEMENT_3D('',#2348,#2349,#2350);
#2348 = CARTESIAN_POINT('',(-1.6,9.05,5.55));
#2349 = DIRECTION('',(0.,0.707106781187,-0.707106781187));
#2350 = DIRECTION('',(1.,0.,0.));
#2351 = ADVANCED_FACE('',(#2352),#2370,.F.);
#2352 = FACE_BOUND('',#2353,.F.);
#2353 = EDGE_LOOP('',(#2354,#2355,#2356,#2364));
#2354 = ORIENTED_EDGE('',*,*,#925,.T.);
#2355 = ORIENTED_EDGE('',*,*,#828,.T.);
#2356 = ORIENTED_EDGE('',*,*,#2357,.F.);
#2357 = EDGE_CURVE('',#2358,#829,#2360,.T.);
#2358 = VERTEX_POINT('',#2359);
#2359 = CARTESIAN_POINT('',(8.95,-2.3,2.974203));
#2360 = LINE('',#2361,#2362);
#2361 = CARTESIAN_POINT('',(8.95,-2.3,2.974203));
#2362 = VECTOR('',#2363,1.);
#2363 = DIRECTION('',(1.,0.,0.));
#2364 = ORIENTED_EDGE('',*,*,#2365,.F.);
#2365 = EDGE_CURVE('',#918,#2358,#2366,.T.);
#2366 = LINE('',#2367,#2368);
#2367 = CARTESIAN_POINT('',(8.95,1.1,4.573209));
#2368 = VECTOR('',#2369,1.);
#2369 = DIRECTION('',(0.,-0.904920601612,-0.425580432795));
#2370 = PLANE('',#2371);
#2371 = AXIS2_PLACEMENT_3D('',#2372,#2373,#2374);
#2372 = CARTESIAN_POINT('',(8.95,1.1,4.573209));
#2373 = DIRECTION('',(0.,0.425580432795,-0.904920601612));
#2374 = DIRECTION('',(0.,-0.904920601612,-0.425580432795));
#2375 = ADVANCED_FACE('',(#2376),#2387,.F.);
#2376 = FACE_BOUND('',#2377,.F.);
#2377 = EDGE_LOOP('',(#2378,#2379,#2380,#2381));
#2378 = ORIENTED_EDGE('',*,*,#2357,.T.);
#2379 = ORIENTED_EDGE('',*,*,#836,.T.);
#2380 = ORIENTED_EDGE('',*,*,#1896,.F.);
#2381 = ORIENTED_EDGE('',*,*,#2382,.F.);
#2382 = EDGE_CURVE('',#2358,#1897,#2383,.T.);
#2383 = LINE('',#2384,#2385);
#2384 = CARTESIAN_POINT('',(8.95,-2.3,2.974203));
#2385 = VECTOR('',#2386,1.);
#2386 = DIRECTION('',(0.,0.,-1.));
#2387 = PLANE('',#2388);
#2388 = AXIS2_PLACEMENT_3D('',#2389,#2390,#2391);
#2389 = CARTESIAN_POINT('',(8.95,-2.3,2.974203));
#2390 = DIRECTION('',(0.,1.,0.));
#2391 = DIRECTION('',(0.,0.,-1.));
#2392 = ADVANCED_FACE('',(#2393),#2410,.T.);
#2393 = FACE_BOUND('',#2394,.T.);
#2394 = EDGE_LOOP('',(#2395,#2396,#2402,#2403,#2404));
#2395 = ORIENTED_EDGE('',*,*,#2294,.F.);
#2396 = ORIENTED_EDGE('',*,*,#2397,.F.);
#2397 = EDGE_CURVE('',#861,#2295,#2398,.T.);
#2398 = LINE('',#2399,#2400);
#2399 = CARTESIAN_POINT('',(9.95,6.062686230684,4.261812));
#2400 = VECTOR('',#2401,1.);
#2401 = DIRECTION('',(-1.,-0.,-0.));
#2402 = ORIENTED_EDGE('',*,*,#860,.F.);
#2403 = ORIENTED_EDGE('',*,*,#1817,.T.);
#2404 = ORIENTED_EDGE('',*,*,#2405,.F.);
#2405 = EDGE_CURVE('',#2287,#1818,#2406,.T.);
#2406 = LINE('',#2407,#2408);
#2407 = CARTESIAN_POINT('',(9.4625,9.2625,4.261812));
#2408 = VECTOR('',#2409,1.);
#2409 = DIRECTION('',(0.707106781187,0.707106781187,0.));
#2410 = PLANE('',#2411);
#2411 = AXIS2_PLACEMENT_3D('',#2412,#2413,#2414);
#2412 = CARTESIAN_POINT('',(9.95,9.2,4.261812));
#2413 = DIRECTION('',(0.,0.,1.));
#2414 = DIRECTION('',(0.,-1.,0.));
#2415 = ADVANCED_FACE('',(#2416),#2427,.F.);
#2416 = FACE_BOUND('',#2417,.F.);
#2417 = EDGE_LOOP('',(#2418,#2419,#2425,#2426));
#2418 = ORIENTED_EDGE('',*,*,#868,.F.);
#2419 = ORIENTED_EDGE('',*,*,#2420,.T.);
#2420 = EDGE_CURVE('',#869,#2303,#2421,.T.);
#2421 = LINE('',#2422,#2423);
#2422 = CARTESIAN_POINT('',(9.95,6.062686230684,4.438641764492));
#2423 = VECTOR('',#2424,1.);
#2424 = DIRECTION('',(-1.,-0.,-0.));
#2425 = ORIENTED_EDGE('',*,*,#2302,.F.);
#2426 = ORIENTED_EDGE('',*,*,#2397,.F.);
#2427 = PLANE('',#2428);
#2428 = AXIS2_PLACEMENT_3D('',#2429,#2430,#2431);
#2429 = CARTESIAN_POINT('',(9.95,6.062686230684,4.438641764492));
#2430 = DIRECTION('',(0.,-1.,0.));
#2431 = DIRECTION('',(0.,0.,-1.));
#2432 = ADVANCED_FACE('',(#2433),#2444,.F.);
#2433 = FACE_BOUND('',#2434,.F.);
#2434 = EDGE_LOOP('',(#2435,#2436,#2442,#2443));
#2435 = ORIENTED_EDGE('',*,*,#876,.F.);
#2436 = ORIENTED_EDGE('',*,*,#2437,.T.);
#2437 = EDGE_CURVE('',#877,#2266,#2438,.T.);
#2438 = LINE('',#2439,#2440);
#2439 = CARTESIAN_POINT('',(9.95,6.763409230684,5.139364764492));
#2440 = VECTOR('',#2441,1.);
#2441 = DIRECTION('',(-1.,-0.,-0.));
#2442 = ORIENTED_EDGE('',*,*,#2310,.T.);
#2443 = ORIENTED_EDGE('',*,*,#2420,.F.);
#2444 = CYLINDRICAL_SURFACE('',#2445,0.700723);
#2445 = AXIS2_PLACEMENT_3D('',#2446,#2447,#2448);
#2446 = CARTESIAN_POINT('',(9.95,6.763409230684,4.438641764492));
#2447 = DIRECTION('',(1.,0.,0.));
#2448 = DIRECTION('',(0.,1.,0.));
#2449 = ADVANCED_FACE('',(#2450),#2462,.F.);
#2450 = FACE_BOUND('',#2451,.F.);
#2451 = EDGE_LOOP('',(#2452,#2453,#2454,#2455,#2456));
#2452 = ORIENTED_EDGE('',*,*,#2265,.F.);
#2453 = ORIENTED_EDGE('',*,*,#2437,.F.);
#2454 = ORIENTED_EDGE('',*,*,#885,.F.);
#2455 = ORIENTED_EDGE('',*,*,#1736,.T.);
#2456 = ORIENTED_EDGE('',*,*,#2457,.T.);
#2457 = EDGE_CURVE('',#1737,#2268,#2458,.T.);
#2458 = LINE('',#2459,#2460);
#2459 = CARTESIAN_POINT('',(9.4625,9.2625,5.139364764492));
#2460 = VECTOR('',#2461,1.);
#2461 = DIRECTION('',(-0.707106781187,-0.707106781187,0.));
#2462 = PLANE('',#2463);
#2463 = AXIS2_PLACEMENT_3D('',#2464,#2465,#2466);
#2464 = CARTESIAN_POINT('',(9.95,9.2,5.139364764492));
#2465 = DIRECTION('',(0.,0.,1.));
#2466 = DIRECTION('',(0.,-1.,0.));
#2467 = ADVANCED_FACE('',(#2468),#2474,.F.);
#2468 = FACE_BOUND('',#2469,.F.);
#2469 = EDGE_LOOP('',(#2470,#2471,#2472,#2473));
#2470 = ORIENTED_EDGE('',*,*,#2365,.T.);
#2471 = ORIENTED_EDGE('',*,*,#2382,.T.);
#2472 = ORIENTED_EDGE('',*,*,#1904,.T.);
#2473 = ORIENTED_EDGE('',*,*,#917,.T.);
#2474 = PLANE('',#2475);
#2475 = AXIS2_PLACEMENT_3D('',#2476,#2477,#2478);
#2476 = CARTESIAN_POINT('',(8.95,-0.415139386307,1.976161927751));
#2477 = DIRECTION('',(1.,0.,0.));
#2478 = DIRECTION('',(0.,0.,1.));
#2479 = ADVANCED_FACE('',(#2480),#2496,.F.);
#2480 = FACE_BOUND('',#2481,.F.);
#2481 = EDGE_LOOP('',(#2482,#2483,#2489,#2490));
#2482 = ORIENTED_EDGE('',*,*,#981,.F.);
#2483 = ORIENTED_EDGE('',*,*,#2484,.T.);
#2484 = EDGE_CURVE('',#982,#2037,#2485,.T.);
#2485 = LINE('',#2486,#2487);
#2486 = CARTESIAN_POINT('',(7.18,9.037215420449E-16,4.07));
#2487 = VECTOR('',#2488,1.);
#2488 = DIRECTION('',(0.,1.,-2.22044604925E-16));
#2489 = ORIENTED_EDGE('',*,*,#2034,.F.);
#2490 = ORIENTED_EDGE('',*,*,#2491,.F.);
#2491 = EDGE_CURVE('',#984,#2035,#2492,.T.);
#2492 = LINE('',#2493,#2494);
#2493 = CARTESIAN_POINT('',(7.18,7.616129948929E-16,3.43));
#2494 = VECTOR('',#2495,1.);
#2495 = DIRECTION('',(0.,1.,-2.22044604925E-16));
#2496 = PLANE('',#2497);
#2497 = AXIS2_PLACEMENT_3D('',#2498,#2499,#2500);
#2498 = CARTESIAN_POINT('',(7.18,9.037215420449E-16,4.07));
#2499 = DIRECTION('',(-1.,0.,0.));
#2500 = DIRECTION('',(0.,-2.22044604925E-16,-1.));
#2501 = ADVANCED_FACE('',(#2502),#2513,.F.);
#2502 = FACE_BOUND('',#2503,.F.);
#2503 = EDGE_LOOP('',(#2504,#2505,#2506,#2507));
#2504 = ORIENTED_EDGE('',*,*,#1007,.F.);
#2505 = ORIENTED_EDGE('',*,*,#2491,.T.);
#2506 = ORIENTED_EDGE('',*,*,#2044,.F.);
#2507 = ORIENTED_EDGE('',*,*,#2508,.F.);
#2508 = EDGE_CURVE('',#1000,#2045,#2509,.T.);
#2509 = LINE('',#2510,#2511);
#2510 = CARTESIAN_POINT('',(7.82,7.616129948929E-16,3.43));
#2511 = VECTOR('',#2512,1.);
#2512 = DIRECTION('',(0.,1.,-2.22044604925E-16));
#2513 = PLANE('',#2514);
#2514 = AXIS2_PLACEMENT_3D('',#2515,#2516,#2517);
#2515 = CARTESIAN_POINT('',(7.18,7.616129948929E-16,3.43));
#2516 = DIRECTION('',(0.,-2.22044604925E-16,-1.));
#2517 = DIRECTION('',(1.,0.,0.));
#2518 = ADVANCED_FACE('',(#2519),#2530,.F.);
#2519 = FACE_BOUND('',#2520,.F.);
#2520 = EDGE_LOOP('',(#2521,#2522,#2523,#2524));
#2521 = ORIENTED_EDGE('',*,*,#999,.F.);
#2522 = ORIENTED_EDGE('',*,*,#2508,.T.);
#2523 = ORIENTED_EDGE('',*,*,#2052,.F.);
#2524 = ORIENTED_EDGE('',*,*,#2525,.F.);
#2525 = EDGE_CURVE('',#992,#2053,#2526,.T.);
#2526 = LINE('',#2527,#2528);
#2527 = CARTESIAN_POINT('',(7.82,9.037215420449E-16,4.07));
#2528 = VECTOR('',#2529,1.);
#2529 = DIRECTION('',(0.,1.,-2.22044604925E-16));
#2530 = PLANE('',#2531);
#2531 = AXIS2_PLACEMENT_3D('',#2532,#2533,#2534);
#2532 = CARTESIAN_POINT('',(7.82,7.616129948929E-16,3.43));
#2533 = DIRECTION('',(1.,0.,0.));
#2534 = DIRECTION('',(0.,2.22044604925E-16,1.));
#2535 = ADVANCED_FACE('',(#2536),#2542,.F.);
#2536 = FACE_BOUND('',#2537,.F.);
#2537 = EDGE_LOOP('',(#2538,#2539,#2540,#2541));
#2538 = ORIENTED_EDGE('',*,*,#991,.F.);
#2539 = ORIENTED_EDGE('',*,*,#2525,.T.);
#2540 = ORIENTED_EDGE('',*,*,#2060,.F.);
#2541 = ORIENTED_EDGE('',*,*,#2484,.F.);
#2542 = PLANE('',#2543);
#2543 = AXIS2_PLACEMENT_3D('',#2544,#2545,#2546);
#2544 = CARTESIAN_POINT('',(7.82,9.037215420449E-16,4.07));
#2545 = DIRECTION('',(0.,2.22044604925E-16,1.));
#2546 = DIRECTION('',(-1.,0.,0.));
#2547 = ADVANCED_FACE('',(#2548),#2564,.F.);
#2548 = FACE_BOUND('',#2549,.F.);
#2549 = EDGE_LOOP('',(#2550,#2551,#2557,#2558));
#2550 = ORIENTED_EDGE('',*,*,#1111,.F.);
#2551 = ORIENTED_EDGE('',*,*,#2552,.T.);
#2552 = EDGE_CURVE('',#1112,#2071,#2553,.T.);
#2553 = LINE('',#2554,#2555);
#2554 = CARTESIAN_POINT('',(4.68,9.037215420449E-16,4.07));
#2555 = VECTOR('',#2556,1.);
#2556 = DIRECTION('',(0.,1.,-2.22044604925E-16));
#2557 = ORIENTED_EDGE('',*,*,#2068,.F.);
#2558 = ORIENTED_EDGE('',*,*,#2559,.F.);
#2559 = EDGE_CURVE('',#1114,#2069,#2560,.T.);
#2560 = LINE('',#2561,#2562);
#2561 = CARTESIAN_POINT('',(4.68,7.616129948929E-16,3.43));
#2562 = VECTOR('',#2563,1.);
#2563 = DIRECTION('',(0.,1.,-2.22044604925E-16));
#2564 = PLANE('',#2565);
#2565 = AXIS2_PLACEMENT_3D('',#2566,#2567,#2568);
#2566 = CARTESIAN_POINT('',(4.68,9.037215420449E-16,4.07));
#2567 = DIRECTION('',(-1.,0.,0.));
#2568 = DIRECTION('',(0.,-2.22044604925E-16,-1.));
#2569 = ADVANCED_FACE('',(#2570),#2581,.F.);
#2570 = FACE_BOUND('',#2571,.F.);
#2571 = EDGE_LOOP('',(#2572,#2573,#2574,#2575));
#2572 = ORIENTED_EDGE('',*,*,#1137,.F.);
#2573 = ORIENTED_EDGE('',*,*,#2559,.T.);
#2574 = ORIENTED_EDGE('',*,*,#2078,.F.);
#2575 = ORIENTED_EDGE('',*,*,#2576,.F.);
#2576 = EDGE_CURVE('',#1130,#2079,#2577,.T.);
#2577 = LINE('',#2578,#2579);
#2578 = CARTESIAN_POINT('',(5.32,7.616129948929E-16,3.43));
#2579 = VECTOR('',#2580,1.);
#2580 = DIRECTION('',(0.,1.,-2.22044604925E-16));
#2581 = PLANE('',#2582);
#2582 = AXIS2_PLACEMENT_3D('',#2583,#2584,#2585);
#2583 = CARTESIAN_POINT('',(4.68,7.616129948929E-16,3.43));
#2584 = DIRECTION('',(0.,-2.22044604925E-16,-1.));
#2585 = DIRECTION('',(1.,0.,0.));
#2586 = ADVANCED_FACE('',(#2587),#2598,.F.);
#2587 = FACE_BOUND('',#2588,.F.);
#2588 = EDGE_LOOP('',(#2589,#2590,#2591,#2592));
#2589 = ORIENTED_EDGE('',*,*,#1129,.F.);
#2590 = ORIENTED_EDGE('',*,*,#2576,.T.);
#2591 = ORIENTED_EDGE('',*,*,#2086,.F.);
#2592 = ORIENTED_EDGE('',*,*,#2593,.F.);
#2593 = EDGE_CURVE('',#1122,#2087,#2594,.T.);
#2594 = LINE('',#2595,#2596);
#2595 = CARTESIAN_POINT('',(5.32,9.037215420449E-16,4.07));
#2596 = VECTOR('',#2597,1.);
#2597 = DIRECTION('',(0.,1.,-2.22044604925E-16));
#2598 = PLANE('',#2599);
#2599 = AXIS2_PLACEMENT_3D('',#2600,#2601,#2602);
#2600 = CARTESIAN_POINT('',(5.32,7.616129948929E-16,3.43));
#2601 = DIRECTION('',(1.,0.,0.));
#2602 = DIRECTION('',(0.,2.22044604925E-16,1.));
#2603 = ADVANCED_FACE('',(#2604),#2610,.F.);
#2604 = FACE_BOUND('',#2605,.F.);
#2605 = EDGE_LOOP('',(#2606,#2607,#2608,#2609));
#2606 = ORIENTED_EDGE('',*,*,#1121,.F.);
#2607 = ORIENTED_EDGE('',*,*,#2593,.T.);
#2608 = ORIENTED_EDGE('',*,*,#2094,.F.);
#2609 = ORIENTED_EDGE('',*,*,#2552,.F.);
#2610 = PLANE('',#2611);
#2611 = AXIS2_PLACEMENT_3D('',#2612,#2613,#2614);
#2612 = CARTESIAN_POINT('',(5.32,9.037215420449E-16,4.07));
#2613 = DIRECTION('',(0.,2.22044604925E-16,1.));
#2614 = DIRECTION('',(-1.,0.,0.));
#2615 = ADVANCED_FACE('',(#2616),#2632,.F.);
#2616 = FACE_BOUND('',#2617,.F.);
#2617 = EDGE_LOOP('',(#2618,#2619,#2625,#2626));
#2618 = ORIENTED_EDGE('',*,*,#1241,.F.);
#2619 = ORIENTED_EDGE('',*,*,#2620,.T.);
#2620 = EDGE_CURVE('',#1242,#2105,#2621,.T.);
#2621 = LINE('',#2622,#2623);
#2622 = CARTESIAN_POINT('',(2.18,9.037215420449E-16,4.07));
#2623 = VECTOR('',#2624,1.);
#2624 = DIRECTION('',(0.,1.,-2.22044604925E-16));
#2625 = ORIENTED_EDGE('',*,*,#2102,.F.);
#2626 = ORIENTED_EDGE('',*,*,#2627,.F.);
#2627 = EDGE_CURVE('',#1244,#2103,#2628,.T.);
#2628 = LINE('',#2629,#2630);
#2629 = CARTESIAN_POINT('',(2.18,7.616129948929E-16,3.43));
#2630 = VECTOR('',#2631,1.);
#2631 = DIRECTION('',(0.,1.,-2.22044604925E-16));
#2632 = PLANE('',#2633);
#2633 = AXIS2_PLACEMENT_3D('',#2634,#2635,#2636);
#2634 = CARTESIAN_POINT('',(2.18,9.037215420449E-16,4.07));
#2635 = DIRECTION('',(-1.,0.,0.));
#2636 = DIRECTION('',(0.,-2.22044604925E-16,-1.));
#2637 = ADVANCED_FACE('',(#2638),#2649,.F.);
#2638 = FACE_BOUND('',#2639,.F.);
#2639 = EDGE_LOOP('',(#2640,#2641,#2642,#2643));
#2640 = ORIENTED_EDGE('',*,*,#1267,.F.);
#2641 = ORIENTED_EDGE('',*,*,#2627,.T.);
#2642 = ORIENTED_EDGE('',*,*,#2112,.F.);
#2643 = ORIENTED_EDGE('',*,*,#2644,.F.);
#2644 = EDGE_CURVE('',#1260,#2113,#2645,.T.);
#2645 = LINE('',#2646,#2647);
#2646 = CARTESIAN_POINT('',(2.82,7.616129948929E-16,3.43));
#2647 = VECTOR('',#2648,1.);
#2648 = DIRECTION('',(0.,1.,-2.22044604925E-16));
#2649 = PLANE('',#2650);
#2650 = AXIS2_PLACEMENT_3D('',#2651,#2652,#2653);
#2651 = CARTESIAN_POINT('',(2.18,7.616129948929E-16,3.43));
#2652 = DIRECTION('',(0.,-2.22044604925E-16,-1.));
#2653 = DIRECTION('',(1.,0.,0.));
#2654 = ADVANCED_FACE('',(#2655),#2666,.F.);
#2655 = FACE_BOUND('',#2656,.F.);
#2656 = EDGE_LOOP('',(#2657,#2658,#2659,#2660));
#2657 = ORIENTED_EDGE('',*,*,#1259,.F.);
#2658 = ORIENTED_EDGE('',*,*,#2644,.T.);
#2659 = ORIENTED_EDGE('',*,*,#2120,.F.);
#2660 = ORIENTED_EDGE('',*,*,#2661,.F.);
#2661 = EDGE_CURVE('',#1252,#2121,#2662,.T.);
#2662 = LINE('',#2663,#2664);
#2663 = CARTESIAN_POINT('',(2.82,9.037215420449E-16,4.07));
#2664 = VECTOR('',#2665,1.);
#2665 = DIRECTION('',(0.,1.,-2.22044604925E-16));
#2666 = PLANE('',#2667);
#2667 = AXIS2_PLACEMENT_3D('',#2668,#2669,#2670);
#2668 = CARTESIAN_POINT('',(2.82,7.616129948929E-16,3.43));
#2669 = DIRECTION('',(1.,0.,0.));
#2670 = DIRECTION('',(0.,2.22044604925E-16,1.));
#2671 = ADVANCED_FACE('',(#2672),#2678,.F.);
#2672 = FACE_BOUND('',#2673,.F.);
#2673 = EDGE_LOOP('',(#2674,#2675,#2676,#2677));
#2674 = ORIENTED_EDGE('',*,*,#1251,.F.);
#2675 = ORIENTED_EDGE('',*,*,#2661,.T.);
#2676 = ORIENTED_EDGE('',*,*,#2128,.F.);
#2677 = ORIENTED_EDGE('',*,*,#2620,.F.);
#2678 = PLANE('',#2679);
#2679 = AXIS2_PLACEMENT_3D('',#2680,#2681,#2682);
#2680 = CARTESIAN_POINT('',(2.82,9.037215420449E-16,4.07));
#2681 = DIRECTION('',(0.,2.22044604925E-16,1.));
#2682 = DIRECTION('',(-1.,0.,0.));
#2683 = ADVANCED_FACE('',(#2684),#2700,.F.);
#2684 = FACE_BOUND('',#2685,.F.);
#2685 = EDGE_LOOP('',(#2686,#2687,#2693,#2694));
#2686 = ORIENTED_EDGE('',*,*,#1371,.F.);
#2687 = ORIENTED_EDGE('',*,*,#2688,.T.);
#2688 = EDGE_CURVE('',#1372,#2139,#2689,.T.);
#2689 = LINE('',#2690,#2691);
#2690 = CARTESIAN_POINT('',(-0.32,9.037215420449E-16,4.07));
#2691 = VECTOR('',#2692,1.);
#2692 = DIRECTION('',(0.,1.,-2.22044604925E-16));
#2693 = ORIENTED_EDGE('',*,*,#2136,.F.);
#2694 = ORIENTED_EDGE('',*,*,#2695,.F.);
#2695 = EDGE_CURVE('',#1374,#2137,#2696,.T.);
#2696 = LINE('',#2697,#2698);
#2697 = CARTESIAN_POINT('',(-0.32,7.616129948929E-16,3.43));
#2698 = VECTOR('',#2699,1.);
#2699 = DIRECTION('',(0.,1.,-2.22044604925E-16));
#2700 = PLANE('',#2701);
#2701 = AXIS2_PLACEMENT_3D('',#2702,#2703,#2704);
#2702 = CARTESIAN_POINT('',(-0.32,9.037215420449E-16,4.07));
#2703 = DIRECTION('',(-1.,0.,0.));
#2704 = DIRECTION('',(0.,-2.22044604925E-16,-1.));
#2705 = ADVANCED_FACE('',(#2706),#2717,.F.);
#2706 = FACE_BOUND('',#2707,.F.);
#2707 = EDGE_LOOP('',(#2708,#2709,#2710,#2711));
#2708 = ORIENTED_EDGE('',*,*,#1397,.F.);
#2709 = ORIENTED_EDGE('',*,*,#2695,.T.);
#2710 = ORIENTED_EDGE('',*,*,#2146,.F.);
#2711 = ORIENTED_EDGE('',*,*,#2712,.F.);
#2712 = EDGE_CURVE('',#1390,#2147,#2713,.T.);
#2713 = LINE('',#2714,#2715);
#2714 = CARTESIAN_POINT('',(0.32,7.616129948929E-16,3.43));
#2715 = VECTOR('',#2716,1.);
#2716 = DIRECTION('',(0.,1.,-2.22044604925E-16));
#2717 = PLANE('',#2718);
#2718 = AXIS2_PLACEMENT_3D('',#2719,#2720,#2721);
#2719 = CARTESIAN_POINT('',(-0.32,7.616129948929E-16,3.43));
#2720 = DIRECTION('',(0.,-2.22044604925E-16,-1.));
#2721 = DIRECTION('',(1.,0.,0.));
#2722 = ADVANCED_FACE('',(#2723),#2734,.F.);
#2723 = FACE_BOUND('',#2724,.F.);
#2724 = EDGE_LOOP('',(#2725,#2726,#2727,#2728));
#2725 = ORIENTED_EDGE('',*,*,#1389,.F.);
#2726 = ORIENTED_EDGE('',*,*,#2712,.T.);
#2727 = ORIENTED_EDGE('',*,*,#2154,.F.);
#2728 = ORIENTED_EDGE('',*,*,#2729,.F.);
#2729 = EDGE_CURVE('',#1382,#2155,#2730,.T.);
#2730 = LINE('',#2731,#2732);
#2731 = CARTESIAN_POINT('',(0.32,9.037215420449E-16,4.07));
#2732 = VECTOR('',#2733,1.);
#2733 = DIRECTION('',(0.,1.,-2.22044604925E-16));
#2734 = PLANE('',#2735);
#2735 = AXIS2_PLACEMENT_3D('',#2736,#2737,#2738);
#2736 = CARTESIAN_POINT('',(0.32,7.616129948929E-16,3.43));
#2737 = DIRECTION('',(1.,0.,0.));
#2738 = DIRECTION('',(0.,2.22044604925E-16,1.));
#2739 = ADVANCED_FACE('',(#2740),#2746,.F.);
#2740 = FACE_BOUND('',#2741,.F.);
#2741 = EDGE_LOOP('',(#2742,#2743,#2744,#2745));
#2742 = ORIENTED_EDGE('',*,*,#1381,.F.);
#2743 = ORIENTED_EDGE('',*,*,#2729,.T.);
#2744 = ORIENTED_EDGE('',*,*,#2162,.F.);
#2745 = ORIENTED_EDGE('',*,*,#2688,.F.);
#2746 = PLANE('',#2747);
#2747 = AXIS2_PLACEMENT_3D('',#2748,#2749,#2750);
#2748 = CARTESIAN_POINT('',(0.32,9.037215420449E-16,4.07));
#2749 = DIRECTION('',(0.,2.22044604925E-16,1.));
#2750 = DIRECTION('',(-1.,0.,0.));
#2751 = ADVANCED_FACE('',(#2752),#2758,.T.);
#2752 = FACE_BOUND('',#2753,.T.);
#2753 = EDGE_LOOP('',(#2754,#2755,#2756,#2757));
#2754 = ORIENTED_EDGE('',*,*,#2000,.T.);
#2755 = ORIENTED_EDGE('',*,*,#1983,.T.);
#2756 = ORIENTED_EDGE('',*,*,#1927,.T.);
#2757 = ORIENTED_EDGE('',*,*,#1446,.T.);
#2758 = PLANE('',#2759);
#2759 = AXIS2_PLACEMENT_3D('',#2760,#2761,#2762);
#2760 = CARTESIAN_POINT('',(-1.45,-0.415139386307,1.976161927751));
#2761 = DIRECTION('',(1.,0.,0.));
#2762 = DIRECTION('',(0.,0.,1.));
#2763 = ADVANCED_FACE('',(#2764),#2770,.F.);
#2764 = FACE_BOUND('',#2765,.T.);
#2765 = EDGE_LOOP('',(#2766,#2767,#2768,#2769));
#2766 = ORIENTED_EDGE('',*,*,#2327,.F.);
#2767 = ORIENTED_EDGE('',*,*,#1744,.T.);
#2768 = ORIENTED_EDGE('',*,*,#2457,.T.);
#2769 = ORIENTED_EDGE('',*,*,#2275,.F.);
#2770 = PLANE('',#2771);
#2771 = AXIS2_PLACEMENT_3D('',#2772,#2773,#2774);
#2772 = CARTESIAN_POINT('',(9.25,9.05,5.4));
#2773 = DIRECTION('',(0.707106781187,-0.707106781187,0.));
#2774 = DIRECTION('',(0.,0.,1.));
#2775 = ADVANCED_FACE('',(#2776),#2787,.F.);
#2776 = FACE_BOUND('',#2777,.F.);
#2777 = EDGE_LOOP('',(#2778,#2779,#2780,#2786));
#2778 = ORIENTED_EDGE('',*,*,#2405,.F.);
#2779 = ORIENTED_EDGE('',*,*,#2286,.T.);
#2780 = ORIENTED_EDGE('',*,*,#2781,.F.);
#2781 = EDGE_CURVE('',#1875,#2244,#2782,.T.);
#2782 = LINE('',#2783,#2784);
#2783 = CARTESIAN_POINT('',(6.873031333333,6.673031333333,3.226968666667
    ));
#2784 = VECTOR('',#2785,1.);
#2785 = DIRECTION('',(-0.57735026919,-0.57735026919,0.57735026919));
#2786 = ORIENTED_EDGE('',*,*,#1882,.F.);
#2787 = PLANE('',#2788);
#2788 = AXIS2_PLACEMENT_3D('',#2789,#2790,#2791);
#2789 = CARTESIAN_POINT('',(9.25,9.05,4.261812));
#2790 = DIRECTION('',(0.707106781187,-0.707106781187,0.));
#2791 = DIRECTION('',(0.,0.,-1.));
#2792 = ADVANCED_FACE('',(#2793),#2799,.T.);
#2793 = FACE_BOUND('',#2794,.F.);
#2794 = EDGE_LOOP('',(#2795,#2796,#2797,#2798));
#2795 = ORIENTED_EDGE('',*,*,#2202,.F.);
#2796 = ORIENTED_EDGE('',*,*,#1874,.T.);
#2797 = ORIENTED_EDGE('',*,*,#2781,.T.);
#2798 = ORIENTED_EDGE('',*,*,#2251,.F.);
#2799 = PLANE('',#2800);
#2800 = AXIS2_PLACEMENT_3D('',#2801,#2802,#2803);
#2801 = CARTESIAN_POINT('',(-1.6,9.05,0.85));
#2802 = DIRECTION('',(0.,0.707106781187,0.707106781187));
#2803 = DIRECTION('',(-1.,-0.,-0.));
#2804 = ADVANCED_FACE('',(#2805),#2823,.F.);
#2805 = FACE_BOUND('',#2806,.F.);
#2806 = EDGE_LOOP('',(#2807,#2815,#2821,#2822));
#2807 = ORIENTED_EDGE('',*,*,#2808,.T.);
#2808 = EDGE_CURVE('',#1835,#2809,#2811,.T.);
#2809 = VERTEX_POINT('',#2810);
#2810 = CARTESIAN_POINT('',(9.1,3.8,0.35));
#2811 = LINE('',#2812,#2813);
#2812 = CARTESIAN_POINT('',(9.1,9.2,0.35));
#2813 = VECTOR('',#2814,1.);
#2814 = DIRECTION('',(0.,-1.,0.));
#2815 = ORIENTED_EDGE('',*,*,#2816,.T.);
#2816 = EDGE_CURVE('',#2809,#1952,#2817,.T.);
#2817 = LINE('',#2818,#2819);
#2818 = CARTESIAN_POINT('',(9.1,3.8,0.35));
#2819 = VECTOR('',#2820,1.);
#2820 = DIRECTION('',(0.,0.,-1.));
#2821 = ORIENTED_EDGE('',*,*,#1959,.T.);
#2822 = ORIENTED_EDGE('',*,*,#1834,.T.);
#2823 = PLANE('',#2824);
#2824 = AXIS2_PLACEMENT_3D('',#2825,#2826,#2827);
#2825 = CARTESIAN_POINT('',(9.1,6.585444975084,2.014373141851));
#2826 = DIRECTION('',(1.,0.,0.));
#2827 = DIRECTION('',(0.,0.,1.));
#2828 = ADVANCED_FACE('',(#2829),#2847,.T.);
#2829 = FACE_BOUND('',#2830,.T.);
#2830 = EDGE_LOOP('',(#2831,#2832,#2833,#2841));
#2831 = ORIENTED_EDGE('',*,*,#1842,.T.);
#2832 = ORIENTED_EDGE('',*,*,#2808,.T.);
#2833 = ORIENTED_EDGE('',*,*,#2834,.F.);
#2834 = EDGE_CURVE('',#2835,#2809,#2837,.T.);
#2835 = VERTEX_POINT('',#2836);
#2836 = CARTESIAN_POINT('',(-1.6,3.8,0.35));
#2837 = LINE('',#2838,#2839);
#2838 = CARTESIAN_POINT('',(-1.6,3.8,0.35));
#2839 = VECTOR('',#2840,1.);
#2840 = DIRECTION('',(1.,0.,0.));
#2841 = ORIENTED_EDGE('',*,*,#2842,.F.);
#2842 = EDGE_CURVE('',#1843,#2835,#2843,.T.);
#2843 = LINE('',#2844,#2845);
#2844 = CARTESIAN_POINT('',(-1.6,9.2,0.35));
#2845 = VECTOR('',#2846,1.);
#2846 = DIRECTION('',(0.,-1.,0.));
#2847 = PLANE('',#2848);
#2848 = AXIS2_PLACEMENT_3D('',#2849,#2850,#2851);
#2849 = CARTESIAN_POINT('',(-1.6,9.2,0.35));
#2850 = DIRECTION('',(0.,0.,-1.));
#2851 = DIRECTION('',(0.,-1.,0.));
#2852 = ADVANCED_FACE('',(#2853),#2864,.T.);
#2853 = FACE_BOUND('',#2854,.T.);
#2854 = EDGE_LOOP('',(#2855,#2856,#2862,#2863));
#2855 = ORIENTED_EDGE('',*,*,#2842,.T.);
#2856 = ORIENTED_EDGE('',*,*,#2857,.T.);
#2857 = EDGE_CURVE('',#2835,#1944,#2858,.T.);
#2858 = LINE('',#2859,#2860);
#2859 = CARTESIAN_POINT('',(-1.6,3.8,0.35));
#2860 = VECTOR('',#2861,1.);
#2861 = DIRECTION('',(0.,0.,-1.));
#2862 = ORIENTED_EDGE('',*,*,#1943,.T.);
#2863 = ORIENTED_EDGE('',*,*,#1850,.T.);
#2864 = PLANE('',#2865);
#2865 = AXIS2_PLACEMENT_3D('',#2866,#2867,#2868);
#2866 = CARTESIAN_POINT('',(-1.6,6.585444975084,2.014373141851));
#2867 = DIRECTION('',(1.,0.,0.));
#2868 = DIRECTION('',(0.,0.,1.));
#2869 = ADVANCED_FACE('',(#2870),#2876,.T.);
#2870 = FACE_BOUND('',#2871,.T.);
#2871 = EDGE_LOOP('',(#2872,#2873,#2874,#2875));
#2872 = ORIENTED_EDGE('',*,*,#2834,.T.);
#2873 = ORIENTED_EDGE('',*,*,#2816,.T.);
#2874 = ORIENTED_EDGE('',*,*,#1951,.F.);
#2875 = ORIENTED_EDGE('',*,*,#2857,.F.);
#2876 = PLANE('',#2877);
#2877 = AXIS2_PLACEMENT_3D('',#2878,#2879,#2880);
#2878 = CARTESIAN_POINT('',(-1.6,3.8,0.35));
#2879 = DIRECTION('',(0.,1.,0.));
#2880 = DIRECTION('',(0.,0.,-1.));
#2881 = ( GEOMETRIC_REPRESENTATION_CONTEXT(3) 
GLOBAL_UNCERTAINTY_ASSIGNED_CONTEXT((#2885)) 
GLOBAL_UNIT_ASSIGNED_CONTEXT((#2882,#2883,#2884)) REPRESENTATION_CONTEXT
('Context #1','3D Context with UNIT and UNCERTAINTY') );
#2882 = ( LENGTH_UNIT() NAMED_UNIT(*) SI_UNIT(.MILLI.,.METRE.) );
#2883 = ( NAMED_UNIT(*) PLANE_ANGLE_UNIT() SI_UNIT($,.RADIAN.) );
#2884 = ( NAMED_UNIT(*) SI_UNIT($,.STERADIAN.) SOLID_ANGLE_UNIT() );
#2885 = UNCERTAINTY_MEASURE_WITH_UNIT(LENGTH_MEASURE(5.E-06),#2882,
  'distance_accuracy_value','confusion accuracy');
#2886 = CONTEXT_DEPENDENT_SHAPE_REPRESENTATION(#2887,#2889);
#2887 = ( REPRESENTATION_RELATIONSHIP('','',#36,#10) 
REPRESENTATION_RELATIONSHIP_WITH_TRANSFORMATION(#2888) 
SHAPE_REPRESENTATION_RELATIONSHIP() );
#2888 = ITEM_DEFINED_TRANSFORMATION('','',#11,#15);
#2889 = PRODUCT_DEFINITION_SHAPE('Placement','Placement of an item',
  #2890);
#2890 = NEXT_ASSEMBLY_USAGE_OCCURRENCE('6','Corps','',#5,#31,$);
#2891 = PRODUCT_RELATED_PRODUCT_CATEGORY('part',$,(#33));
#2892 = SHAPE_DEFINITION_REPRESENTATION(#2893,#2899);
#2893 = PRODUCT_DEFINITION_SHAPE('','',#2894);
#2894 = PRODUCT_DEFINITION('design','',#2895,#2898);
#2895 = PRODUCT_DEFINITION_FORMATION('','',#2896);
#2896 = PRODUCT('Pins_array','Pins_array','',(#2897));
#2897 = PRODUCT_CONTEXT('',#2,'mechanical');
#2898 = PRODUCT_DEFINITION_CONTEXT('part definition',#2,'design');
#2899 = SHAPE_REPRESENTATION('',(#11,#2900,#2904,#2908,#2912),#2916);
#2900 = AXIS2_PLACEMENT_3D('',#2901,#2902,#2903);
#2901 = CARTESIAN_POINT('',(0.,0.,0.));
#2902 = DIRECTION('',(0.,0.,1.));
#2903 = DIRECTION('',(1.,0.,0.));
#2904 = AXIS2_PLACEMENT_3D('',#2905,#2906,#2907);
#2905 = CARTESIAN_POINT('',(2.5,0.,0.));
#2906 = DIRECTION('',(0.,0.,1.));
#2907 = DIRECTION('',(1.,0.,0.));
#2908 = AXIS2_PLACEMENT_3D('',#2909,#2910,#2911);
#2909 = CARTESIAN_POINT('',(5.,0.,0.));
#2910 = DIRECTION('',(0.,0.,1.));
#2911 = DIRECTION('',(1.,0.,0.));
#2912 = AXIS2_PLACEMENT_3D('',#2913,#2914,#2915);
#2913 = CARTESIAN_POINT('',(7.5,0.,0.));
#2914 = DIRECTION('',(0.,0.,1.));
#2915 = DIRECTION('',(1.,0.,0.));
#2916 = ( GEOMETRIC_REPRESENTATION_CONTEXT(3) 
GLOBAL_UNCERTAINTY_ASSIGNED_CONTEXT((#2920)) 
GLOBAL_UNIT_ASSIGNED_CONTEXT((#2917,#2918,#2919)) REPRESENTATION_CONTEXT
('Context #1','3D Context with UNIT and UNCERTAINTY') );
#2917 = ( LENGTH_UNIT() NAMED_UNIT(*) SI_UNIT(.MILLI.,.METRE.) );
#2918 = ( NAMED_UNIT(*) PLANE_ANGLE_UNIT() SI_UNIT($,.RADIAN.) );
#2919 = ( NAMED_UNIT(*) SI_UNIT($,.STERADIAN.) SOLID_ANGLE_UNIT() );
#2920 = UNCERTAINTY_MEASURE_WITH_UNIT(LENGTH_MEASURE(1.E-07),#2917,
  'distance_accuracy_value','confusion accuracy');
#2921 = CONTEXT_DEPENDENT_SHAPE_REPRESENTATION(#2922,#2924);
#2922 = ( REPRESENTATION_RELATIONSHIP('','',#2899,#10) 
REPRESENTATION_RELATIONSHIP_WITH_TRANSFORMATION(#2923) 
SHAPE_REPRESENTATION_RELATIONSHIP() );
#2923 = ITEM_DEFINED_TRANSFORMATION('','',#11,#19);
#2924 = PRODUCT_DEFINITION_SHAPE('Placement','Placement of an item',
  #2925);
#2925 = NEXT_ASSEMBLY_USAGE_OCCURRENCE('11','Pins_array','',#5,#2894,$);
#2926 = PRODUCT_RELATED_PRODUCT_CATEGORY('part',$,(#2896));
#2927 = SHAPE_DEFINITION_REPRESENTATION(#2928,#2934);
#2928 = PRODUCT_DEFINITION_SHAPE('','',#2929);
#2929 = PRODUCT_DEFINITION('design','',#2930,#2933);
#2930 = PRODUCT_DEFINITION_FORMATION('','',#2931);
#2931 = PRODUCT('Pin_001','Pin_001','',(#2932));
#2932 = PRODUCT_CONTEXT('',#2,'mechanical');
#2933 = PRODUCT_DEFINITION_CONTEXT('part definition',#2,'design');
#2934 = ADVANCED_BREP_SHAPE_REPRESENTATION('',(#11,#2935),#3413);
#2935 = MANIFOLD_SOLID_BREP('',#2936);
#2936 = CLOSED_SHELL('',(#2937,#2977,#3042,#3073,#3098,#3155,#3179,#3201
    ,#3218,#3235,#3266,#3283,#3307,#3324,#3355,#3367,#3384,#3401));
#2937 = ADVANCED_FACE('',(#2938),#2972,.F.);
#2938 = FACE_BOUND('',#2939,.F.);
#2939 = EDGE_LOOP('',(#2940,#2950,#2958,#2966));
#2940 = ORIENTED_EDGE('',*,*,#2941,.F.);
#2941 = EDGE_CURVE('',#2942,#2944,#2946,.T.);
#2942 = VERTEX_POINT('',#2943);
#2943 = CARTESIAN_POINT('',(-0.32,-0.32,2.532146753809));
#2944 = VERTEX_POINT('',#2945);
#2945 = CARTESIAN_POINT('',(-0.32,-0.32,-3.2));
#2946 = LINE('',#2947,#2948);
#2947 = CARTESIAN_POINT('',(-0.32,-0.32,2.532146753809));
#2948 = VECTOR('',#2949,1.);
#2949 = DIRECTION('',(0.,0.,-1.));
#2950 = ORIENTED_EDGE('',*,*,#2951,.T.);
#2951 = EDGE_CURVE('',#2942,#2952,#2954,.T.);
#2952 = VERTEX_POINT('',#2953);
#2953 = CARTESIAN_POINT('',(0.32,-0.32,2.532146753809));
#2954 = LINE('',#2955,#2956);
#2955 = CARTESIAN_POINT('',(-0.32,-0.32,2.532146753809));
#2956 = VECTOR('',#2957,1.);
#2957 = DIRECTION('',(1.,0.,0.));
#2958 = ORIENTED_EDGE('',*,*,#2959,.T.);
#2959 = EDGE_CURVE('',#2952,#2960,#2962,.T.);
#2960 = VERTEX_POINT('',#2961);
#2961 = CARTESIAN_POINT('',(0.32,-0.32,-3.2));
#2962 = LINE('',#2963,#2964);
#2963 = CARTESIAN_POINT('',(0.32,-0.32,2.532146753809));
#2964 = VECTOR('',#2965,1.);
#2965 = DIRECTION('',(0.,0.,-1.));
#2966 = ORIENTED_EDGE('',*,*,#2967,.F.);
#2967 = EDGE_CURVE('',#2944,#2960,#2968,.T.);
#2968 = LINE('',#2969,#2970);
#2969 = CARTESIAN_POINT('',(-0.32,-0.32,-3.2));
#2970 = VECTOR('',#2971,1.);
#2971 = DIRECTION('',(1.,0.,0.));
#2972 = PLANE('',#2973);
#2973 = AXIS2_PLACEMENT_3D('',#2974,#2975,#2976);
#2974 = CARTESIAN_POINT('',(-0.32,-0.32,2.532146753809));
#2975 = DIRECTION('',(0.,1.,0.));
#2976 = DIRECTION('',(0.,0.,-1.));
#2977 = ADVANCED_FACE('',(#2978),#3037,.F.);
#2978 = FACE_BOUND('',#2979,.F.);
#2979 = EDGE_LOOP('',(#2980,#2981,#2989,#2997,#3006,#3014,#3022,#3030));
#2980 = ORIENTED_EDGE('',*,*,#2941,.T.);
#2981 = ORIENTED_EDGE('',*,*,#2982,.T.);
#2982 = EDGE_CURVE('',#2944,#2983,#2985,.T.);
#2983 = VERTEX_POINT('',#2984);
#2984 = CARTESIAN_POINT('',(-0.32,0.32,-3.2));
#2985 = LINE('',#2986,#2987);
#2986 = CARTESIAN_POINT('',(-0.32,-0.32,-3.2));
#2987 = VECTOR('',#2988,1.);
#2988 = DIRECTION('',(0.,1.,6.9E-16));
#2989 = ORIENTED_EDGE('',*,*,#2990,.T.);
#2990 = EDGE_CURVE('',#2983,#2991,#2993,.T.);
#2991 = VERTEX_POINT('',#2992);
#2992 = CARTESIAN_POINT('',(-0.32,0.32,2.532146753809));
#2993 = LINE('',#2994,#2995);
#2994 = CARTESIAN_POINT('',(-0.32,0.32,-3.4));
#2995 = VECTOR('',#2996,1.);
#2996 = DIRECTION('',(0.,0.,1.));
#2997 = ORIENTED_EDGE('',*,*,#2998,.F.);
#2998 = EDGE_CURVE('',#2999,#2991,#3001,.T.);
#2999 = VERTEX_POINT('',#3000);
#3000 = CARTESIAN_POINT('',(-0.32,1.217853246191,3.43));
#3001 = CIRCLE('',#3002,0.897853246191);
#3002 = AXIS2_PLACEMENT_3D('',#3003,#3004,#3005);
#3003 = CARTESIAN_POINT('',(-0.32,1.217853246191,2.532146753809));
#3004 = DIRECTION('',(1.,0.,0.));
#3005 = DIRECTION('',(0.,1.,0.));
#3006 = ORIENTED_EDGE('',*,*,#3007,.F.);
#3007 = EDGE_CURVE('',#3008,#2999,#3010,.T.);
#3008 = VERTEX_POINT('',#3009);
#3009 = CARTESIAN_POINT('',(-0.32,8.8,3.43));
#3010 = LINE('',#3011,#3012);
#3011 = CARTESIAN_POINT('',(-0.32,9.,3.43));
#3012 = VECTOR('',#3013,1.);
#3013 = DIRECTION('',(0.,-1.,0.));
#3014 = ORIENTED_EDGE('',*,*,#3015,.F.);
#3015 = EDGE_CURVE('',#3016,#3008,#3018,.T.);
#3016 = VERTEX_POINT('',#3017);
#3017 = CARTESIAN_POINT('',(-0.32,8.8,4.07));
#3018 = LINE('',#3019,#3020);
#3019 = CARTESIAN_POINT('',(-0.32,8.8,4.07));
#3020 = VECTOR('',#3021,1.);
#3021 = DIRECTION('',(0.,0.,-1.));
#3022 = ORIENTED_EDGE('',*,*,#3023,.F.);
#3023 = EDGE_CURVE('',#3024,#3016,#3026,.T.);
#3024 = VERTEX_POINT('',#3025);
#3025 = CARTESIAN_POINT('',(-0.32,1.217853246191,4.07));
#3026 = LINE('',#3027,#3028);
#3027 = CARTESIAN_POINT('',(-0.32,1.217853246191,4.07));
#3028 = VECTOR('',#3029,1.);
#3029 = DIRECTION('',(0.,1.,0.));
#3030 = ORIENTED_EDGE('',*,*,#3031,.T.);
#3031 = EDGE_CURVE('',#3024,#2942,#3032,.T.);
#3032 = CIRCLE('',#3033,1.537853246191);
#3033 = AXIS2_PLACEMENT_3D('',#3034,#3035,#3036);
#3034 = CARTESIAN_POINT('',(-0.32,1.217853246191,2.532146753809));
#3035 = DIRECTION('',(1.,0.,0.));
#3036 = DIRECTION('',(0.,1.,0.));
#3037 = PLANE('',#3038);
#3038 = AXIS2_PLACEMENT_3D('',#3039,#3040,#3041);
#3039 = CARTESIAN_POINT('',(-0.32,2.672128709268,2.033873597545));
#3040 = DIRECTION('',(1.,0.,0.));
#3041 = DIRECTION('',(0.,0.,1.));
#3042 = ADVANCED_FACE('',(#3043),#3068,.T.);
#3043 = FACE_BOUND('',#3044,.F.);
#3044 = EDGE_LOOP('',(#3045,#3053,#3054,#3062));
#3045 = ORIENTED_EDGE('',*,*,#3046,.F.);
#3046 = EDGE_CURVE('',#2944,#3047,#3049,.T.);
#3047 = VERTEX_POINT('',#3048);
#3048 = CARTESIAN_POINT('',(-0.12,-0.12,-3.4));
#3049 = LINE('',#3050,#3051);
#3050 = CARTESIAN_POINT('',(-0.253333333333,-0.253333333333,
    -3.266666666667));
#3051 = VECTOR('',#3052,1.);
#3052 = DIRECTION('',(0.57735026919,0.57735026919,-0.57735026919));
#3053 = ORIENTED_EDGE('',*,*,#2967,.T.);
#3054 = ORIENTED_EDGE('',*,*,#3055,.T.);
#3055 = EDGE_CURVE('',#2960,#3056,#3058,.T.);
#3056 = VERTEX_POINT('',#3057);
#3057 = CARTESIAN_POINT('',(0.12,-0.12,-3.4));
#3058 = LINE('',#3059,#3060);
#3059 = CARTESIAN_POINT('',(0.146666666667,-0.146666666667,
    -3.373333333333));
#3060 = VECTOR('',#3061,1.);
#3061 = DIRECTION('',(-0.57735026919,0.57735026919,-0.57735026919));
#3062 = ORIENTED_EDGE('',*,*,#3063,.F.);
#3063 = EDGE_CURVE('',#3047,#3056,#3064,.T.);
#3064 = LINE('',#3065,#3066);
#3065 = CARTESIAN_POINT('',(-0.32,-0.12,-3.4));
#3066 = VECTOR('',#3067,1.);
#3067 = DIRECTION('',(1.,0.,0.));
#3068 = PLANE('',#3069);
#3069 = AXIS2_PLACEMENT_3D('',#3070,#3071,#3072);
#3070 = CARTESIAN_POINT('',(-0.32,-0.22,-3.3));
#3071 = DIRECTION('',(0.,-0.707106781187,-0.707106781187));
#3072 = DIRECTION('',(-1.,-0.,-0.));
#3073 = ADVANCED_FACE('',(#3074),#3093,.T.);
#3074 = FACE_BOUND('',#3075,.F.);
#3075 = EDGE_LOOP('',(#3076,#3084,#3091,#3092));
#3076 = ORIENTED_EDGE('',*,*,#3077,.T.);
#3077 = EDGE_CURVE('',#3024,#3078,#3080,.T.);
#3078 = VERTEX_POINT('',#3079);
#3079 = CARTESIAN_POINT('',(0.32,1.217853246191,4.07));
#3080 = LINE('',#3081,#3082);
#3081 = CARTESIAN_POINT('',(-0.32,1.217853246191,4.07));
#3082 = VECTOR('',#3083,1.);
#3083 = DIRECTION('',(1.,0.,0.));
#3084 = ORIENTED_EDGE('',*,*,#3085,.T.);
#3085 = EDGE_CURVE('',#3078,#2952,#3086,.T.);
#3086 = CIRCLE('',#3087,1.537853246191);
#3087 = AXIS2_PLACEMENT_3D('',#3088,#3089,#3090);
#3088 = CARTESIAN_POINT('',(0.32,1.217853246191,2.532146753809));
#3089 = DIRECTION('',(1.,0.,0.));
#3090 = DIRECTION('',(0.,1.,0.));
#3091 = ORIENTED_EDGE('',*,*,#2951,.F.);
#3092 = ORIENTED_EDGE('',*,*,#3031,.F.);
#3093 = CYLINDRICAL_SURFACE('',#3094,1.537853246191);
#3094 = AXIS2_PLACEMENT_3D('',#3095,#3096,#3097);
#3095 = CARTESIAN_POINT('',(-0.32,1.217853246191,2.532146753809));
#3096 = DIRECTION('',(-1.,-0.,-0.));
#3097 = DIRECTION('',(0.,1.,0.));
#3098 = ADVANCED_FACE('',(#3099),#3150,.T.);
#3099 = FACE_BOUND('',#3100,.T.);
#3100 = EDGE_LOOP('',(#3101,#3102,#3110,#3118,#3127,#3135,#3143,#3149));
#3101 = ORIENTED_EDGE('',*,*,#2959,.T.);
#3102 = ORIENTED_EDGE('',*,*,#3103,.T.);
#3103 = EDGE_CURVE('',#2960,#3104,#3106,.T.);
#3104 = VERTEX_POINT('',#3105);
#3105 = CARTESIAN_POINT('',(0.32,0.32,-3.2));
#3106 = LINE('',#3107,#3108);
#3107 = CARTESIAN_POINT('',(0.32,-0.32,-3.2));
#3108 = VECTOR('',#3109,1.);
#3109 = DIRECTION('',(0.,1.,6.9E-16));
#3110 = ORIENTED_EDGE('',*,*,#3111,.T.);
#3111 = EDGE_CURVE('',#3104,#3112,#3114,.T.);
#3112 = VERTEX_POINT('',#3113);
#3113 = CARTESIAN_POINT('',(0.32,0.32,2.532146753809));
#3114 = LINE('',#3115,#3116);
#3115 = CARTESIAN_POINT('',(0.32,0.32,-3.4));
#3116 = VECTOR('',#3117,1.);
#3117 = DIRECTION('',(0.,0.,1.));
#3118 = ORIENTED_EDGE('',*,*,#3119,.F.);
#3119 = EDGE_CURVE('',#3120,#3112,#3122,.T.);
#3120 = VERTEX_POINT('',#3121);
#3121 = CARTESIAN_POINT('',(0.32,1.217853246191,3.43));
#3122 = CIRCLE('',#3123,0.897853246191);
#3123 = AXIS2_PLACEMENT_3D('',#3124,#3125,#3126);
#3124 = CARTESIAN_POINT('',(0.32,1.217853246191,2.532146753809));
#3125 = DIRECTION('',(1.,0.,0.));
#3126 = DIRECTION('',(0.,1.,0.));
#3127 = ORIENTED_EDGE('',*,*,#3128,.F.);
#3128 = EDGE_CURVE('',#3129,#3120,#3131,.T.);
#3129 = VERTEX_POINT('',#3130);
#3130 = CARTESIAN_POINT('',(0.32,8.8,3.43));
#3131 = LINE('',#3132,#3133);
#3132 = CARTESIAN_POINT('',(0.32,9.,3.43));
#3133 = VECTOR('',#3134,1.);
#3134 = DIRECTION('',(0.,-1.,0.));
#3135 = ORIENTED_EDGE('',*,*,#3136,.F.);
#3136 = EDGE_CURVE('',#3137,#3129,#3139,.T.);
#3137 = VERTEX_POINT('',#3138);
#3138 = CARTESIAN_POINT('',(0.32,8.8,4.07));
#3139 = LINE('',#3140,#3141);
#3140 = CARTESIAN_POINT('',(0.32,8.8,4.07));
#3141 = VECTOR('',#3142,1.);
#3142 = DIRECTION('',(0.,0.,-1.));
#3143 = ORIENTED_EDGE('',*,*,#3144,.F.);
#3144 = EDGE_CURVE('',#3078,#3137,#3145,.T.);
#3145 = LINE('',#3146,#3147);
#3146 = CARTESIAN_POINT('',(0.32,1.217853246191,4.07));
#3147 = VECTOR('',#3148,1.);
#3148 = DIRECTION('',(0.,1.,0.));
#3149 = ORIENTED_EDGE('',*,*,#3085,.T.);
#3150 = PLANE('',#3151);
#3151 = AXIS2_PLACEMENT_3D('',#3152,#3153,#3154);
#3152 = CARTESIAN_POINT('',(0.32,2.672128709268,2.033873597545));
#3153 = DIRECTION('',(1.,0.,0.));
#3154 = DIRECTION('',(0.,0.,1.));
#3155 = ADVANCED_FACE('',(#3156),#3174,.T.);
#3156 = FACE_BOUND('',#3157,.F.);
#3157 = EDGE_LOOP('',(#3158,#3159,#3167,#3173));
#3158 = ORIENTED_EDGE('',*,*,#3046,.T.);
#3159 = ORIENTED_EDGE('',*,*,#3160,.T.);
#3160 = EDGE_CURVE('',#3047,#3161,#3163,.T.);
#3161 = VERTEX_POINT('',#3162);
#3162 = CARTESIAN_POINT('',(-0.12,0.12,-3.4));
#3163 = LINE('',#3164,#3165);
#3164 = CARTESIAN_POINT('',(-0.12,-0.32,-3.4));
#3165 = VECTOR('',#3166,1.);
#3166 = DIRECTION('',(0.,1.,6.9E-16));
#3167 = ORIENTED_EDGE('',*,*,#3168,.T.);
#3168 = EDGE_CURVE('',#3161,#2983,#3169,.T.);
#3169 = LINE('',#3170,#3171);
#3170 = CARTESIAN_POINT('',(-0.146666666667,0.146666666667,
    -3.373333333333));
#3171 = VECTOR('',#3172,1.);
#3172 = DIRECTION('',(-0.57735026919,0.57735026919,0.57735026919));
#3173 = ORIENTED_EDGE('',*,*,#2982,.F.);
#3174 = PLANE('',#3175);
#3175 = AXIS2_PLACEMENT_3D('',#3176,#3177,#3178);
#3176 = CARTESIAN_POINT('',(-0.22,-0.32,-3.3));
#3177 = DIRECTION('',(-0.707106781187,4.7E-16,-0.707106781187));
#3178 = DIRECTION('',(1.765981284232E-17,-1.,-6.823401871577E-16));
#3179 = ADVANCED_FACE('',(#3180),#3196,.F.);
#3180 = FACE_BOUND('',#3181,.F.);
#3181 = EDGE_LOOP('',(#3182,#3183,#3189,#3190));
#3182 = ORIENTED_EDGE('',*,*,#2990,.F.);
#3183 = ORIENTED_EDGE('',*,*,#3184,.T.);
#3184 = EDGE_CURVE('',#2983,#3104,#3185,.T.);
#3185 = LINE('',#3186,#3187);
#3186 = CARTESIAN_POINT('',(-0.32,0.32,-3.2));
#3187 = VECTOR('',#3188,1.);
#3188 = DIRECTION('',(1.,0.,0.));
#3189 = ORIENTED_EDGE('',*,*,#3111,.T.);
#3190 = ORIENTED_EDGE('',*,*,#3191,.F.);
#3191 = EDGE_CURVE('',#2991,#3112,#3192,.T.);
#3192 = LINE('',#3193,#3194);
#3193 = CARTESIAN_POINT('',(-0.32,0.32,2.532146753809));
#3194 = VECTOR('',#3195,1.);
#3195 = DIRECTION('',(1.,0.,0.));
#3196 = PLANE('',#3197);
#3197 = AXIS2_PLACEMENT_3D('',#3198,#3199,#3200);
#3198 = CARTESIAN_POINT('',(-0.32,0.32,-3.4));
#3199 = DIRECTION('',(0.,-1.,0.));
#3200 = DIRECTION('',(0.,0.,1.));
#3201 = ADVANCED_FACE('',(#3202),#3213,.T.);
#3202 = FACE_BOUND('',#3203,.T.);
#3203 = EDGE_LOOP('',(#3204,#3205,#3206,#3207));
#3204 = ORIENTED_EDGE('',*,*,#3023,.F.);
#3205 = ORIENTED_EDGE('',*,*,#3077,.T.);
#3206 = ORIENTED_EDGE('',*,*,#3144,.T.);
#3207 = ORIENTED_EDGE('',*,*,#3208,.F.);
#3208 = EDGE_CURVE('',#3016,#3137,#3209,.T.);
#3209 = LINE('',#3210,#3211);
#3210 = CARTESIAN_POINT('',(-0.32,8.8,4.07));
#3211 = VECTOR('',#3212,1.);
#3212 = DIRECTION('',(1.,0.,0.));
#3213 = PLANE('',#3214);
#3214 = AXIS2_PLACEMENT_3D('',#3215,#3216,#3217);
#3215 = CARTESIAN_POINT('',(-0.32,1.217853246191,4.07));
#3216 = DIRECTION('',(0.,0.,1.));
#3217 = DIRECTION('',(0.,1.,0.));
#3218 = ADVANCED_FACE('',(#3219),#3230,.F.);
#3219 = FACE_BOUND('',#3220,.T.);
#3220 = EDGE_LOOP('',(#3221,#3227,#3228,#3229));
#3221 = ORIENTED_EDGE('',*,*,#3222,.T.);
#3222 = EDGE_CURVE('',#2999,#3120,#3223,.T.);
#3223 = LINE('',#3224,#3225);
#3224 = CARTESIAN_POINT('',(-0.32,1.217853246191,3.43));
#3225 = VECTOR('',#3226,1.);
#3226 = DIRECTION('',(1.,0.,0.));
#3227 = ORIENTED_EDGE('',*,*,#3119,.T.);
#3228 = ORIENTED_EDGE('',*,*,#3191,.F.);
#3229 = ORIENTED_EDGE('',*,*,#2998,.F.);
#3230 = CYLINDRICAL_SURFACE('',#3231,0.897853246191);
#3231 = AXIS2_PLACEMENT_3D('',#3232,#3233,#3234);
#3232 = CARTESIAN_POINT('',(-0.32,1.217853246191,2.532146753809));
#3233 = DIRECTION('',(-1.,-0.,-0.));
#3234 = DIRECTION('',(0.,1.,0.));
#3235 = ADVANCED_FACE('',(#3236),#3261,.F.);
#3236 = FACE_BOUND('',#3237,.T.);
#3237 = EDGE_LOOP('',(#3238,#3246,#3254,#3260));
#3238 = ORIENTED_EDGE('',*,*,#3239,.F.);
#3239 = EDGE_CURVE('',#3240,#3016,#3242,.T.);
#3240 = VERTEX_POINT('',#3241);
#3241 = CARTESIAN_POINT('',(-0.12,9.,3.87));
#3242 = LINE('',#3243,#3244);
#3243 = CARTESIAN_POINT('',(-0.253333333333,8.866666666667,
    4.003333333333));
#3244 = VECTOR('',#3245,1.);
#3245 = DIRECTION('',(-0.57735026919,-0.57735026919,0.57735026919));
#3246 = ORIENTED_EDGE('',*,*,#3247,.T.);
#3247 = EDGE_CURVE('',#3240,#3248,#3250,.T.);
#3248 = VERTEX_POINT('',#3249);
#3249 = CARTESIAN_POINT('',(-0.12,9.,3.63));
#3250 = LINE('',#3251,#3252);
#3251 = CARTESIAN_POINT('',(-0.12,9.,4.07));
#3252 = VECTOR('',#3253,1.);
#3253 = DIRECTION('',(0.,0.,-1.));
#3254 = ORIENTED_EDGE('',*,*,#3255,.F.);
#3255 = EDGE_CURVE('',#3008,#3248,#3256,.T.);
#3256 = LINE('',#3257,#3258);
#3257 = CARTESIAN_POINT('',(-0.146666666667,8.973333333333,
    3.603333333333));
#3258 = VECTOR('',#3259,1.);
#3259 = DIRECTION('',(0.57735026919,0.57735026919,0.57735026919));
#3260 = ORIENTED_EDGE('',*,*,#3015,.F.);
#3261 = PLANE('',#3262);
#3262 = AXIS2_PLACEMENT_3D('',#3263,#3264,#3265);
#3263 = CARTESIAN_POINT('',(-0.22,8.9,4.07));
#3264 = DIRECTION('',(0.707106781187,-0.707106781187,0.));
#3265 = DIRECTION('',(-0.,0.,1.));
#3266 = ADVANCED_FACE('',(#3267),#3278,.T.);
#3267 = FACE_BOUND('',#3268,.T.);
#3268 = EDGE_LOOP('',(#3269,#3270,#3276,#3277));
#3269 = ORIENTED_EDGE('',*,*,#3007,.F.);
#3270 = ORIENTED_EDGE('',*,*,#3271,.T.);
#3271 = EDGE_CURVE('',#3008,#3129,#3272,.T.);
#3272 = LINE('',#3273,#3274);
#3273 = CARTESIAN_POINT('',(-0.32,8.8,3.43));
#3274 = VECTOR('',#3275,1.);
#3275 = DIRECTION('',(1.,0.,0.));
#3276 = ORIENTED_EDGE('',*,*,#3128,.T.);
#3277 = ORIENTED_EDGE('',*,*,#3222,.F.);
#3278 = PLANE('',#3279);
#3279 = AXIS2_PLACEMENT_3D('',#3280,#3281,#3282);
#3280 = CARTESIAN_POINT('',(-0.32,9.,3.43));
#3281 = DIRECTION('',(0.,0.,-1.));
#3282 = DIRECTION('',(0.,-1.,0.));
#3283 = ADVANCED_FACE('',(#3284),#3302,.F.);
#3284 = FACE_BOUND('',#3285,.F.);
#3285 = EDGE_LOOP('',(#3286,#3287,#3295,#3301));
#3286 = ORIENTED_EDGE('',*,*,#3063,.T.);
#3287 = ORIENTED_EDGE('',*,*,#3288,.T.);
#3288 = EDGE_CURVE('',#3056,#3289,#3291,.T.);
#3289 = VERTEX_POINT('',#3290);
#3290 = CARTESIAN_POINT('',(0.12,0.12,-3.4));
#3291 = LINE('',#3292,#3293);
#3292 = CARTESIAN_POINT('',(0.12,-0.32,-3.4));
#3293 = VECTOR('',#3294,1.);
#3294 = DIRECTION('',(0.,1.,6.9E-16));
#3295 = ORIENTED_EDGE('',*,*,#3296,.F.);
#3296 = EDGE_CURVE('',#3161,#3289,#3297,.T.);
#3297 = LINE('',#3298,#3299);
#3298 = CARTESIAN_POINT('',(-0.32,0.12,-3.4));
#3299 = VECTOR('',#3300,1.);
#3300 = DIRECTION('',(1.,0.,0.));
#3301 = ORIENTED_EDGE('',*,*,#3160,.F.);
#3302 = PLANE('',#3303);
#3303 = AXIS2_PLACEMENT_3D('',#3304,#3305,#3306);
#3304 = CARTESIAN_POINT('',(-0.32,-0.32,-3.4));
#3305 = DIRECTION('',(0.,-6.9E-16,1.));
#3306 = DIRECTION('',(0.,1.,6.9E-16));
#3307 = ADVANCED_FACE('',(#3308),#3319,.F.);
#3308 = FACE_BOUND('',#3309,.T.);
#3309 = EDGE_LOOP('',(#3310,#3311,#3312,#3318));
#3310 = ORIENTED_EDGE('',*,*,#3055,.T.);
#3311 = ORIENTED_EDGE('',*,*,#3288,.T.);
#3312 = ORIENTED_EDGE('',*,*,#3313,.T.);
#3313 = EDGE_CURVE('',#3289,#3104,#3314,.T.);
#3314 = LINE('',#3315,#3316);
#3315 = CARTESIAN_POINT('',(4.E-02,4.E-02,-3.48));
#3316 = VECTOR('',#3317,1.);
#3317 = DIRECTION('',(0.57735026919,0.57735026919,0.57735026919));
#3318 = ORIENTED_EDGE('',*,*,#3103,.F.);
#3319 = PLANE('',#3320);
#3320 = AXIS2_PLACEMENT_3D('',#3321,#3322,#3323);
#3321 = CARTESIAN_POINT('',(0.22,-0.32,-3.3));
#3322 = DIRECTION('',(-0.707106781187,-4.7E-16,0.707106781187));
#3323 = DIRECTION('',(-1.765981284232E-17,-1.,-6.823401871577E-16));
#3324 = ADVANCED_FACE('',(#3325),#3350,.T.);
#3325 = FACE_BOUND('',#3326,.F.);
#3326 = EDGE_LOOP('',(#3327,#3335,#3343,#3349));
#3327 = ORIENTED_EDGE('',*,*,#3328,.F.);
#3328 = EDGE_CURVE('',#3329,#3137,#3331,.T.);
#3329 = VERTEX_POINT('',#3330);
#3330 = CARTESIAN_POINT('',(0.12,9.,3.87));
#3331 = LINE('',#3332,#3333);
#3332 = CARTESIAN_POINT('',(0.146666666667,8.973333333333,3.896666666667
    ));
#3333 = VECTOR('',#3334,1.);
#3334 = DIRECTION('',(0.57735026919,-0.57735026919,0.57735026919));
#3335 = ORIENTED_EDGE('',*,*,#3336,.T.);
#3336 = EDGE_CURVE('',#3329,#3337,#3339,.T.);
#3337 = VERTEX_POINT('',#3338);
#3338 = CARTESIAN_POINT('',(0.12,9.,3.63));
#3339 = LINE('',#3340,#3341);
#3340 = CARTESIAN_POINT('',(0.12,9.,4.07));
#3341 = VECTOR('',#3342,1.);
#3342 = DIRECTION('',(0.,0.,-1.));
#3343 = ORIENTED_EDGE('',*,*,#3344,.F.);
#3344 = EDGE_CURVE('',#3129,#3337,#3345,.T.);
#3345 = LINE('',#3346,#3347);
#3346 = CARTESIAN_POINT('',(4.E-02,9.08,3.71));
#3347 = VECTOR('',#3348,1.);
#3348 = DIRECTION('',(-0.57735026919,0.57735026919,0.57735026919));
#3349 = ORIENTED_EDGE('',*,*,#3136,.F.);
#3350 = PLANE('',#3351);
#3351 = AXIS2_PLACEMENT_3D('',#3352,#3353,#3354);
#3352 = CARTESIAN_POINT('',(0.22,8.9,4.07));
#3353 = DIRECTION('',(0.707106781187,0.707106781187,-0.));
#3354 = DIRECTION('',(-0.,0.,1.));
#3355 = ADVANCED_FACE('',(#3356),#3362,.T.);
#3356 = FACE_BOUND('',#3357,.F.);
#3357 = EDGE_LOOP('',(#3358,#3359,#3360,#3361));
#3358 = ORIENTED_EDGE('',*,*,#3168,.F.);
#3359 = ORIENTED_EDGE('',*,*,#3296,.T.);
#3360 = ORIENTED_EDGE('',*,*,#3313,.T.);
#3361 = ORIENTED_EDGE('',*,*,#3184,.F.);
#3362 = PLANE('',#3363);
#3363 = AXIS2_PLACEMENT_3D('',#3364,#3365,#3366);
#3364 = CARTESIAN_POINT('',(-0.32,0.22,-3.3));
#3365 = DIRECTION('',(-0.,0.707106781187,-0.707106781187));
#3366 = DIRECTION('',(-1.,-0.,0.));
#3367 = ADVANCED_FACE('',(#3368),#3379,.T.);
#3368 = FACE_BOUND('',#3369,.F.);
#3369 = EDGE_LOOP('',(#3370,#3371,#3377,#3378));
#3370 = ORIENTED_EDGE('',*,*,#3239,.F.);
#3371 = ORIENTED_EDGE('',*,*,#3372,.T.);
#3372 = EDGE_CURVE('',#3240,#3329,#3373,.T.);
#3373 = LINE('',#3374,#3375);
#3374 = CARTESIAN_POINT('',(-0.32,9.,3.87));
#3375 = VECTOR('',#3376,1.);
#3376 = DIRECTION('',(1.,0.,0.));
#3377 = ORIENTED_EDGE('',*,*,#3328,.T.);
#3378 = ORIENTED_EDGE('',*,*,#3208,.F.);
#3379 = PLANE('',#3380);
#3380 = AXIS2_PLACEMENT_3D('',#3381,#3382,#3383);
#3381 = CARTESIAN_POINT('',(-0.32,8.9,3.97));
#3382 = DIRECTION('',(0.,0.707106781187,0.707106781187));
#3383 = DIRECTION('',(-1.,-0.,0.));
#3384 = ADVANCED_FACE('',(#3385),#3396,.T.);
#3385 = FACE_BOUND('',#3386,.T.);
#3386 = EDGE_LOOP('',(#3387,#3388,#3389,#3395));
#3387 = ORIENTED_EDGE('',*,*,#3372,.T.);
#3388 = ORIENTED_EDGE('',*,*,#3336,.T.);
#3389 = ORIENTED_EDGE('',*,*,#3390,.F.);
#3390 = EDGE_CURVE('',#3248,#3337,#3391,.T.);
#3391 = LINE('',#3392,#3393);
#3392 = CARTESIAN_POINT('',(-0.32,9.,3.63));
#3393 = VECTOR('',#3394,1.);
#3394 = DIRECTION('',(1.,0.,0.));
#3395 = ORIENTED_EDGE('',*,*,#3247,.F.);
#3396 = PLANE('',#3397);
#3397 = AXIS2_PLACEMENT_3D('',#3398,#3399,#3400);
#3398 = CARTESIAN_POINT('',(-0.32,9.,4.07));
#3399 = DIRECTION('',(0.,1.,0.));
#3400 = DIRECTION('',(0.,0.,-1.));
#3401 = ADVANCED_FACE('',(#3402),#3408,.T.);
#3402 = FACE_BOUND('',#3403,.F.);
#3403 = EDGE_LOOP('',(#3404,#3405,#3406,#3407));
#3404 = ORIENTED_EDGE('',*,*,#3255,.F.);
#3405 = ORIENTED_EDGE('',*,*,#3271,.T.);
#3406 = ORIENTED_EDGE('',*,*,#3344,.T.);
#3407 = ORIENTED_EDGE('',*,*,#3390,.F.);
#3408 = PLANE('',#3409);
#3409 = AXIS2_PLACEMENT_3D('',#3410,#3411,#3412);
#3410 = CARTESIAN_POINT('',(-0.32,8.9,3.53));
#3411 = DIRECTION('',(0.,0.707106781187,-0.707106781187));
#3412 = DIRECTION('',(-1.,-0.,-0.));
#3413 = ( GEOMETRIC_REPRESENTATION_CONTEXT(3) 
GLOBAL_UNCERTAINTY_ASSIGNED_CONTEXT((#3417)) 
GLOBAL_UNIT_ASSIGNED_CONTEXT((#3414,#3415,#3416)) REPRESENTATION_CONTEXT
('Context #1','3D Context with UNIT and UNCERTAINTY') );
#3414 = ( LENGTH_UNIT() NAMED_UNIT(*) SI_UNIT(.MILLI.,.METRE.) );
#3415 = ( NAMED_UNIT(*) PLANE_ANGLE_UNIT() SI_UNIT($,.RADIAN.) );
#3416 = ( NAMED_UNIT(*) SI_UNIT($,.STERADIAN.) SOLID_ANGLE_UNIT() );
#3417 = UNCERTAINTY_MEASURE_WITH_UNIT(LENGTH_MEASURE(1.E-07),#3414,
  'distance_accuracy_value','confusion accuracy');
#3418 = CONTEXT_DEPENDENT_SHAPE_REPRESENTATION(#3419,#3421);
#3419 = ( REPRESENTATION_RELATIONSHIP('','',#2934,#2899) 
REPRESENTATION_RELATIONSHIP_WITH_TRANSFORMATION(#3420) 
SHAPE_REPRESENTATION_RELATIONSHIP() );
#3420 = ITEM_DEFINED_TRANSFORMATION('','',#11,#2900);
#3421 = PRODUCT_DEFINITION_SHAPE('Placement','Placement of an item',
  #3422);
#3422 = NEXT_ASSEMBLY_USAGE_OCCURRENCE('7','0','',#2894,#2929,$);
#3423 = PRODUCT_RELATED_PRODUCT_CATEGORY('part',$,(#2931));
#3424 = CONTEXT_DEPENDENT_SHAPE_REPRESENTATION(#3425,#3427);
#3425 = ( REPRESENTATION_RELATIONSHIP('','',#2934,#2899) 
REPRESENTATION_RELATIONSHIP_WITH_TRANSFORMATION(#3426) 
SHAPE_REPRESENTATION_RELATIONSHIP() );
#3426 = ITEM_DEFINED_TRANSFORMATION('','',#11,#2904);
#3427 = PRODUCT_DEFINITION_SHAPE('Placement','Placement of an item',
  #3428);
#3428 = NEXT_ASSEMBLY_USAGE_OCCURRENCE('8','1','',#2894,#2929,$);
#3429 = CONTEXT_DEPENDENT_SHAPE_REPRESENTATION(#3430,#3432);
#3430 = ( REPRESENTATION_RELATIONSHIP('','',#2934,#2899) 
REPRESENTATION_RELATIONSHIP_WITH_TRANSFORMATION(#3431) 
SHAPE_REPRESENTATION_RELATIONSHIP() );
#3431 = ITEM_DEFINED_TRANSFORMATION('','',#11,#2908);
#3432 = PRODUCT_DEFINITION_SHAPE('Placement','Placement of an item',
  #3433);
#3433 = NEXT_ASSEMBLY_USAGE_OCCURRENCE('9','2','',#2894,#2929,$);
#3434 = CONTEXT_DEPENDENT_SHAPE_REPRESENTATION(#3435,#3437);
#3435 = ( REPRESENTATION_RELATIONSHIP('','',#2934,#2899) 
REPRESENTATION_RELATIONSHIP_WITH_TRANSFORMATION(#3436) 
SHAPE_REPRESENTATION_RELATIONSHIP() );
#3436 = ITEM_DEFINED_TRANSFORMATION('','',#11,#2912);
#3437 = PRODUCT_DEFINITION_SHAPE('Placement','Placement of an item',
  #3438);
#3438 = NEXT_ASSEMBLY_USAGE_OCCURRENCE('10','3','',#2894,#2929,$);
#3439 = MECHANICAL_DESIGN_GEOMETRIC_PRESENTATION_REPRESENTATION('',(
    #3440),#2881);
#3440 = STYLED_ITEM('color',(#3441),#37);
#3441 = PRESENTATION_STYLE_ASSIGNMENT((#3442,#3448));
#3442 = SURFACE_STYLE_USAGE(.BOTH.,#3443);
#3443 = SURFACE_SIDE_STYLE('',(#3444));
#3444 = SURFACE_STYLE_FILL_AREA(#3445);
#3445 = FILL_AREA_STYLE('',(#3446));
#3446 = FILL_AREA_STYLE_COLOUR('',#3447);
#3447 = COLOUR_RGB('',0.917647049334,0.917647049334,0.917647049334);
#3448 = CURVE_STYLE('',#3449,POSITIVE_LENGTH_MEASURE(0.1),#3450);
#3449 = DRAUGHTING_PRE_DEFINED_CURVE_FONT('continuous');
#3450 = COLOUR_RGB('',9.803921802644E-02,9.803921802644E-02,
  9.803921802644E-02);
#3451 = MECHANICAL_DESIGN_GEOMETRIC_PRESENTATION_REPRESENTATION('',(
    #3452),#3413);
#3452 = STYLED_ITEM('color',(#3453),#2935);
#3453 = PRESENTATION_STYLE_ASSIGNMENT((#3454,#3460));
#3454 = SURFACE_STYLE_USAGE(.BOTH.,#3455);
#3455 = SURFACE_SIDE_STYLE('',(#3456));
#3456 = SURFACE_STYLE_FILL_AREA(#3457);
#3457 = FILL_AREA_STYLE('',(#3458));
#3458 = FILL_AREA_STYLE_COLOUR('',#3459);
#3459 = COLOUR_RGB('',0.399999997426,0.274509816483,0.);
#3460 = CURVE_STYLE('',#3461,POSITIVE_LENGTH_MEASURE(0.1),#3450);
#3461 = DRAUGHTING_PRE_DEFINED_CURVE_FONT('continuous');
ENDSEC;
END-ISO-10303-21;
